kind,file,bytes,sha256
golden,breast_cancer_z_r1_q2_s0.qasm,483,bbb5c053effb40ee2c13d4221570a29017e3ddb1f1a48057bf51f3727603c172
golden,breast_cancer_z_r1_q2_s1.qasm,478,3971e9d70b9c194d05a6d459fd5781bfff77ede43589179e626014b072f7ec0a
golden,breast_cancer_z_r1_q2_s2.qasm,478,ff868f4b578e1827bcac3d6f78a2dd46ae2a6f66b5a55302231b99efeb9de050
golden,breast_cancer_z_r1_q4_s0.qasm,920,b069d97027ee1ffbb4cfd6cac8e9be437c4a7caf04bb7c5d33f3446bc4aa1019
golden,breast_cancer_z_r1_q4_s1.qasm,923,54705f41689303fd8fd5f807a8a2baa58926d594c752641b58169e73b1b8912d
golden,breast_cancer_z_r1_q4_s2.qasm,924,f7d4ac17de1681de60783a6ef15898058d76a070bbf7da14683365ba6f086484
golden,breast_cancer_z_r2_q2_s0.qasm,565,8bb59c7310d6897db102cbf3c345214d868c7df4e07bd343830f054b57eb3e34
golden,breast_cancer_z_r2_q2_s1.qasm,566,e550464fccf93ad3013400bacf2e038d67255fafb7d4109f82957cf6d405c788
golden,breast_cancer_z_r2_q2_s2.qasm,569,a55598c19dfaddb1afd08989e9379327aa35030468619e2bbafb89a5a7c74318
golden,breast_cancer_z_r2_q4_s0.qasm,1112,a6f18fb2ebb4c8bb05052f1ad6576badddadd8dcbb388d8e2ade3e5893390b26
golden,breast_cancer_z_r2_q4_s1.qasm,1120,c987feb32404466ef28790b0bd544c34a849ebc8e2b516010edd67049d09d388
golden,breast_cancer_z_r2_q4_s2.qasm,1118,0914e1469fa4b2afbaf6ae5bc6134cdec0f8ee44011360fba39ef72495275b41
golden,breast_cancer_z_r3_q2_s0.qasm,652,8223c161dfa327b897a4577f938a3aa981a30fb88e53140dfc9d0b595ea416ce
golden,breast_cancer_z_r3_q2_s1.qasm,653,1cf51935a8a28b97f9e6ad68007278aa1e02046d8eb0439f53012c5eaa7c2929
golden,breast_cancer_z_r3_q2_s2.qasm,653,5f65613595849d123d8bcfd23aac0c44455a250ab46859f1e439fb3f4c90559c
golden,breast_cancer_z_r3_q4_s0.qasm,1303,90832172f6225f0041bfe5a5ab717d5938bfa7d3154c4ac3217a104ae3609a48
golden,breast_cancer_z_r3_q4_s1.qasm,1310,954534845f2ea511d01ea90f8d04bfd4d6943b9f6fb1c56c2942f1fedad009d0
golden,breast_cancer_z_r3_q4_s2.qasm,1311,651b4abb6b050f620b6ebc189dc33bad9afbf6839025fe383e68e9acf0ac02d8
golden,breast_cancer_zz_r1_q2_s0.qasm,650,4327d672c1d1ed7c1b1622bb82e4e7e6ed6821c7266800f433bc0ade81a32d46
golden,breast_cancer_zz_r1_q2_s1.qasm,648,87ccc12b8f9cde9f9715420863350153daf89de4670d66497ab763405071413f
golden,breast_cancer_zz_r1_q2_s2.qasm,650,165c48fd95f8bae0d0f2f6e193056bf7f8342083c66ae8806f86182068714b35
golden,breast_cancer_zz_r1_q4_s0.qasm,1428,7b2858e5ba5b8995f3b81af2536465083346c62c5e77993d471edd709b9ce8d3
golden,breast_cancer_zz_r1_q4_s1.qasm,1429,730959836226173e71947dab183fdc7fb79baf87a12e23bec6b45202bc75130b
golden,breast_cancer_zz_r1_q4_s2.qasm,1431,323411874b84b08dc48d307a3f8bcb781643a98a8d9d6053e8a7ff2fc2886998
golden,breast_cancer_zz_r2_q2_s0.qasm,734,f1607734bc19b45182b0267b4715f32eae27c8b56ebeaf0ee756e187e1291c5e
golden,breast_cancer_zz_r2_q2_s1.qasm,737,03ab7b7fe661746b882450005a0acaa3f19b989963916576ff5925cfee80fb77
golden,breast_cancer_zz_r2_q2_s2.qasm,737,3adeefde180f0c4b6b9dae1a0a1b6e4f9c0107e1f5f39fcacdfa9566458e026b
golden,breast_cancer_zz_r2_q4_s0.qasm,1619,bc33469892c704091c41afe8176225b435c5c67b224330758bfd4a607485439c
golden,breast_cancer_zz_r2_q4_s1.qasm,1622,362ffa346fdb1abcdd508cb389fdbbbeeadd664100e71542b710dd53b5b68eea
golden,breast_cancer_zz_r2_q4_s2.qasm,1622,2a4e40b47a8cd1ddf498d80d807699457a78c8e2783d4d90556605ce342e7f27
golden,breast_cancer_zz_r3_q2_s0.qasm,818,1ff85ac561d2e2c65557149ec70c09c860d169d01a4a01b1e5d5dccc87ffcc65
golden,breast_cancer_zz_r3_q2_s1.qasm,821,a53d20b30935f1ff0d0bb2112234744ea3e4f7a91a6110c657292dce11a425e8
golden,breast_cancer_zz_r3_q2_s2.qasm,823,3bc5c3dbf77dc503d8a84ad8a8efb743c86e18ef78286cf5e189285b428d4879
golden,breast_cancer_zz_r3_q4_s0.qasm,1804,52df3d6593d778a94838bbddc82b6c1c89b7d44230bceea6522ad1f9b1ae0ed1
golden,breast_cancer_zz_r3_q4_s1.qasm,1815,011a5383db3af237d75685e193accd338c9df33aa322ffdb8d7d71a6f4e47953
golden,breast_cancer_zz_r3_q4_s2.qasm,1816,2a769830ec588a4779eb9af7ecc8d2845a216b2764f3ee0961979e896aef8587
golden,digits01_z_r1_q2_s0.qasm,481,488f8b73fe53f18a66f51be72f5254a9d34fa2931847803d775531c2ab5e1322
golden,digits01_z_r1_q2_s1.qasm,480,7cb24bfbea148f4cac67c2f6072af72ded99795e75953baeeeae570122dbc864
golden,digits01_z_r1_q2_s2.qasm,479,6b31dc88bc73d750bb53f8c6fd45b6fd8b8a20a9588d0dad38b2d4cea5c910bc
golden,digits01_z_r1_q4_s0.qasm,924,7fa6aae495c331d3bf3233b38db71b36ad4a83fa8c783601c14b04b184c711a5
golden,digits01_z_r1_q4_s1.qasm,924,43bc4d334f5e61231e32f7bbac8af67be3d59cdcf14342c2b2720589ca104e22
golden,digits01_z_r1_q4_s2.qasm,927,06d1ee1fea1e43e53b24f4a2cbbfdd7dcfeffc4dc466d6de23120e60c2533230
golden,digits01_z_r2_q2_s0.qasm,568,470eb84f38ac5eba1e93225c171ad0f65e33de2b42f1eff78510612ae8b20f9e
golden,digits01_z_r2_q2_s1.qasm,567,ed1b27691aa1a01ffd2669c10a88d61b5b298bba62d8721bbc7bc00ba0278ecb
golden,digits01_z_r2_q2_s2.qasm,570,44a7c1940334891165fbffc828207b91583c5cc50ccddeb7f26168e52bf6353f
golden,digits01_z_r2_q4_s0.qasm,1111,b7f99c90354addd2f461fb00c283e228f41a8e1b24a99bdfba9b6f681ee67735
golden,digits01_z_r2_q4_s1.qasm,1117,2eca38b14840e3eb656de75d478fc1e6e7c3003a2a52ef33756e268e3e10fd07
golden,digits01_z_r2_q4_s2.qasm,1116,934dada7a6d990b6264a47a17d8e39151f57ce680fdda7832f59adefa62d6013
golden,digits01_z_r3_q2_s0.qasm,651,2c9ff41b9fe246eae5df2f9044eb01541d5fd611af1027f0f2aa4c07af8f2ff9
golden,digits01_z_r3_q2_s1.qasm,651,9b5ccd663efd8a2716e1352ed3cd065bf2cfec2f9374aa50e449149050394555
golden,digits01_z_r3_q2_s2.qasm,653,54dbbc1e01f2fff7010b4512810d62e23fe57a1590ebcdcfcec7cd5e00be6953
golden,digits01_z_r3_q4_s0.qasm,1306,0bb4682d382430ab956204fefd71c5c93d11f81606d2e440a59987e18ca28fff
golden,digits01_z_r3_q4_s1.qasm,1313,e04a51d61e8573dbfdf6a2bda66cc5b8d2f7e591f009eba5abe976c0ddc63f64
golden,digits01_z_r3_q4_s2.qasm,1313,7b4f9ad1ceae73aaabb3b0389143267b1e6989c3aafba56d12330262ef797e3f
golden,digits01_zz_r1_q2_s0.qasm,647,6d854803960f59d735cc0f9603c204792ec5d4da9cdd83e8c0cea408839c38cd
golden,digits01_zz_r1_q2_s1.qasm,649,e3eaa2965dc1483fca5c661d19039e4185a7f4766e77437d24a95b4e4c349b02
golden,digits01_zz_r1_q2_s2.qasm,648,508a7c87dffd7066cbc6c6b452e22a9fe20dfb947f010256e7819d0cbe537785
golden,digits01_zz_r1_q4_s0.qasm,1427,ed9c63fb1f2c3e7c28f871db6b04b1269a879e03d825534f5a1005911fe651bb
golden,digits01_zz_r1_q4_s1.qasm,1426,4967db27f3eca3479f95ab001a01f989667f7f4db6891740759fe0a431b4d1ad
golden,digits01_zz_r1_q4_s2.qasm,1432,7c72656e9d3e9f102c1fb3c396483a4b779c00f7476362f179cec6fd1ee79a5a
golden,digits01_zz_r2_q2_s0.qasm,733,b6165f9460763a36ab9f8a2c2cf3cf48431209780d9b6751eb3c88dff5a89a35
golden,digits01_zz_r2_q2_s1.qasm,734,c4783f01e3f1e91d9bd01c6e2c1327d7be3e16151f1fdf37fd5bddda028efca0
golden,digits01_zz_r2_q2_s2.qasm,735,ecc5e85c41281fea2ad60e6d09ecca92495acc55e92cc3ab6ad9eae915b41cdd
golden,digits01_zz_r2_q4_s0.qasm,1618,14d9577339814b5e45415d58bc11ed5da8476923db36a77726810118ce2c78f8
golden,digits01_zz_r2_q4_s1.qasm,1620,f47994fe1760197ccb29f3969d42cba82372a5ea1b6513696d5c82d08f82fc1c
golden,digits01_zz_r2_q4_s2.qasm,1616,16de5a8c185a6914e77e3ce21b6bc1d6f25a1ccc8a8136ac205c2d098cdcef3a
golden,digits01_zz_r3_q2_s0.qasm,817,2a7b599a13098257b463b7475393e82c20d7f0d2ef27262d5d3e2e4512d9b977
golden,digits01_zz_r3_q2_s1.qasm,819,b172f6fa23e76d3f924bc11a0ae1d3a29ff6452f75d492298aa9cac95b4f09ef
golden,digits01_zz_r3_q2_s2.qasm,825,bc6dedf115d39dfb94751b205032b8eb842553eaf9d115d897a9489e9aa2bc34
golden,digits01_zz_r3_q4_s0.qasm,1812,d1fce5459cae69659c6041442537d141a40e5028dc66273316f7e92862ecbd42
golden,digits01_zz_r3_q4_s1.qasm,1824,2083f7cfbdfba44d8e13558740495b68641ba3c5d1beaee68282dad40a13be00
golden,digits01_zz_r3_q4_s2.qasm,1820,e347bb3eaacea9b1620c7c80166e9c5452766b0cff4ca73577c5ebd04618af50
golden,iris_z_r1_q2_s0.qasm,482,2aa81a8bf5f2c45bd0fe6935d52d106be870e075279e273fe53f2f3829bcef07
golden,iris_z_r1_q2_s1.qasm,480,ba315e6e3f81731662c656408d9df200a8e2e0e594c28658f063e6fb4336f19f
golden,iris_z_r1_q2_s2.qasm,482,25bfe9d2b85c9bd6b5d6bce0fc7dbad4a20dc0ef779d4145f6473d298262af80
golden,iris_z_r1_q4_s0.qasm,922,2de84f7cf2ca5875719edaadf86c4cea1195b06128d27ad9abe9e7b599c7497c
golden,iris_z_r1_q4_s1.qasm,924,bd489279a42e29b8baebc57d803fd6bd487c3e98a3b701280a462d3126abaa26
golden,iris_z_r1_q4_s2.qasm,928,cfab03d07016433ee3b8ab8520616a2f83fd74bd87c68ee7bb070d735dc30fe8
golden,iris_z_r2_q2_s0.qasm,567,2bf2302bb56d0c8fd68707b8a6265d0a0fd524e505585627c2ffa947a7ff84da
golden,iris_z_r2_q2_s1.qasm,567,324bfad3951f01cd84188b9e21a4efa35d6cd2b21e48be71ffbe7155f798a12b
golden,iris_z_r2_q2_s2.qasm,565,789093636aa39b5366b5f4d62ec2d597de38261f8d3bd4bf56ae5c3b9364dc19
golden,iris_z_r2_q4_s0.qasm,1113,5e8f59d33157801c338e3c08871d96570946acf0f3d58eca9f21c7bd87906e80
golden,iris_z_r2_q4_s1.qasm,1112,5908eb6416dd3854ae8520c80996c5d23e81a8486c412e42e803de37b5a63acc
golden,iris_z_r2_q4_s2.qasm,1119,6c02ab09fa2414731c5e441cbef9cc15726a7c009caaae08f5152db09c5f647b
golden,iris_z_r3_q2_s0.qasm,651,0577e2b316872e53be7cd8f2bcbaabc3612d05be0196a477965db5c90c9ad441
golden,iris_z_r3_q2_s1.qasm,650,fecf227af74677d12d9787700c5badd3cd47d55a902f8ea8dbda517e8ae9e942
golden,iris_z_r3_q2_s2.qasm,652,09ce8e1431469428f591f0ca102d0209f7a480b31f5fdf066409b8c11cb24713
golden,iris_z_r3_q4_s0.qasm,1308,68aea5143d1a38a925434fab1d83354064677c1920bc382f8a0e14bcdb6d601d
golden,iris_z_r3_q4_s1.qasm,1307,d64b9ac0f6340dbdfd9131040086530b5dacd647191b37de69c5ec058c89520a
golden,iris_z_r3_q4_s2.qasm,1314,987cea320c1cf08eb2c4835d8e97741638a3d0cdb969d80b0f99c9ba8d5c1141
golden,iris_zz_r1_q2_s0.qasm,650,bc8056a8dfd45fcdb30718ef536043ce21c3ab1c692cd26dbaea7078efa58428
golden,iris_zz_r1_q2_s1.qasm,648,6022d858eb3b00b3c5f038fa2761703a02d43836c5210954326e43cb31335f3c
golden,iris_zz_r1_q2_s2.qasm,651,b571fd7da15bc70ea1d5e88d1209be9482694d513a34ba68daa911dd46c97684
golden,iris_zz_r1_q4_s0.qasm,1427,08553ff7628c47ced43ca756c673e0f2c0b4c5945a5f83199e74c48f83547c7e
golden,iris_zz_r1_q4_s1.qasm,1428,5a75c8dbf2fc4c29a773ba0713e81660615f274589a06ca35f3124039932a8ff
golden,iris_zz_r1_q4_s2.qasm,1429,b5a5cb11aea4b4f4fb9717f241e45f957063b8747306c850d285577ca3b5c22c
golden,iris_zz_r2_q2_s0.qasm,734,62600bd16084ecbab9adb0a9eaa8c121f0252543e5d15df296369d0acfd03b02
golden,iris_zz_r2_q2_s1.qasm,736,7e3d3e90a7b08c2100e94941f5868833b97f023d1a8bffb2d06e0b0d91ad1228
golden,iris_zz_r2_q2_s2.qasm,737,897b290a9ffcc4cb9e417c5f21c4026865bdebf1f8f5a7109ca190b4b20b9901
golden,iris_zz_r2_q4_s0.qasm,1617,2631d6439479cc5492e9c2d5febc935a6fb394e70045888378429eea2e2a25eb
golden,iris_zz_r2_q4_s1.qasm,1616,63510f789922ca688baf7af556abf654e9b2d3fe9cdb1c9019a4cc14e86ca319
golden,iris_zz_r2_q4_s2.qasm,1620,ecba0c69c9237de8088c99e58fc8c26392d656c770ff910f5b970bda123872b9
golden,iris_zz_r3_q2_s0.qasm,818,446ca33978f1743781683607fe0571807d794b745424deabd3b92116582da88f
golden,iris_zz_r3_q2_s1.qasm,823,bcb1ccc29ad3a6392837f67b6956fa71db270c43e675f68f03ddbd8952892ef2
golden,iris_zz_r3_q2_s2.qasm,818,94e843dd20d9a403bfb1c91b199419f80150ae476998617f7f735b6ee44055b0
golden,iris_zz_r3_q4_s0.qasm,1808,71ec22bba41c9e027adebf82f254ced729e074317542ce283736b6ac2c2b98db
golden,iris_zz_r3_q4_s1.qasm,1809,497765ee92bb275dcb38b857d3b446a814f0cfd97cc601f6db889bf0102a4000
golden,iris_zz_r3_q4_s2.qasm,1813,0293449e5487119630574db3b0ce77a4996840073e450c37d8ca6b9d758ea6f9
infected,breast_cancer_z_r1_q2_s0__h_controlled_s2.qasm,494,d78e91fda7014ba693ec64bfeaf6bfe3df969fb47cd4163e00049d798821664b
infected,breast_cancer_z_r1_q2_s0__h_idle_s1.qasm,494,ec11ec9b735316d5fa49f5dbeda7a1eb181f12b51264141a96a92e8dc487b053
infected,breast_cancer_z_r1_q2_s0__h_random_s0.qasm,494,422bf6821330978a73dfb014cabe9b7e7f310c29f1ede8b914529cc95b9f6653
infected,breast_cancer_z_r1_q2_s0__t_controlled_s12.qasm,494,532056eca72500d9fee581a33ba1b9bd7aa78ec41467dd78bff631be67dcbcb8
infected,breast_cancer_z_r1_q2_s0__t_idle_s11.qasm,494,09baf77394076da52faa6a9652ffc5721487e5cfe0db3232dcd8f17ae9555449
infected,breast_cancer_z_r1_q2_s0__t_random_s10.qasm,494,f31759edee184e4601d13263a4e46afabb2e0c4b13a47081f9784641ebaa7de3
infected,breast_cancer_z_r1_q2_s0__x_controlled_s22.qasm,494,8745f6a2f541a903ba487161ba22468a3a3927169562d93d4dd3d2a0f705ce5a
infected,breast_cancer_z_r1_q2_s0__x_idle_s21.qasm,494,bd51f5656e88d405ca3941dd038b3a99a9e8638d97f9dbf399cf69078b616905
infected,breast_cancer_z_r1_q2_s0__x_random_s20.qasm,494,d0ba17b60a7cb94d2fcb0f2818474e3a103c3ae62df3f21b4dc6c1afa2522337
infected,breast_cancer_z_r1_q2_s0__y_controlled_s32.qasm,494,a68a8bdcdcfc942cd945cb241df31e3fe1ec908d64815803f728f5b6f80ba035
infected,breast_cancer_z_r1_q2_s0__y_idle_s31.qasm,494,8b81f355890281fcebf776b3fd668fac8d4545a6da2bb64317ebff03fd27ffeb
infected,breast_cancer_z_r1_q2_s0__y_random_s30.qasm,494,0d053a2fe88b14636df8dda1b32daa2a8e3efedc82274747f027f8a325059329
infected,breast_cancer_z_r1_q2_s0__z_controlled_s42.qasm,494,84f1851ca81c4a7a3695df0d92f9020546c28dbc47d5da47cb52ad9892350459
infected,breast_cancer_z_r1_q2_s0__z_idle_s41.qasm,494,5ea829000c492b1428e1b0136d44457bcbd40cd8471f8835ab74e41dcdef0950
infected,breast_cancer_z_r1_q2_s0__z_random_s40.qasm,494,aaf8ddba1a75f5eedcea9ad2f14f4b540b82da178625f4ed461ccd2469ec730a
infected,breast_cancer_z_r1_q2_s1__h_controlled_s1002.qasm,489,0005e7757991599accfab16934891c330b6ab055ee025ba48ae7844ff3f9737e
infected,breast_cancer_z_r1_q2_s1__h_idle_s1001.qasm,489,fe79deb61a2b798ecee5bfe380808c64a7ddc8eb8d7e7d3dc5b09e37a91ae9fe
infected,breast_cancer_z_r1_q2_s1__h_random_s1000.qasm,489,0005e7757991599accfab16934891c330b6ab055ee025ba48ae7844ff3f9737e
infected,breast_cancer_z_r1_q2_s1__t_controlled_s1012.qasm,489,263244b0e6c184a914efcf5633a23cd633b4ef5541cc745e980564debda10a4f
infected,breast_cancer_z_r1_q2_s1__t_idle_s1011.qasm,489,8d5cf8e6ca4c7abdf623e8ce03b7adcabb823beaca0cc200841e7a7c23e4a631
infected,breast_cancer_z_r1_q2_s1__t_random_s1010.qasm,489,3bf741341b8ad27cef547d6dd3b11f35c71eba380b6eaa4e0d72621544b3ec9d
infected,breast_cancer_z_r1_q2_s1__x_controlled_s1022.qasm,489,08192329f4ca1a8d225917ef15f699724b5f649f4e5542335bb1944d65e9d7fe
infected,breast_cancer_z_r1_q2_s1__x_idle_s1021.qasm,489,921a3820ec8e9efa7f172366b5604d2bfc3ff8681ebe189eff1fa109fa4f9346
infected,breast_cancer_z_r1_q2_s1__x_random_s1020.qasm,489,478e8f0765f21a22e7e2feddfb1e115750e05933e98915fd21d16ee195e2de5a
infected,breast_cancer_z_r1_q2_s1__y_controlled_s1032.qasm,489,279e217a82adbadd2b7f73256f7ecc93f30a96265e444ccf45058745e991e137
infected,breast_cancer_z_r1_q2_s1__y_idle_s1031.qasm,489,88023c96fa6c42036badcb294162e192b4d4fa98eedda03b6cc2aef9a538e4ee
infected,breast_cancer_z_r1_q2_s1__y_random_s1030.qasm,489,f93a3d4c9729793ad1854495cdba22ec8a8f08174a25b7df61b691c84b2804c5
infected,breast_cancer_z_r1_q2_s1__z_controlled_s1042.qasm,489,f64d0b8b1a5d37688de1977180f24c2b394f2ea417aca3182a5da0404c466eb6
infected,breast_cancer_z_r1_q2_s1__z_idle_s1041.qasm,489,aad19ea6f2afff2533190bdf25bd753fa532356d2860715370bd2f02c525e85b
infected,breast_cancer_z_r1_q2_s1__z_random_s1040.qasm,489,5d3a908a02252e084d6e77de875bfa2a5e1f95a4fb6a912da14118cbe4f16880
infected,breast_cancer_z_r1_q2_s2__h_controlled_s2002.qasm,489,ff3da54e4dc1797d4b219c6456052515a812920dfb0a4c8cf0fb39cb371cae5e
infected,breast_cancer_z_r1_q2_s2__h_idle_s2001.qasm,489,1a4085cedf8f8faa5035c530fa3013349e3b32d15f9229a9c25f652698901f4e
infected,breast_cancer_z_r1_q2_s2__h_random_s2000.qasm,489,885facddd185857e7a9629524d26a9283522363f51c90dd3efb5b328f62a2d22
infected,breast_cancer_z_r1_q2_s2__t_controlled_s2012.qasm,489,cf15c17663b67e012b7de547a8228445ed06e1218cb1d08d8cb79beb67758b61
infected,breast_cancer_z_r1_q2_s2__t_idle_s2011.qasm,489,b0cf417b772a0a1ac6b1599e07b93bd44616155b1c1790ba0723fd943009bc35
infected,breast_cancer_z_r1_q2_s2__t_random_s2010.qasm,489,08bd77764365037c3d4f2b0b6f41b4da66fb9792fcbea34bd287348f11f667db
infected,breast_cancer_z_r1_q2_s2__x_controlled_s2022.qasm,489,38fbe5c2960c9a81e3abffeaded62a81bbf0afe1c20851f225e29daab9ab01ba
infected,breast_cancer_z_r1_q2_s2__x_idle_s2021.qasm,489,955c9957fc9121c5da0f98026209d41105352b5efc497a24dbd1a41a1175db10
infected,breast_cancer_z_r1_q2_s2__x_random_s2020.qasm,489,38fbe5c2960c9a81e3abffeaded62a81bbf0afe1c20851f225e29daab9ab01ba
infected,breast_cancer_z_r1_q2_s2__y_controlled_s2032.qasm,489,f8fed6abf68060e41ef72bf14065052e47ff99957992827c120abbd36acf2497
infected,breast_cancer_z_r1_q2_s2__y_idle_s2031.qasm,489,665b6b5da58927d56531b12d070cc60f1b0cbfdb17879370728311203c50bb8a
infected,breast_cancer_z_r1_q2_s2__y_random_s2030.qasm,489,cdc11a7eca718b49350afd7bb891b58a553daa59bcd6684b85fb337ac7306992
infected,breast_cancer_z_r1_q2_s2__z_controlled_s2042.qasm,489,38bf255be9b53443a0c2852b33d1050ec975e2ca1e21c9b5ced8c8494ef06575
infected,breast_cancer_z_r1_q2_s2__z_idle_s2041.qasm,489,6666e341432af1f3efc99e92c9e789189e4952e32e1d71cbff020193cfadf76d
infected,breast_cancer_z_r1_q2_s2__z_random_s2040.qasm,489,4e4385617e7799f84cf254430b5509dd0a909a70f4286b0cae3118515c4234c3
infected,breast_cancer_z_r1_q4_s0__h_controlled_s2.qasm,931,fe6a9c17a2b6eb8db8fa0e7fe9955b531b8f4a2bcbe87732184268c4f980bed3
infected,breast_cancer_z_r1_q4_s0__h_idle_s1.qasm,931,7e2821e02244aeb14a3126c66de89fc6c954389df052908c1c5b027c1993e631
infected,breast_cancer_z_r1_q4_s0__h_random_s0.qasm,931,c76d0ef970a2f44d48e4db8d82430a54f34ea2678b217430568a47c2d93e697b
infected,breast_cancer_z_r1_q4_s0__t_controlled_s12.qasm,931,156f8a3806a592fbb2fae56ad81016fde76fc9a849b4dc2768731ebe16429a10
infected,breast_cancer_z_r1_q4_s0__t_idle_s11.qasm,931,7f9bce8c3c22e97f42224ea24239ef034208e9631b752283f1168ac10fb2cfe0
infected,breast_cancer_z_r1_q4_s0__t_random_s10.qasm,931,bb9f9f6c0ffee25e1ad1dc04db0a46b2ebd898ffc220aea3571cbf5aafe7dd40
infected,breast_cancer_z_r1_q4_s0__x_controlled_s22.qasm,931,575c6a5790ee9e104184ef8b370df7b453f76e55a61bbdd7c5a9ed9dbe22e8df
infected,breast_cancer_z_r1_q4_s0__x_idle_s21.qasm,931,1dda39041a0991abd62f3e39f4f5c5c63f0c6242bd601aaf982047e15534e047
infected,breast_cancer_z_r1_q4_s0__x_random_s20.qasm,931,3b908eb1b54e2d50bf4b50d9485507f42cfa29e135f31db8d2f5ff01d38103f2
infected,breast_cancer_z_r1_q4_s0__y_controlled_s32.qasm,931,8b860a924414429841059d11890e303f76fd3599b4fb82fbc899f543aed52b62
infected,breast_cancer_z_r1_q4_s0__y_idle_s31.qasm,931,01e8112eaff55b6610ee60b11517b3a13efe6a8ae9b101a8dc1d20172fb744c6
infected,breast_cancer_z_r1_q4_s0__y_random_s30.qasm,931,f5f24f1768b35932899f00233edcd124fd3c01a54ae0c0992ef0a76e627c8797
infected,breast_cancer_z_r1_q4_s0__z_controlled_s42.qasm,931,370e62062ca92e51e3da2f96a7caa1e8c21ebd1bb4d4e534dbda96c2f814a9b2
infected,breast_cancer_z_r1_q4_s0__z_idle_s41.qasm,931,08d251cd9c29a9126c644f2be5e5d74653990958c552940802d7f50f2cd781ea
infected,breast_cancer_z_r1_q4_s0__z_random_s40.qasm,931,8f045311ad1bc9d8f984f0cdab8ad16784116bb6ce9459e4188f8e51ab868c11
infected,breast_cancer_z_r1_q4_s1__h_controlled_s1002.qasm,934,e699f9c72d717968f7851795c6ed9036de78f70f7da63da7f00575376408ff85
infected,breast_cancer_z_r1_q4_s1__h_idle_s1001.qasm,934,a670839d55d782377caf0b9fb3814f0fd5b28424cf8bbe1f9744a67d903e3297
infected,breast_cancer_z_r1_q4_s1__h_random_s1000.qasm,934,e699f9c72d717968f7851795c6ed9036de78f70f7da63da7f00575376408ff85
infected,breast_cancer_z_r1_q4_s1__t_controlled_s1012.qasm,934,16e9089103f4a0ab7336a05e99c39a04beb9d5c2d48d608e8332d5a880e241cd
infected,breast_cancer_z_r1_q4_s1__t_idle_s1011.qasm,934,da51588fa83cc3c3b18fb450f92b4d06b15c5235676b2a8d743c1d71246ce04e
infected,breast_cancer_z_r1_q4_s1__t_random_s1010.qasm,934,40a19cbe73a845d49c413cb9ac228b371195922b5692c1a62985686bdf41e479
infected,breast_cancer_z_r1_q4_s1__x_controlled_s1022.qasm,934,c1dc11948af9283cc78458fd519939626d65956406dbe5b685ebb83e52246c43
infected,breast_cancer_z_r1_q4_s1__x_idle_s1021.qasm,934,d3d5176ef81aafe59d70b7c5845bb4953621c869743b09782ff4cc3708f3b015
infected,breast_cancer_z_r1_q4_s1__x_random_s1020.qasm,934,cada567516a5a791656ac68dbac1c720dcae4fed86703b981872f06646f60819
infected,breast_cancer_z_r1_q4_s1__y_controlled_s1032.qasm,934,3b38e2db73554d492a98ac25f8f752b5cbb0c28e094c5c066e83883ceab058f6
infected,breast_cancer_z_r1_q4_s1__y_idle_s1031.qasm,934,423ceca1414b53ab3205f8917bd23f10991eec9cc93fc10fdc5f8035a3232ffe
infected,breast_cancer_z_r1_q4_s1__y_random_s1030.qasm,934,fcc26a2f0bbf631abc5dc8c43e745b3c745f765facafc3d70a61d1a00f1d73a1
infected,breast_cancer_z_r1_q4_s1__z_controlled_s1042.qasm,934,21bbf686f2308bcd24e48a3467cff85b4e23d14ac58b38b84bc4b1cbcddd976d
infected,breast_cancer_z_r1_q4_s1__z_idle_s1041.qasm,934,b932d5db297836979b8fbcf8d7278bf6245827db7e3f1e7f86cda51393931e9b
infected,breast_cancer_z_r1_q4_s1__z_random_s1040.qasm,934,c2090aff48bf48bd184535660b1431f924f86f029d784f0e9b55490f7e365a81
infected,breast_cancer_z_r1_q4_s2__h_controlled_s2002.qasm,935,eb74db7c406878246f8dd7d063e342570679853d303a33bc89ab868537aa8018
infected,breast_cancer_z_r1_q4_s2__h_idle_s2001.qasm,935,fcebee446e8978deee8b4907e86287663fe9eeaa0d2fb05f1d9e8ec60ba0ab94
infected,breast_cancer_z_r1_q4_s2__h_random_s2000.qasm,935,fcebee446e8978deee8b4907e86287663fe9eeaa0d2fb05f1d9e8ec60ba0ab94
infected,breast_cancer_z_r1_q4_s2__t_controlled_s2012.qasm,935,f145459a5949a40e5459f1cdc00a45865dc833dadc493ab7cd9ff25f9a130b50
infected,breast_cancer_z_r1_q4_s2__t_idle_s2011.qasm,935,28cc600317871d3cf9a55b4674e5695bab6ab94bfdaa12a02f90f1ee53ed952c
infected,breast_cancer_z_r1_q4_s2__t_random_s2010.qasm,935,a57c80a1c63e87a4aa577923cd1640040e1a8dcd6710d70686181a6bf04604cc
infected,breast_cancer_z_r1_q4_s2__x_controlled_s2022.qasm,935,6d6284281f888245837576051a2b41823dcbc3f774b4792c7cb3dac74f2723cc
infected,breast_cancer_z_r1_q4_s2__x_idle_s2021.qasm,935,3b9ebf3234d9acafcca0c51cd0ec10a2896ebfa890bd02277eee934bc09968e6
infected,breast_cancer_z_r1_q4_s2__x_random_s2020.qasm,935,6d6284281f888245837576051a2b41823dcbc3f774b4792c7cb3dac74f2723cc
infected,breast_cancer_z_r1_q4_s2__y_controlled_s2032.qasm,935,9f50cfcb54fae122ec6dfd24a1187c4861ba07c3e957e2fbbb8d3b28b31d9f01
infected,breast_cancer_z_r1_q4_s2__y_idle_s2031.qasm,935,96abc98ebf2b9262629b9b84e286adb2edf43a71a0836cba00da0fe8630621e7
infected,breast_cancer_z_r1_q4_s2__y_random_s2030.qasm,935,a329f24b7418eecf74320381ae986613e7d175dded11a4f76e4c887a7570383b
infected,breast_cancer_z_r1_q4_s2__z_controlled_s2042.qasm,935,adbce6c5acfb1e10cc93aaf5b08501c2498348b6805adbab09908b2eca179381
infected,breast_cancer_z_r1_q4_s2__z_idle_s2041.qasm,935,060f2d54885bd9f0e28eee6ce8f8e3e400987db333a8c8c08443c8b510a381b8
infected,breast_cancer_z_r1_q4_s2__z_random_s2040.qasm,935,eb8a314947806cd620d6a5df41cededca0f47e4689fee3407de86cb36765dc55
infected,breast_cancer_z_r2_q2_s0__h_controlled_s2.qasm,576,87263cfa2a96532ef8a0635e24778a6a058c77f3c5559d73c593af540962cef0
infected,breast_cancer_z_r2_q2_s0__h_idle_s1.qasm,576,2a2d041fc2c6749ed87b43b34fe463b9773a65faf2b984213fd9344d0351bbab
infected,breast_cancer_z_r2_q2_s0__h_random_s0.qasm,576,2110db8e21fb7a2f331b9e2688e3335e8760c619398e9a387d772e1688ba9156
infected,breast_cancer_z_r2_q2_s0__t_controlled_s12.qasm,576,93757fb64ecb4d895f118ff803671c6168ed9e013df61c393ce909d5925c3916
infected,breast_cancer_z_r2_q2_s0__t_idle_s11.qasm,576,6cdc410aa486905df92f75196c790f29915419041928c8874b440007197193ad
infected,breast_cancer_z_r2_q2_s0__t_random_s10.qasm,576,0d13a36ce2d94d2af20d2a73e9a8a3961d4632148e13c7ded7daa328e03721b4
infected,breast_cancer_z_r2_q2_s0__x_controlled_s22.qasm,576,61c1f9e19bc57c1e2ee59c30eb3b197a9dbea7824b35e811998cc26efcea8cfc
infected,breast_cancer_z_r2_q2_s0__x_idle_s21.qasm,576,40ee4d3888517d0a7f8c8293ab69ebc33d77dbc24e14eb80b09e0ebc927d820f
infected,breast_cancer_z_r2_q2_s0__x_random_s20.qasm,576,5f539e72e56231f78434ee93185dd6d6d917ffb55cac1b72a60580943b586c7a
infected,breast_cancer_z_r2_q2_s0__y_controlled_s32.qasm,576,74b1a392e1113b332eba3977408aca50e34bc7427c08c8911253d3b0c5bafb10
infected,breast_cancer_z_r2_q2_s0__y_idle_s31.qasm,576,4d213f767519afa0a7e2232d34d1d87326a858037341c447d34e59362a8830a7
infected,breast_cancer_z_r2_q2_s0__y_random_s30.qasm,576,a01aeef99ac393caf767bdd7756caf020e9a3078bc40f3abe20061af907a2299
infected,breast_cancer_z_r2_q2_s0__z_controlled_s42.qasm,576,5c35186df85de0bb335a85a8dccbbb3a64d39b7df5e0dc00b959ff44b994c43c
infected,breast_cancer_z_r2_q2_s0__z_idle_s41.qasm,576,0d405cc4dcaa2a20158f9cfbb6839dd164e7102e8391af9f523253660340ebfd
infected,breast_cancer_z_r2_q2_s0__z_random_s40.qasm,576,fcc1dbe0abccd75ab3b906e39202d61981219f318355255b075d1b4fce27481f
infected,breast_cancer_z_r2_q2_s1__h_controlled_s1002.qasm,577,38f9e68fc8c54f9fd7ccd598f7e9025701f61abf443cee8583854c5a5cc64434
infected,breast_cancer_z_r2_q2_s1__h_idle_s1001.qasm,577,fe5a0a73dc13d9fe77671afb27c4e9957fbc94f5a10d7fbbaecd25027695498a
infected,breast_cancer_z_r2_q2_s1__h_random_s1000.qasm,577,4c80cc8f1c83e58369f3b660de2cd86693dd4e1e7fc95d1f688fe8b90723b9cc
infected,breast_cancer_z_r2_q2_s1__t_controlled_s1012.qasm,577,20cddc55270f01531296b3ba93aa515a8385761300c43bcca8f3f885a5e8c7a1
infected,breast_cancer_z_r2_q2_s1__t_idle_s1011.qasm,577,adbec1637b0a70c00d5f3f89837dffc536f5c4a04ef9fe3fde5b5ca429d5337d
infected,breast_cancer_z_r2_q2_s1__t_random_s1010.qasm,577,1b0567148b70a74bb87e861a7b1429dad62948f206c2507c6b15c78420132463
infected,breast_cancer_z_r2_q2_s1__x_controlled_s1022.qasm,577,90b9e882462123a0415554a5ceaea021a1de73b3506a29fdeb6d2006f9da7813
infected,breast_cancer_z_r2_q2_s1__x_idle_s1021.qasm,577,cbbf62af2b8dde2fa413c01f41542a2f3f3c52bf864215d16fd7a4c249e53b63
infected,breast_cancer_z_r2_q2_s1__x_random_s1020.qasm,577,ce4fe2ef6abcce0f3ed7a0fe178c59c1e969b9b8ec43edb76085c300e5c2addc
infected,breast_cancer_z_r2_q2_s1__y_controlled_s1032.qasm,577,eb963a30a7c3a26cc82a709db8f746cbeef2006a610c5b16c4dc2f64a6e2d7ae
infected,breast_cancer_z_r2_q2_s1__y_idle_s1031.qasm,577,2ffaab8335fc966ae6b02e4c6b448978ef6af5aa010b53eaf59bfdccfb93aa60
infected,breast_cancer_z_r2_q2_s1__y_random_s1030.qasm,577,99e4c0814efb0093e1d08c0c0f2b000efa051e2a7fcf54d5766bb777ae02b9c6
infected,breast_cancer_z_r2_q2_s1__z_controlled_s1042.qasm,577,df92a79005af55592321784f1fb84c8f939dffa7ca64a186f52fc0b1c50e2cd6
infected,breast_cancer_z_r2_q2_s1__z_idle_s1041.qasm,577,eba688f6f44a0642e56a238a34b0b10843e9ee6c13228fd6588a05908f6f427e
infected,breast_cancer_z_r2_q2_s1__z_random_s1040.qasm,577,d80e623c545589c404f43b0e25f5194c02ef43fa4d7ca94295bd4f89816c8c9c
infected,breast_cancer_z_r2_q2_s2__h_controlled_s2002.qasm,580,de34fb390b522360037b650fa2a0629957177ed431dcdc2875757ba2e48262de
infected,breast_cancer_z_r2_q2_s2__h_idle_s2001.qasm,580,2eae01661a29f12df5645093bfdd2b35f43f0649de9891765e3824a92d1e3dc8
infected,breast_cancer_z_r2_q2_s2__h_random_s2000.qasm,580,4d326814bd425b1198950d060cf217c28fecfff0a1d42504b7491aa367daee50
infected,breast_cancer_z_r2_q2_s2__t_controlled_s2012.qasm,580,de83f499147d7161d0a8d268f8ea11d7d1d738e7401bf1f5394cb6ae135dd0e4
infected,breast_cancer_z_r2_q2_s2__t_idle_s2011.qasm,580,cc38992d5d67c056713a557fba9ff1bb989844cce2f51b36018fccff687b1b4d
infected,breast_cancer_z_r2_q2_s2__t_random_s2010.qasm,580,b6953f33bda94f3e32d9b54f249a9985c4a2463f65ddfdfe8624684f4f1d4eff
infected,breast_cancer_z_r2_q2_s2__x_controlled_s2022.qasm,580,77bc747a18715e64f2fecadc7a1a6108c029e1624fe7e6fadc8b708d5ae154a4
infected,breast_cancer_z_r2_q2_s2__x_idle_s2021.qasm,580,d6bc581f4e3102e0fc8792d25b07a275673df9609e1ca9c96dbf7de2c53c0928
infected,breast_cancer_z_r2_q2_s2__x_random_s2020.qasm,580,405f791520b1ebbe2341e07bc5f9db5a81d5763b94cb54e5da505195b7105dce
infected,breast_cancer_z_r2_q2_s2__y_controlled_s2032.qasm,580,c23f4dbfcbf0877f6e9d6aa73c568e0fd1db57777d99d84f77b29fe4ba098ff5
infected,breast_cancer_z_r2_q2_s2__y_idle_s2031.qasm,580,47299bba15b0fc53d79df202245eb4faa5e0716d86b68d96cd6ec87bd271af5a
infected,breast_cancer_z_r2_q2_s2__y_random_s2030.qasm,580,c23f4dbfcbf0877f6e9d6aa73c568e0fd1db57777d99d84f77b29fe4ba098ff5
infected,breast_cancer_z_r2_q2_s2__z_controlled_s2042.qasm,580,714f97da13e738038e0d126ddc44a4dfa470c35d918fc6c0f146c03e398458f0
infected,breast_cancer_z_r2_q2_s2__z_idle_s2041.qasm,580,f31e13a9f96be1542a7efa91ee11162366dfabaf02e6588eee555e2083e35d1b
infected,breast_cancer_z_r2_q2_s2__z_random_s2040.qasm,580,f5e7a7926dabf4c710c8b65adea10f3ae716e07b0915fc742753f3ba500b2e5f
infected,breast_cancer_z_r2_q4_s0__h_controlled_s2.qasm,1123,f6d7978e8a8d2758831947c1a65fc9bfc451e904c51446dac3902c034f37b9f6
infected,breast_cancer_z_r2_q4_s0__h_idle_s1.qasm,1123,ffc3f0fa6aa4fc5eabe9bfde4471ba326d9e4cb58b81befa3dbb242243f034af
infected,breast_cancer_z_r2_q4_s0__h_random_s0.qasm,1123,e8077dfc9b8b433f89d5141b84d07c136a5b0cbc9235bfb39c4c71cae5b63d7a
infected,breast_cancer_z_r2_q4_s0__t_controlled_s12.qasm,1123,e38a9c7439163f4b00050e8aff287cda839564d482eef842af8e05e70c4a884c
infected,breast_cancer_z_r2_q4_s0__t_idle_s11.qasm,1123,1443a04f02a611979f153c142d42323f89ec2038e6d7742a2801dbe5ddb1aee8
infected,breast_cancer_z_r2_q4_s0__t_random_s10.qasm,1123,1a4343587c47fee0906b9fb7dd754a5b3944b533015c98d32b9ee3208494f414
infected,breast_cancer_z_r2_q4_s0__x_controlled_s22.qasm,1123,ff7f5dd04f54e73ab971a0796876b2c121a669267a93de0fcc87d04cde153607
infected,breast_cancer_z_r2_q4_s0__x_idle_s21.qasm,1123,02ae87c072c0040a12e00f4c670b5c122557227e152266d8e904643584ebe2f3
infected,breast_cancer_z_r2_q4_s0__x_random_s20.qasm,1123,c80d13bb87da431d3a3c041bfbc3e175068f8392a0de43aa68996d81ee71aa67
infected,breast_cancer_z_r2_q4_s0__y_controlled_s32.qasm,1123,1ea32476321bc2f7bcb1e2c0e8b8a56e1eb9f1d54332dc96ea6122d9d213e6d3
infected,breast_cancer_z_r2_q4_s0__y_idle_s31.qasm,1123,f15a8a1ce21cc5c9596c21be4f6958e13e044c7706a32c1532ec4996f6508368
infected,breast_cancer_z_r2_q4_s0__y_random_s30.qasm,1123,c8c42010d5cc8a1395ab77dfc5371bf690ee98d435df4da0fd8babe08c29d830
infected,breast_cancer_z_r2_q4_s0__z_controlled_s42.qasm,1123,f10e0bcf92044dcea1f1abb2cb22adc125066738b83d0d67b9d42cd659ac3471
infected,breast_cancer_z_r2_q4_s0__z_idle_s41.qasm,1123,f8407b04eac1635267f8aa81565bfb01963b5ba84451259f730d72d9e6615f69
infected,breast_cancer_z_r2_q4_s0__z_random_s40.qasm,1123,b830e25b8e33d08c7369be7bfd26676986d375da3be65b13760c4ad08c9067b0
infected,breast_cancer_z_r2_q4_s1__h_controlled_s1002.qasm,1131,c4f7aa9ad1110ce28fcc911aca027e3998accb1bf301e0c6493898958e9b8814
infected,breast_cancer_z_r2_q4_s1__h_idle_s1001.qasm,1131,40ffd9502a46349f6d737782a20be1da317cd1f63ae83acc677ab33b1f479b13
infected,breast_cancer_z_r2_q4_s1__h_random_s1000.qasm,1131,b732b0b153f9f0b0de16951be39799f7bee9cbc0074da3e8b3f0796250a44be8
infected,breast_cancer_z_r2_q4_s1__t_controlled_s1012.qasm,1131,8cd5f838b6f64ba8fd777c2229d90f8c05a6dbf7ef685a4dafecf77145c25f09
infected,breast_cancer_z_r2_q4_s1__t_idle_s1011.qasm,1131,06f70c5585e3659cc545e8c3dac4347b23bbc7ae3bfc36af8d00633fe4cd9c55
infected,breast_cancer_z_r2_q4_s1__t_random_s1010.qasm,1131,ac13cbe37ae331bc572a254f29bc8d925aaba798918cea8cb160bf4d2765dc4e
infected,breast_cancer_z_r2_q4_s1__x_controlled_s1022.qasm,1131,7a8a924681bc952c1187ddb1e92b261d459dfaefdbac3b86317bc06282abb00f
infected,breast_cancer_z_r2_q4_s1__x_idle_s1021.qasm,1131,e38b43ba102552e0267677aeb01ac7040f2c4741635cbf3e75aeb17426c68d42
infected,breast_cancer_z_r2_q4_s1__x_random_s1020.qasm,1131,079983060c6d983ded5158151c9e52b77ba725168012d9300b72a02c36ba7d1c
infected,breast_cancer_z_r2_q4_s1__y_controlled_s1032.qasm,1131,518f59eb6a7d9e8eac170ed2acf979123efe2703cc118d5248cc1a97ea8cda63
infected,breast_cancer_z_r2_q4_s1__y_idle_s1031.qasm,1131,f1b301ce1d4ebe0fc033bb9ca552ee74c5181b024b7ab655c5f0c0d851911c95
infected,breast_cancer_z_r2_q4_s1__y_random_s1030.qasm,1131,213c68f7109568cdfcc4dfb11d10a28517d2c42c0c1fa1abbb0a41902a32d6e7
infected,breast_cancer_z_r2_q4_s1__z_controlled_s1042.qasm,1131,07b24b4b7b9c8235f7eb812a22cb732d911f337fb2bea1480c8a63306a611e48
infected,breast_cancer_z_r2_q4_s1__z_idle_s1041.qasm,1131,967a6a206794748cf05e07abd419dca95d42589cec2a89682e344407d3334b4c
infected,breast_cancer_z_r2_q4_s1__z_random_s1040.qasm,1131,56bdbb0f4c6e1222ad12b55a8be19df7ac1a5c4469c50505bd1dfb0c75bd6b66
infected,breast_cancer_z_r2_q4_s2__h_controlled_s2002.qasm,1129,a6869ce63fdb6d74f064e75bbb2b88381a146ba87679be9b68f2b447f83ccf57
infected,breast_cancer_z_r2_q4_s2__h_idle_s2001.qasm,1129,2dba6a3037af6734a795a2f9a6137aae76422b23b30ca088af85f0520f846c87
infected,breast_cancer_z_r2_q4_s2__h_random_s2000.qasm,1129,d1459c2f385dc54bb1e80137e8694544ceecded44c074c61b6de4c3a5ea11529
infected,breast_cancer_z_r2_q4_s2__t_controlled_s2012.qasm,1129,c8baa97934138b613e50f8e62a7f386e401756e4a7417d434650806677f448b0
infected,breast_cancer_z_r2_q4_s2__t_idle_s2011.qasm,1129,45563842b2673d487fc1b9c5084ab50c2cd248993a321551a5e7910709e79282
infected,breast_cancer_z_r2_q4_s2__t_random_s2010.qasm,1129,f98a6285bbea688d4df4f6185ba86bb8883b3c9f2164338e95601f462ea48567
infected,breast_cancer_z_r2_q4_s2__x_controlled_s2022.qasm,1129,1434b84c668bbbc3a7a4e522614fc2535a156fa9f1cce4947049839a808b0f2f
infected,breast_cancer_z_r2_q4_s2__x_idle_s2021.qasm,1129,e1f383d0210e24441600202494dfbb06e8824e898f73af7b5838b7068c9fb092
infected,breast_cancer_z_r2_q4_s2__x_random_s2020.qasm,1129,a88427be493cc6e0d931308c08c55ec49da1f488ddadab12ab43d5a2738333a9
infected,breast_cancer_z_r2_q4_s2__y_controlled_s2032.qasm,1129,02b8dddfb9c812e372ae34737de91db749a2e1c20e3b2fe51e64c66a5bafdb77
infected,breast_cancer_z_r2_q4_s2__y_idle_s2031.qasm,1129,95751ea03bed96a4d0f8390cb79326a280fac302f799060ed6f9cff810732639
infected,breast_cancer_z_r2_q4_s2__y_random_s2030.qasm,1129,02b8dddfb9c812e372ae34737de91db749a2e1c20e3b2fe51e64c66a5bafdb77
infected,breast_cancer_z_r2_q4_s2__z_controlled_s2042.qasm,1129,5c097cde9b5ad53a8cd54d11ec8adb7143d0792363892aba52287f10353157a9
infected,breast_cancer_z_r2_q4_s2__z_idle_s2041.qasm,1129,735df4ef65123d488c0be641d6e129ccd13ade21dcc235375e3a31648c9a50f4
infected,breast_cancer_z_r2_q4_s2__z_random_s2040.qasm,1129,99548a56855700326bc370cefd97861d7193eab2d9870d536428792f5e66645f
infected,breast_cancer_z_r3_q2_s0__h_controlled_s2.qasm,663,a8328a28f0d1d5ce48848c0e76c2b9f87182a37b863f4fa30f6a93e767d4de65
infected,breast_cancer_z_r3_q2_s0__h_idle_s1.qasm,663,c72d9a287240629aa52945f4a65606dd3976f51cd3ec3da8cfdff96f79b5b863
infected,breast_cancer_z_r3_q2_s0__h_random_s0.qasm,663,b744ee0c285aa6cdbda57a2f397f33c643b73e846f37691fd55145684327e64b
infected,breast_cancer_z_r3_q2_s0__t_controlled_s12.qasm,663,92eb73af0bbb02a3618910e8128c6dac2c0f3fd1ad57a8aa00a28aa6e560dca4
infected,breast_cancer_z_r3_q2_s0__t_idle_s11.qasm,663,75bb0899b640f16ee88b1c624b6d07c7a2190ad72a1aae2ed151e720e94b5306
infected,breast_cancer_z_r3_q2_s0__t_random_s10.qasm,663,0398ef234e3f05b6c70823924532c6abbe1e0ee4a657aca42176efeb950998b0
infected,breast_cancer_z_r3_q2_s0__x_controlled_s22.qasm,663,bc42f3f50d19842b7fad132eca6c06b7e079e405cd9489d87b59489583c8eae9
infected,breast_cancer_z_r3_q2_s0__x_idle_s21.qasm,663,70e928d5c3349a4151a24f7fcfc8ce8223401f0572b16c70103048e054129892
infected,breast_cancer_z_r3_q2_s0__x_random_s20.qasm,663,2301af918a505e17c3bb2543960bf71e0523985c53d8a8d74b768454363a3111
infected,breast_cancer_z_r3_q2_s0__y_controlled_s32.qasm,663,51aa22bd82d1c0dbc2d21425ba36a6005884d8003d595464d13fbe3f1236c1e7
infected,breast_cancer_z_r3_q2_s0__y_idle_s31.qasm,663,513de5f30ba4ec55f6bfe966a014227eb2acff5c4651828bae2a357012c74c64
infected,breast_cancer_z_r3_q2_s0__y_random_s30.qasm,663,e90fe7904bb674cfa1a65adae878d9e233b0db97903c4761ab863ecf1288d855
infected,breast_cancer_z_r3_q2_s0__z_controlled_s42.qasm,663,2e69fc6719f150a79e1190bec6332796613b7ebc48787fcdb9b9576252a75c8d
infected,breast_cancer_z_r3_q2_s0__z_idle_s41.qasm,663,f2f9d5ed4092619518c08385be44c1dd23e600514ebf13c3ba9bd92139638ae2
infected,breast_cancer_z_r3_q2_s0__z_random_s40.qasm,663,df0753ba3b96863255ccf1728f4ae0e1f319753fa8f0960f19dae9e62a4978fb
infected,breast_cancer_z_r3_q2_s1__h_controlled_s1002.qasm,664,c766abea15b34d5ee45e96d022f89ec855a31b6779e93007347a7e9b125b72c5
infected,breast_cancer_z_r3_q2_s1__h_idle_s1001.qasm,664,d27feedf7ae125066754c4d7cbc02deacdd6b25517608f816fffa556966ecb4e
infected,breast_cancer_z_r3_q2_s1__h_random_s1000.qasm,664,6b228fdb16c0b5395fa9c76b14b7853a761e313315c5289bf69f9fd1237e07a6
infected,breast_cancer_z_r3_q2_s1__t_controlled_s1012.qasm,664,398650e065bbe82b6db8047948fea2140d35d2ce212e82e7051e3de393d6d575
infected,breast_cancer_z_r3_q2_s1__t_idle_s1011.qasm,664,254bdefc10778f2d750c1109c9bac75be6fc9469d99ed573818f2d3727b45b1f
infected,breast_cancer_z_r3_q2_s1__t_random_s1010.qasm,664,53966ceed2323dcb8939b08248d2cd29d7c9e82fb0240ca4f27ec8a800640539
infected,breast_cancer_z_r3_q2_s1__x_controlled_s1022.qasm,664,95f57d13304bc22df80ef079034ac47ffc4749ab959a64701aa69976d01915d0
infected,breast_cancer_z_r3_q2_s1__x_idle_s1021.qasm,664,20ea9a95fa17767632c8d065b5c43d4ebb48847f91e114adbf7fe1e5910ae344
infected,breast_cancer_z_r3_q2_s1__x_random_s1020.qasm,664,491e617ac65cdd0ec269b6cdf4434feee47c0d8ba546dc613b63290ab1b38304
infected,breast_cancer_z_r3_q2_s1__y_controlled_s1032.qasm,664,16a4e01a6a318f8c5c9f847be2fb06e761752b8da963067e27f1916122aa3a81
infected,breast_cancer_z_r3_q2_s1__y_idle_s1031.qasm,664,c8ae7d6dad501e86492be5d24b249c64c323b9da1d1dc49ea194ac58061a3f3c
infected,breast_cancer_z_r3_q2_s1__y_random_s1030.qasm,664,5c8e0e9c88c690322c3b2a63aafc56beae65d6e8523c1b4179451a8efb8a6035
infected,breast_cancer_z_r3_q2_s1__z_controlled_s1042.qasm,664,c7c59a7862210a01c2dd1fa0aea473e2fd3b196e61bf913bbf55a3514f673d1b
infected,breast_cancer_z_r3_q2_s1__z_idle_s1041.qasm,664,ff7f86115c55d40ebc64ded6192bb3b41c57209b2484e3c7dabde799870e979e
infected,breast_cancer_z_r3_q2_s1__z_random_s1040.qasm,664,357b7c14ff6625fb68e71f5e8de94174bb8d4c51577a18f562f2697f0dd9076d
infected,breast_cancer_z_r3_q2_s2__h_controlled_s2002.qasm,664,6a32c841f6e77981bad1384a48aed0f07ee78f3e89f23c09be0c5a070a341ebd
infected,breast_cancer_z_r3_q2_s2__h_idle_s2001.qasm,664,f2770952fe36702b5f6f08ceedb52fb0163c995c78c837f73d25b6c82f85f3cd
infected,breast_cancer_z_r3_q2_s2__h_random_s2000.qasm,664,87e1a956ae3a5a24b5354448031fe951d223c1f58100b1ce0711537fb1cba6e6
infected,breast_cancer_z_r3_q2_s2__t_controlled_s2012.qasm,664,86e68ffd91644dbcb151f526648b101f4100c994588fd11e14c8ee2d8b213f8a
infected,breast_cancer_z_r3_q2_s2__t_idle_s2011.qasm,664,638ce1913cadd146186e342a7c13a88acbf4a99cd4a660651d4c8e3df913bfac
infected,breast_cancer_z_r3_q2_s2__t_random_s2010.qasm,664,45d7a322e616d4c5137c2ee6e7783bb091e78134b89d98c3a605e285cd2cd838
infected,breast_cancer_z_r3_q2_s2__x_controlled_s2022.qasm,664,8a7dd848f79f1194aa4c732c677fe1451716d159a747b87228a2cdf6c0436839
infected,breast_cancer_z_r3_q2_s2__x_idle_s2021.qasm,664,59ff381c47657f154ae8d46b096ee759b47d935c1c5013cfc8cbcc292416e5f5
infected,breast_cancer_z_r3_q2_s2__x_random_s2020.qasm,664,efdb88e8893cfc7f72dd2d26103cc02367cea9ee4b8e767a2e89b4f4dbdd13b1
infected,breast_cancer_z_r3_q2_s2__y_controlled_s2032.qasm,664,f632b89444c53778242688c436aa4eae286a27d0be011f6292baa828aee76c33
infected,breast_cancer_z_r3_q2_s2__y_idle_s2031.qasm,664,e8b2745df7d0bea95b3ea0b2e819fe7342e0bae42c505fd23734b84ef4a41c3f
infected,breast_cancer_z_r3_q2_s2__y_random_s2030.qasm,664,fa5bb998f5690aca5d30c8248d5d131ce5e9ce92e677794fd34253d6d3992313
infected,breast_cancer_z_r3_q2_s2__z_controlled_s2042.qasm,664,53a71352a00f40af6fe9b370e4e71431d8a6964661beae9d2f0010f561bce740
infected,breast_cancer_z_r3_q2_s2__z_idle_s2041.qasm,664,5284f60461d6276ce55fc1f46c4fba2ae38c815d79444dc2d03345082e31293c
infected,breast_cancer_z_r3_q2_s2__z_random_s2040.qasm,664,b4104d0a2548504fde7fc6400da8f0011124325737236ba7b9d062bd577e88b5
infected,breast_cancer_z_r3_q4_s0__h_controlled_s2.qasm,1314,2eaec81615cf6b7bdcef3fd5bff2618faed3d3a85ec97bea04ec9be72c4827d8
infected,breast_cancer_z_r3_q4_s0__h_idle_s1.qasm,1314,9af700ef567573dd608f4135283f57098c88240f6ebbb5972cbfbf76731caa72
infected,breast_cancer_z_r3_q4_s0__h_random_s0.qasm,1314,34a0fc3c565b19628f869148271a5228feb0f907f2f6abc86fd3ee88f1656b38
infected,breast_cancer_z_r3_q4_s0__t_controlled_s12.qasm,1314,a12397b682d03d72e5ff14abfd9f11953598957711301124e76dae46a17ea049
infected,breast_cancer_z_r3_q4_s0__t_idle_s11.qasm,1314,dae1f7f6dab8db243ed8745b030adc339ede70761f5086c7fcdcb13e29db9adf
infected,breast_cancer_z_r3_q4_s0__t_random_s10.qasm,1314,58319064f7a6aa50570c5732381409625b39139ed8e1f552fe0c40b5cd6d3a09
infected,breast_cancer_z_r3_q4_s0__x_controlled_s22.qasm,1314,92ad04b517795987a78f846cb5668d8f8a697c920b9441e47f95954f295387fc
infected,breast_cancer_z_r3_q4_s0__x_idle_s21.qasm,1314,69e452c6bb897d03f22114b297d62166cad5157a994d8fdfc38f6a7c61dd2ef3
infected,breast_cancer_z_r3_q4_s0__x_random_s20.qasm,1314,f606a922e42b7a25315df03fd6261a6fc73fb879c2983e3ca0c5196068cc8c2a
infected,breast_cancer_z_r3_q4_s0__y_controlled_s32.qasm,1314,ea3208d9f826b17a5ccab00f5e1c36b9a3f3629ed9c3a7fff712c94e3deab07b
infected,breast_cancer_z_r3_q4_s0__y_idle_s31.qasm,1314,82963d252f58677d669d6e111f38b9ae7d1343ac00cfd179bdf894cbdabc95d1
infected,breast_cancer_z_r3_q4_s0__y_random_s30.qasm,1314,f3012e5eb4fdd4a8f6fe305ead9e13a47f072eb8ba575d9796c75493cf3c7a61
infected,breast_cancer_z_r3_q4_s0__z_controlled_s42.qasm,1314,8c586e7e224c722b09cd0924cf5c7967382c681b38a5b8a2838d5702b82b0132
infected,breast_cancer_z_r3_q4_s0__z_idle_s41.qasm,1314,ef7164f4f5305bbf722ec20d5c0d595748f85c29100527d6f54a0e94967e2d28
infected,breast_cancer_z_r3_q4_s0__z_random_s40.qasm,1314,caff8f7a0acda1fcf14ca16b1dabe01b5184c7e55cbb6869acdace1a70f937ea
infected,breast_cancer_z_r3_q4_s1__h_controlled_s1002.qasm,1321,f4764b5990ce52701ca99a13c128ecd6feab407dc81773d96bc40b84b3819bb1
infected,breast_cancer_z_r3_q4_s1__h_idle_s1001.qasm,1321,0f08900568c2952dc4a5d3c50aec75cbe1e91043fc9306ab61657b1b95170834
infected,breast_cancer_z_r3_q4_s1__h_random_s1000.qasm,1321,89064aaae9a784eb2a2049942bc6ff0a26d0f8ca19da0c74e1c372982a4f8c62
infected,breast_cancer_z_r3_q4_s1__t_controlled_s1012.qasm,1321,b9bae235bee850497fdd6fea7a7b8d871da3461a36efdc50631b9ba8ee72a723
infected,breast_cancer_z_r3_q4_s1__t_idle_s1011.qasm,1321,f0b21d74c987fe2735960987dcc0f6a76baeba117a4e4eeced467082574a9c6d
infected,breast_cancer_z_r3_q4_s1__t_random_s1010.qasm,1321,42726f793d6eed1438510f0dfae3aa1625166aec178fa145114eed7c0a4a93c3
infected,breast_cancer_z_r3_q4_s1__x_controlled_s1022.qasm,1321,285de4f24db8e931b664dc66b46b3fd2bfc999c7869afbf2be4ff356438a8b81
infected,breast_cancer_z_r3_q4_s1__x_idle_s1021.qasm,1321,a8dac29de0083555ca7beff579257d6e1c4fcca1251f51382009727227df3e9b
infected,breast_cancer_z_r3_q4_s1__x_random_s1020.qasm,1321,a8dac29de0083555ca7beff579257d6e1c4fcca1251f51382009727227df3e9b
infected,breast_cancer_z_r3_q4_s1__y_controlled_s1032.qasm,1321,bfa0dd2093b279cee5d16f9700c623e963b9ff20048834b082c8a9d6ad83240c
infected,breast_cancer_z_r3_q4_s1__y_idle_s1031.qasm,1321,6b64c8960cbd4bf4c160cda2ef28126b00f26ff1daaa151c1ac6854266b3e19b
infected,breast_cancer_z_r3_q4_s1__y_random_s1030.qasm,1321,c01a0500a1a3bfdca0d40bb41015d255621efa3f32d1c99abd22cc63a3f2c7dd
infected,breast_cancer_z_r3_q4_s1__z_controlled_s1042.qasm,1321,6de7a5b435bb2499729ba0e56e7d6d234b59984f4e3ce9ba5335852b11bdc5f5
infected,breast_cancer_z_r3_q4_s1__z_idle_s1041.qasm,1321,e0ca8d61853463eaaae46a03912d28315a1230078142396351937b60537008e1
infected,breast_cancer_z_r3_q4_s1__z_random_s1040.qasm,1321,f81b3346a7aeb36371b88a15a6956d980c5eec5cd06759cf13aa1eb8d951aebe
infected,breast_cancer_z_r3_q4_s2__h_controlled_s2002.qasm,1322,f149d4ae1ff8aa305f192a6547f8734b8f954d0a8f40bdc60fa36ca2fc879124
infected,breast_cancer_z_r3_q4_s2__h_idle_s2001.qasm,1322,fda7c343d72f393203bc8f6f2439b0615c686c98246544b34d1510f88b78f1a9
infected,breast_cancer_z_r3_q4_s2__h_random_s2000.qasm,1322,f2de9c3c327c63115a376535f89e26e37eedcb97b30e6f1a98fb86b34abfc69f
infected,breast_cancer_z_r3_q4_s2__t_controlled_s2012.qasm,1322,ae9c6c8ba89b013a5d92de5c0d94c874953e46c2384855091ea68077fe7e077b
infected,breast_cancer_z_r3_q4_s2__t_idle_s2011.qasm,1322,0e3418dae26279ae2e8e21b54ada6ff9b7af24630a3925a62008e24c10e2292c
infected,breast_cancer_z_r3_q4_s2__t_random_s2010.qasm,1322,c363ff3430579065438d76082cbc232192f81e6142131c9dde3ad0dac779face
infected,breast_cancer_z_r3_q4_s2__x_controlled_s2022.qasm,1322,d4a4031d57caf3931efcbfd0897d014581c84c59b56d9541d0b60066588b8c14
infected,breast_cancer_z_r3_q4_s2__x_idle_s2021.qasm,1322,a5ad87e56e12de0f8ce1a6f835aa69cc22fcfcb67578abbdda0dc76dd7d11048
infected,breast_cancer_z_r3_q4_s2__x_random_s2020.qasm,1322,eab5ad8024d0acbd80c578bed5aa9a5da74fb6d100637f9b5d3ff813ed1fcf03
infected,breast_cancer_z_r3_q4_s2__y_controlled_s2032.qasm,1322,2b26acc1ee5ebcbb61d586a7ed64e2758d3e2d4c60bd007a3a3caeb8d87ec8f0
infected,breast_cancer_z_r3_q4_s2__y_idle_s2031.qasm,1322,d5581cf3ff259db689e21d4bdb3642b510b411a3ab7cc0470017ead9c3193bda
infected,breast_cancer_z_r3_q4_s2__y_random_s2030.qasm,1322,f874f3ab6c08d96d4b94a9d9d3407c2c62a1618fb0900df535e88502ac419d93
infected,breast_cancer_z_r3_q4_s2__z_controlled_s2042.qasm,1322,43ea86394123a8a1735fd0e2bf705fafed1dafe17210d039d42f18f055db0ac9
infected,breast_cancer_z_r3_q4_s2__z_idle_s2041.qasm,1322,f6bb0093e38bf59f0443fb146c925ff7029ba0f7387203a7f9a004f26c6f4eed
infected,breast_cancer_z_r3_q4_s2__z_random_s2040.qasm,1322,11ee347d76240f641da262a893568fdc71466daf5f5f2b19278cfd7e6b873ccc
infected,breast_cancer_zz_r1_q2_s0__h_controlled_s2.qasm,661,3659285ac84a286b4f095446db98e51137126ef0418ec31d411ec093bb02da76
infected,breast_cancer_zz_r1_q2_s0__h_idle_s1.qasm,661,96d1bcb6b8f6a26a57941490789c290aedbebc85b7b0e3b59cb78d2d818b0a02
infected,breast_cancer_zz_r1_q2_s0__h_random_s0.qasm,661,0927d5d85ca3c84fa933b25a29a2a7f658904d9c8a6e4f5c41e30f8b45aca215
infected,breast_cancer_zz_r1_q2_s0__t_controlled_s12.qasm,661,ba0faccc9e4de4ac4d2e87d42e7675d0788944de2cbfe89d2cbe89e8d61dbc45
infected,breast_cancer_zz_r1_q2_s0__t_idle_s11.qasm,661,da15cec7eb15838b0430f14281851f46d4d5f4533d6198a4af3a8c8c4576bc95
infected,breast_cancer_zz_r1_q2_s0__t_random_s10.qasm,661,0995e921c2a4b690fa505df8051da983a969e5de17e8f0b6fa530afad9cd9416
infected,breast_cancer_zz_r1_q2_s0__x_controlled_s22.qasm,661,a092067e6046429ddf7ee0fb40c671926b8640083a1c9cf2741362b304154276
infected,breast_cancer_zz_r1_q2_s0__x_idle_s21.qasm,661,3dd5bdb6612b71d1561a1e2adeba083000753b0c73585933fec581ba34a74a80
infected,breast_cancer_zz_r1_q2_s0__x_random_s20.qasm,661,dd49566809a3994a3ca5d9f7d604f4041a1c339f18f0a848402a89510a93562c
infected,breast_cancer_zz_r1_q2_s0__y_controlled_s32.qasm,661,58449049e29bf801bb6b80b93b339a26fc51c7a37f52d4a8a9f54589dc1ca897
infected,breast_cancer_zz_r1_q2_s0__y_idle_s31.qasm,661,76f5d71831425e3395657964b5ba9db57dd38b062b750bde56cf6286627b1b45
infected,breast_cancer_zz_r1_q2_s0__y_random_s30.qasm,661,418bbff05fb6377f5d9b05824b6334e654eb2fddcd5de7e79cc5afd01826761b
infected,breast_cancer_zz_r1_q2_s0__z_controlled_s42.qasm,661,44ba9687e720f5c5b3551f6370c559d199bac5674b1a8ddd232ec722ac6d098a
infected,breast_cancer_zz_r1_q2_s0__z_idle_s41.qasm,661,8723462da1284cad172a1754a6152e9325f8b793e023a904ac9c5eb9c72f5e70
infected,breast_cancer_zz_r1_q2_s0__z_random_s40.qasm,661,7e5f66c75f166d9ec2bb49ffa532f2eb26c55398d654cf8f8936f50c3ce6ff04
infected,breast_cancer_zz_r1_q2_s1__h_controlled_s1002.qasm,659,f900afb0adb0616623216f2f3f952f4a191cc61f4d267f0fb7b5a2f626a4295d
infected,breast_cancer_zz_r1_q2_s1__h_idle_s1001.qasm,659,c08fde8d5d11324b54383c3a5e60e0fcfa9cbd512bf5aca5c27f8b2ca18917aa
infected,breast_cancer_zz_r1_q2_s1__h_random_s1000.qasm,659,c662fffab9eb06849d7fed5b591da18dc8e0ce51e28b753cc87d21e416519c3b
infected,breast_cancer_zz_r1_q2_s1__t_controlled_s1012.qasm,659,85fbcda5410eaa7e0cb4248e3e7e3df57b048f6b80087cc6a6856665331f4f0a
infected,breast_cancer_zz_r1_q2_s1__t_idle_s1011.qasm,659,b468ee4fda16acae69b204b1b7e1fdcb8ff4596b11195d8256657542b74b121f
infected,breast_cancer_zz_r1_q2_s1__t_random_s1010.qasm,659,45f256f5110f46eaa121380ac4ed58430f274187b3210152047db7100241804b
infected,breast_cancer_zz_r1_q2_s1__x_controlled_s1022.qasm,659,d50b1881111833cf407b966e3e70bc84d87a62a09ac3d7eb1114ae55f8aedb54
infected,breast_cancer_zz_r1_q2_s1__x_idle_s1021.qasm,659,85e08dfc7a7a4b7e4e2ade1619f257d0e18a57fdd57cdcbc8c3a21796c0732bd
infected,breast_cancer_zz_r1_q2_s1__x_random_s1020.qasm,659,1c56d4394805932017e822bf07c362cd2d1ccc4f475b0582849f09eeaaad69b8
infected,breast_cancer_zz_r1_q2_s1__y_controlled_s1032.qasm,659,a24ebe4df1d16fd111c64bc284360b050cc249052bc885de7e7e27a274f350d1
infected,breast_cancer_zz_r1_q2_s1__y_idle_s1031.qasm,659,adfd230420f161cf215977df81cd93443270c72275ebb42e76561b9d64a27c1a
infected,breast_cancer_zz_r1_q2_s1__y_random_s1030.qasm,659,3c2c638ef18727667d16de12d4ee34c4eb0ddd6895c8fa17e16c91ff168ca930
infected,breast_cancer_zz_r1_q2_s1__z_controlled_s1042.qasm,659,412170166066c5e3d91e677fc01eb0b54901ec4be5b7e208d551207d0fa28922
infected,breast_cancer_zz_r1_q2_s1__z_idle_s1041.qasm,659,9b7865b3c7d785461138fcadc27bb30a4a5230ff9d962dd3b4c88c3b6b3974f2
infected,breast_cancer_zz_r1_q2_s1__z_random_s1040.qasm,659,c9e0fd75f6099a239406371dc5246cc3f6d7e1337dfa665c3ea58ea477e54301
infected,breast_cancer_zz_r1_q2_s2__h_controlled_s2002.qasm,661,0d7ebcf81b695d62aeee6bf5685eba0833a636bea08f2ed890c7fba41c0447d1
infected,breast_cancer_zz_r1_q2_s2__h_idle_s2001.qasm,661,773db1f4bb47395e29e3fef947377f594ca6932e90c6abf0d7ba1526e0729974
infected,breast_cancer_zz_r1_q2_s2__h_random_s2000.qasm,661,eca766b313b1ae78539f299bba5f419fbfa303c5f2e37c1b0e0380ba0a35336b
infected,breast_cancer_zz_r1_q2_s2__t_controlled_s2012.qasm,661,a40b6b04f50e940c93b9b14294b8304760ced75cd1f6b7c87689fbdaf64a75e0
infected,breast_cancer_zz_r1_q2_s2__t_idle_s2011.qasm,661,6b9f505412ae31ef3d0a1274b659614a303ed697e7a1dbb692d27e74b7f0ce1e
infected,breast_cancer_zz_r1_q2_s2__t_random_s2010.qasm,661,e8ff3038956f3d9f5d5a342c5a879426f08d5237d9d97342d69b1d15c7a4f218
infected,breast_cancer_zz_r1_q2_s2__x_controlled_s2022.qasm,661,7d3528df366f15f089085134df9ae4b654ad6a008d527b5c3986637a466f982a
infected,breast_cancer_zz_r1_q2_s2__x_idle_s2021.qasm,661,a40e7f99b25ac1458b885ac3e20da5d45bf07dd03b52f4e81b0f83db4a9629a1
infected,breast_cancer_zz_r1_q2_s2__x_random_s2020.qasm,661,fbc1bedb578fbcabf6ccaef688a58b8129716e79ad685454603fb7d98b246912
infected,breast_cancer_zz_r1_q2_s2__y_controlled_s2032.qasm,661,a68b22ef6398b77443f60c66bfb0b43eaa6860f934d5ff50c6e9a5312e900b30
infected,breast_cancer_zz_r1_q2_s2__y_idle_s2031.qasm,661,22ee27b2c50872ec1562a1e4cb1ee24e3cad30c66277d72119a4e3b3684fddb7
infected,breast_cancer_zz_r1_q2_s2__y_random_s2030.qasm,661,6890f18e967b764b212b3fadd217242ec6ff10835167226727aeef77f3671103
infected,breast_cancer_zz_r1_q2_s2__z_controlled_s2042.qasm,661,cab78a13df42db61fc7bcd12514e007fc0fb379eef0b3bf56b17ceb5e287eb42
infected,breast_cancer_zz_r1_q2_s2__z_idle_s2041.qasm,661,e2cdca4c050cdd1722ba998ed5c98333ade0d9ff13e60e15183b4860c9b00b47
infected,breast_cancer_zz_r1_q2_s2__z_random_s2040.qasm,661,1305bd03d945aa3b8521f70c9002ce7f88a362dc4b7a713ddbaa0ea316ed8963
infected,breast_cancer_zz_r1_q4_s0__h_controlled_s2.qasm,1439,e9987efb0255eb06159623fb1be995aa4ccac2b78eb8ae71bcb6801199aaa395
infected,breast_cancer_zz_r1_q4_s0__h_idle_s1.qasm,1439,0cca452792a56670a53c0ef3719636c93a1fa7b3d390736fc00e981ea333857f
infected,breast_cancer_zz_r1_q4_s0__h_random_s0.qasm,1439,93bbdc29150d4ee9326e71c0785d9db150b268b489754670333f2885be0521c5
infected,breast_cancer_zz_r1_q4_s0__t_controlled_s12.qasm,1439,b9d2229f6f41c02b17c4c807ab0266c654f5393a5446336c504cbb2921fdb1bb
infected,breast_cancer_zz_r1_q4_s0__t_idle_s11.qasm,1439,a2f4fcf965c9ec477f0690ba8c9bedef52622a7f57b97102236840ff48ca80fc
infected,breast_cancer_zz_r1_q4_s0__t_random_s10.qasm,1439,047fba6bf35cd3f0951f597e5fbc0d9243d7964ce1b44a4eb973a8a3558efeac
infected,breast_cancer_zz_r1_q4_s0__x_controlled_s22.qasm,1439,49b5174344a1cf16bc4908d497ff1f77b49ac980e016252ad891f5cf55ad6dab
infected,breast_cancer_zz_r1_q4_s0__x_idle_s21.qasm,1439,e013cad6dbc53370346ed7e6fef17da64f89faa6c0feb57bf007b52ddd5054ef
infected,breast_cancer_zz_r1_q4_s0__x_random_s20.qasm,1439,0e7f309ab3b5b863da7860dd66ee985c0203e1a98fee2fb524db43db5d5ede5a
infected,breast_cancer_zz_r1_q4_s0__y_controlled_s32.qasm,1439,7e9a7060fb13352a65d7a5d5083ca8b5d7f1786f45d0153507b9821ddf254d32
infected,breast_cancer_zz_r1_q4_s0__y_idle_s31.qasm,1439,9b9dfb0d02a254c8f3a2092dce3e5c85d01d4b4543e6999b6a7d731c935165f2
infected,breast_cancer_zz_r1_q4_s0__y_random_s30.qasm,1439,e50a1248079b4bf68907285edad235926ba5f27ae7c71da259acc3a4793f5f35
infected,breast_cancer_zz_r1_q4_s0__z_controlled_s42.qasm,1439,cb023fb84d823f31be1f459e4a534c7eabe140ce4ff66612bb57195a245d2608
infected,breast_cancer_zz_r1_q4_s0__z_idle_s41.qasm,1439,b421928563f5c83b83ae1e3114433e64ab01b1740c1da0837b6ea83fbad75e04
infected,breast_cancer_zz_r1_q4_s0__z_random_s40.qasm,1439,074b43cc18c45ee25f3055b632874f93679d7364204dc441ca2cfa2632cdb72c
infected,breast_cancer_zz_r1_q4_s1__h_controlled_s1002.qasm,1440,23fc53a7990f0e7f2999e54d456da3d431db3f210e742c273aae228eca7eb591
infected,breast_cancer_zz_r1_q4_s1__h_idle_s1001.qasm,1440,77a0181342243de46cff6a43031052812e3046f76cd3367cb2f146dfa9b20fc9
infected,breast_cancer_zz_r1_q4_s1__h_random_s1000.qasm,1440,6bd064351563c91248aceb690b739aeb8911578cfe6cf6d857e53dfc2cfb8b2f
infected,breast_cancer_zz_r1_q4_s1__t_controlled_s1012.qasm,1440,4a8eabca47c438665b710308d6c8ee8e326bcf9e06d7b4ee955fad834e770d99
infected,breast_cancer_zz_r1_q4_s1__t_idle_s1011.qasm,1440,0210b71517059c4340329d88af7ddf86738f98a4a31ea545bb38473248ec568b
infected,breast_cancer_zz_r1_q4_s1__t_random_s1010.qasm,1440,5b8916ad055bab2cf647210a35b1bbee3de9de8a11bf36d76d49fa77c7790347
infected,breast_cancer_zz_r1_q4_s1__x_controlled_s1022.qasm,1440,41ed806b6fe42bfbce7d323d5863a20285847c004256e83e11bd538eb68bb005
infected,breast_cancer_zz_r1_q4_s1__x_idle_s1021.qasm,1440,1591ee107254734cad142d884c3b88b625fc93b2cc602399eb0e5d795b954c96
infected,breast_cancer_zz_r1_q4_s1__x_random_s1020.qasm,1440,d9901e04a110748d1b8bc7681572cc23e01d45c27761615b1e73a6224a386c58
infected,breast_cancer_zz_r1_q4_s1__y_controlled_s1032.qasm,1440,5b5cd0f445949809f66b8a613d27a24940928b0ca260f0d36e0c41030ff3a096
infected,breast_cancer_zz_r1_q4_s1__y_idle_s1031.qasm,1440,78216301937a7103346ea7b379fc6631f9d4220ca608f79f5aad6e0ded475acf
infected,breast_cancer_zz_r1_q4_s1__y_random_s1030.qasm,1440,adb2fa80a316480d2fd793bfcec8291e2b5714c5f4678359987ac15f553f20af
infected,breast_cancer_zz_r1_q4_s1__z_controlled_s1042.qasm,1440,cc127b152f6833655ba0628ca4c34f7d1ce17b61d1a15db947411609f142d8ab
infected,breast_cancer_zz_r1_q4_s1__z_idle_s1041.qasm,1440,78d70b1aa44fbcbf9e119c54107f4bab3567e4d374e9f3073e5c018d887f92c4
infected,breast_cancer_zz_r1_q4_s1__z_random_s1040.qasm,1440,2c78c3a917603b78b8bcc41c62b96989140fd48d128be6304fb228e571595cdc
infected,breast_cancer_zz_r1_q4_s2__h_controlled_s2002.qasm,1442,0c2684d2257bc914ab04c4f47c3b80ee72d421244b55a83621197897a2c1b8fa
infected,breast_cancer_zz_r1_q4_s2__h_idle_s2001.qasm,1442,2ff0073ae7e7e369d5b83b017b8db46be1bf321a01ba9ab33ab91553fe5c1b0c
infected,breast_cancer_zz_r1_q4_s2__h_random_s2000.qasm,1442,7d406b3ca6255f227a73b4da57211dcd6d599a706400038737a8f433d58eaf55
infected,breast_cancer_zz_r1_q4_s2__t_controlled_s2012.qasm,1442,3501c216b57560bffb388511c44dbc7315efaea2ac37a0d179e6514a4005a166
infected,breast_cancer_zz_r1_q4_s2__t_idle_s2011.qasm,1442,778102cd6bd998c7d0ccf26f290f74e3e011b23f24df025d19ff616e4d7743a2
infected,breast_cancer_zz_r1_q4_s2__t_random_s2010.qasm,1442,8d2afccd7c43307417f216b13652b006132b903cbac41d2b9eb19a59ecc8c670
infected,breast_cancer_zz_r1_q4_s2__x_controlled_s2022.qasm,1442,16ed2753e9a2e7b99436a8939413827ea5b0a9d2703c9b08ed9f0e473e591a27
infected,breast_cancer_zz_r1_q4_s2__x_idle_s2021.qasm,1442,3c72a6ea5ccbde32b5daad75cba766debce2dd179e134a445b34b1d54c0a2692
infected,breast_cancer_zz_r1_q4_s2__x_random_s2020.qasm,1442,aed1a0dedad43c4e6a2bc89c65d7b1cd5646dac927f15146861bc5a604e4a1fe
infected,breast_cancer_zz_r1_q4_s2__y_controlled_s2032.qasm,1442,13da82bfaf76811378a5088f7ccb6716b7f451202865b49d3a97efbff80e859d
infected,breast_cancer_zz_r1_q4_s2__y_idle_s2031.qasm,1442,10627bd08ff0e3a33dc92bfaaf845cc0e084bee6378b71751602723e3417d17e
infected,breast_cancer_zz_r1_q4_s2__y_random_s2030.qasm,1442,448d80176447b8489e72c37a76e39306ffbf184ea3f9e7cbda72af2881baf687
infected,breast_cancer_zz_r1_q4_s2__z_controlled_s2042.qasm,1442,66da63e51b737bc244744d925be0d8ed5b65701de456f8c71b78940cd77c62ca
infected,breast_cancer_zz_r1_q4_s2__z_idle_s2041.qasm,1442,2181a10eb0afb2ca7a3ed9bbf849b78215773813092dd1bd980feb6aba0455c0
infected,breast_cancer_zz_r1_q4_s2__z_random_s2040.qasm,1442,873ea44e28181f541da36d2c3932360e8032241f969fda576d08428ab09717c5
infected,breast_cancer_zz_r2_q2_s0__h_controlled_s2.qasm,745,f96ab2d3e6aa375cbac1018ad0f44edd89988e467c882af0205433461dacc080
infected,breast_cancer_zz_r2_q2_s0__h_idle_s1.qasm,745,3b1c6f93d642ae5c74f1fd44c884d5c34acc7eb3bf280730dbf4366e07944373
infected,breast_cancer_zz_r2_q2_s0__h_random_s0.qasm,745,48ff33e73092d96d5783aac9fa3d5eb611f6d2797b0ea9c53fca1c90f042ba0d
infected,breast_cancer_zz_r2_q2_s0__t_controlled_s12.qasm,745,110794c29e2fe95bb5e5e487735e5c13f31fb7a49c7935a12ced10a1bdefca2f
infected,breast_cancer_zz_r2_q2_s0__t_idle_s11.qasm,745,a7e9c203fefcd59fbc56e6aef4475d97c1714f332a3b6969d6337b9979664a3c
infected,breast_cancer_zz_r2_q2_s0__t_random_s10.qasm,745,804aab66b57080817a185157cbd86226403af28f530f1c87de0f2bb6ec2f4d44
infected,breast_cancer_zz_r2_q2_s0__x_controlled_s22.qasm,745,4cb8cfece67c82ea79664a254a87943008e0ed5670eeb46a119b6c0706969922
infected,breast_cancer_zz_r2_q2_s0__x_idle_s21.qasm,745,09ecbf99e3d3bd67149456058b60efe87ef806dc2ad844ee38cc47718e6b0fea
infected,breast_cancer_zz_r2_q2_s0__x_random_s20.qasm,745,b2465e588b8c91a1202a02c025b2ee16bca6a28a124751146619e4ed3ceddae3
infected,breast_cancer_zz_r2_q2_s0__y_controlled_s32.qasm,745,b215cbca4cb2d651e4079bf5fbabd9bf114808909bebf3d0fe7a4a7895dac7f0
infected,breast_cancer_zz_r2_q2_s0__y_idle_s31.qasm,745,0b7438866c4c20fca44c45b204b8ad5772b2630e154ec6b0cb8c8893bfb86c07
infected,breast_cancer_zz_r2_q2_s0__y_random_s30.qasm,745,b5feab856d53bf2bcd53deaba2c2ca83b4260d083808d61bdfee53f593d9db7d
infected,breast_cancer_zz_r2_q2_s0__z_controlled_s42.qasm,745,e98d22d1f278b32a93c35f4f23cb0a83fcf0b14db0c401a537382346d01bbcdf
infected,breast_cancer_zz_r2_q2_s0__z_idle_s41.qasm,745,be5d68e0f2c06e2fd438c15a2cd69ea296ec887f8bd5c71b5bd95326702f71b4
infected,breast_cancer_zz_r2_q2_s0__z_random_s40.qasm,745,242edfb63846b219dcfafd3de6ffd867c285e75d6265877e59bff9901b9347a6
infected,breast_cancer_zz_r2_q2_s1__h_controlled_s1002.qasm,748,9629ec4319e2e9ed22460b17dd55bb66fec20748877dbf464f9c7f049519094d
infected,breast_cancer_zz_r2_q2_s1__h_idle_s1001.qasm,748,a65082f0ab45e9dc8d334ccacd2251642be7ed4c4a6e5d6ba7e3e2ffaf4877f8
infected,breast_cancer_zz_r2_q2_s1__h_random_s1000.qasm,748,5c0c995d27e22bd28f79780b1ecf37f03e78b9703d0440b507d2d11fd6645943
infected,breast_cancer_zz_r2_q2_s1__t_controlled_s1012.qasm,748,a0245753873b386338db3b282627a87e71d73e5b446b611cd976e6745f13b786
infected,breast_cancer_zz_r2_q2_s1__t_idle_s1011.qasm,748,1707c5081989f832bd7bd3ddb6c0ea977dd017055da11afce7486f227ea12697
infected,breast_cancer_zz_r2_q2_s1__t_random_s1010.qasm,748,7881f772105a23d9a7f3a4416a2ddebced304646bd27dc898aaa8888c62441be
infected,breast_cancer_zz_r2_q2_s1__x_controlled_s1022.qasm,748,1da08391aa6bc86288d66a7ba948935cd52b0fcb65fffe3fce9d5591d8c669c2
infected,breast_cancer_zz_r2_q2_s1__x_idle_s1021.qasm,748,ccc7fd4e31585f08c4d38b5b08a51829a605005ca078e32ff0ced34d36c10ae8
infected,breast_cancer_zz_r2_q2_s1__x_random_s1020.qasm,748,ae6be9465f21a89f1e7632df748916674a2ef6921456a10ca5ef899893ac1b0a
infected,breast_cancer_zz_r2_q2_s1__y_controlled_s1032.qasm,748,04e1be15c77c593483092b2b85515464fe58ba27562c4f51217e41f4afe63e84
infected,breast_cancer_zz_r2_q2_s1__y_idle_s1031.qasm,748,170c6e57a43b04a2cbf261393237171c4e4ef1ac37e53b32d55a4234ef1a7fd9
infected,breast_cancer_zz_r2_q2_s1__y_random_s1030.qasm,748,24ad705baa3f9a6cb804d0d597da602c82c88b937292c12a11f584759ab5b276
infected,breast_cancer_zz_r2_q2_s1__z_controlled_s1042.qasm,748,405c16c1ee14ad43d01950d0402fe813be91aa763b9cc6fc7205178b5bffe19f
infected,breast_cancer_zz_r2_q2_s1__z_idle_s1041.qasm,748,d724a19396ee0e5983057c90f2733c8d59a7da056ad64b08eac6f7da73e655d5
infected,breast_cancer_zz_r2_q2_s1__z_random_s1040.qasm,748,021c4b4ae0cdaa99e22e3e50e0918402cc465ee22d2b1d274bfca3d1adb5d1a6
infected,breast_cancer_zz_r2_q2_s2__h_controlled_s2002.qasm,748,26df7071a9651aa67a1fc11076b7de1d54725a083017f60a18a68865beae2ac5
infected,breast_cancer_zz_r2_q2_s2__h_idle_s2001.qasm,748,f2f9428a6e13fd8cd89a93335a1c2bfaf65bd98e1ed39c258f30807c05c63b26
infected,breast_cancer_zz_r2_q2_s2__h_random_s2000.qasm,748,26df7071a9651aa67a1fc11076b7de1d54725a083017f60a18a68865beae2ac5
infected,breast_cancer_zz_r2_q2_s2__t_controlled_s2012.qasm,748,5507100b5580d344bd66fc0f79a806bb696754e4e536603f5fb622dd21bbf0ee
infected,breast_cancer_zz_r2_q2_s2__t_idle_s2011.qasm,748,54000bfbc8a991fd5d3af489f12ad8fcc87db8e498f2355b857304656f272100
infected,breast_cancer_zz_r2_q2_s2__t_random_s2010.qasm,748,15303df8d7f4586f8caf08a48be4a978d832de182b5cd31e827144daf5a4d28d
infected,breast_cancer_zz_r2_q2_s2__x_controlled_s2022.qasm,748,3d80be566feab511938634b41e8860ef9359806c1847b94d32e5f0243a196bed
infected,breast_cancer_zz_r2_q2_s2__x_idle_s2021.qasm,748,1ae00e6e93628ea7f40f2d35baed7d4a55f03426b5ce92ce9098c865255e58ca
infected,breast_cancer_zz_r2_q2_s2__x_random_s2020.qasm,748,529ea776d5acd802af218de5f88c550dfbffe0f00d7e668f067706cce34bbdc3
infected,breast_cancer_zz_r2_q2_s2__y_controlled_s2032.qasm,748,16e5fca22805d95b22268c15c64eee551ba08ac5c59f536051fab3044f8cd369
infected,breast_cancer_zz_r2_q2_s2__y_idle_s2031.qasm,748,00a44c6b9ff2e1bcf50c8b464bccc2aa08e9e635b2c9655f96674512791a3e08
infected,breast_cancer_zz_r2_q2_s2__y_random_s2030.qasm,748,0618fbfeb72c6301efec34c80a8e23f7fd3a44b57db53325008e4d48aa34e2a5
infected,breast_cancer_zz_r2_q2_s2__z_controlled_s2042.qasm,748,2055bb8eaddb69846fb5c9461fbeeaaece11bb08538c24708ecbda4fea5b1673
infected,breast_cancer_zz_r2_q2_s2__z_idle_s2041.qasm,748,3f9e1e1c36d0a405397c290647765dd785c796d4021442b805fef22b329aa990
infected,breast_cancer_zz_r2_q2_s2__z_random_s2040.qasm,748,b0e7a561cba0c155af32c8bf32d58529678a6cf9fbf085564c9a136e66a6d7bf
infected,breast_cancer_zz_r2_q4_s0__h_controlled_s2.qasm,1630,12d357cf20896dc6760abced8767ba7abdb841248120ded262b586c78a69566b
infected,breast_cancer_zz_r2_q4_s0__h_idle_s1.qasm,1630,f8814ad9c68e5d5a0da17990be9cb0bc5abbcf2d01f2357a97175ad092bb0ee6
infected,breast_cancer_zz_r2_q4_s0__h_random_s0.qasm,1630,0b9d2c12b80fece3dd535a978b65732600518b84bfa988e64cfdaa88bb13c437
infected,breast_cancer_zz_r2_q4_s0__t_controlled_s12.qasm,1630,fce1fe64a843bbe4352e8624653735a3dc558dbb3a627efb662578d18c1fa72e
infected,breast_cancer_zz_r2_q4_s0__t_idle_s11.qasm,1630,e131407cbdc7defa1ad2800d26f29e1f736042a60638b33268a544b3a22437ef
infected,breast_cancer_zz_r2_q4_s0__t_random_s10.qasm,1630,7d05bcf2813f3b72e0d8fb2e64bf4d9818023c16af25eeccf7d0fada11ea85c8
infected,breast_cancer_zz_r2_q4_s0__x_controlled_s22.qasm,1630,df093f6fb0597583a5aa3f257386d39e0404300826253c1035b794ed2626fff3
infected,breast_cancer_zz_r2_q4_s0__x_idle_s21.qasm,1630,ff3aa013fb28f3fe945eb2b218503737ae6a5d76d4eac98dc35e2fc956bc869c
infected,breast_cancer_zz_r2_q4_s0__x_random_s20.qasm,1630,037eac57529a0ddcd8f80c4b2f7f3e5e6385620ddace3612377f7065517d0e6c
infected,breast_cancer_zz_r2_q4_s0__y_controlled_s32.qasm,1630,a6e1ce7a3ab9b94fae2b194db0b7654bf7c6913746b3d4557c5db494e38713a4
infected,breast_cancer_zz_r2_q4_s0__y_idle_s31.qasm,1630,6664269e82b1c3838b0ca425dbdd0968d6d7dfee90cedef0cce410cbd29acd4a
infected,breast_cancer_zz_r2_q4_s0__y_random_s30.qasm,1630,1221fe3b881934e1a28987b78e2504184e7c6b53a0c3bb8ddbec6c121d384794
infected,breast_cancer_zz_r2_q4_s0__z_controlled_s42.qasm,1630,2adfe23b9a92bca0acad15b5c600ee958a20e93a10993f03776d59825aa003e9
infected,breast_cancer_zz_r2_q4_s0__z_idle_s41.qasm,1630,d75127f511370e701c50df872272f5bd6135c42ff6827072b2fa4632580219cf
infected,breast_cancer_zz_r2_q4_s0__z_random_s40.qasm,1630,4226933ad1567a1d96b08db39717eeb4248400c018c0d297ad3041ad6b4863cc
infected,breast_cancer_zz_r2_q4_s1__h_controlled_s1002.qasm,1633,09069a43daaeffff09aa56a7c4a2df01a009521642f9abad7bee9e4d7f03625b
infected,breast_cancer_zz_r2_q4_s1__h_idle_s1001.qasm,1633,40aa8e225f1c246cc963c90a6a3cc4d1672cc2604cd183668fc669b79d19a9ef
infected,breast_cancer_zz_r2_q4_s1__h_random_s1000.qasm,1633,7f031b5d740122f0d3a9a00a182d8e608ca9b48771edb1c39897c11c200f0d33
infected,breast_cancer_zz_r2_q4_s1__t_controlled_s1012.qasm,1633,eb0ea2183811a0494ccf2ceeb4cd4c84c24bde31df445a80944668e02e914738
infected,breast_cancer_zz_r2_q4_s1__t_idle_s1011.qasm,1633,6fe4a7bc2047bdbc97aece1c1b14d8d252748fc2b8090a2f8e4728274eed0c53
infected,breast_cancer_zz_r2_q4_s1__t_random_s1010.qasm,1633,90a118dfdfe088e3997b49e855e63f086e933014c60fee52d700dd7028d979bb
infected,breast_cancer_zz_r2_q4_s1__x_controlled_s1022.qasm,1633,5c46d58a41c9348a1b0978f530f0a4806e0d3d9bacd24915faabd1d2dd4d6783
infected,breast_cancer_zz_r2_q4_s1__x_idle_s1021.qasm,1633,dceada0ccc260435c7e2fb04aec0d27435c67b702a8ae465f4194ff78298e2f1
infected,breast_cancer_zz_r2_q4_s1__x_random_s1020.qasm,1633,82a32492b1190ac21390ed26883b00ea4b11de00da1f92fc77a2e2b7b3a8de99
infected,breast_cancer_zz_r2_q4_s1__y_controlled_s1032.qasm,1633,8ebba40d8874f637b4118aa6be074607ce6a12dd1c9a7b5644b4d6c960f1c2ff
infected,breast_cancer_zz_r2_q4_s1__y_idle_s1031.qasm,1633,debe15e29c7f10880ef50f5fe27e2573719d2ab9a8535c8e467d0100a60a16b7
infected,breast_cancer_zz_r2_q4_s1__y_random_s1030.qasm,1633,9db44150d84e5553b863acb1b4dfd454257bad4576019886529f12f40a616aa9
infected,breast_cancer_zz_r2_q4_s1__z_controlled_s1042.qasm,1633,78e00821e83c9446908c0e27c142fd4f3bc5d76400dc6192ee28a9aa5b8a2522
infected,breast_cancer_zz_r2_q4_s1__z_idle_s1041.qasm,1633,a7010433541e4dd593e281d2aa25ff2a1b07e32e7561763bcf73a164fff1a1b2
infected,breast_cancer_zz_r2_q4_s1__z_random_s1040.qasm,1633,8611b06f005916d45fe1c2b3f3a845f73626af0011dc4102f9d279fe50e4fc00
infected,breast_cancer_zz_r2_q4_s2__h_controlled_s2002.qasm,1633,8c9393aa4d8e7ec9cb418f11571ac9b52060f3687f2d4153d870bf4f49572714
infected,breast_cancer_zz_r2_q4_s2__h_idle_s2001.qasm,1633,d765e406e4b117d9fcc42da7242716437f88f74a9df829cab10bf7f514a7b6ea
infected,breast_cancer_zz_r2_q4_s2__h_random_s2000.qasm,1633,8c9393aa4d8e7ec9cb418f11571ac9b52060f3687f2d4153d870bf4f49572714
infected,breast_cancer_zz_r2_q4_s2__t_controlled_s2012.qasm,1633,4d5c436c77108731be7bca32781debc772c0344f205e3e88fa3f044caad9b821
infected,breast_cancer_zz_r2_q4_s2__t_idle_s2011.qasm,1633,ddbebb8b2674dfee11650a6716c40f1db55488bdd131a262d133622795f54006
infected,breast_cancer_zz_r2_q4_s2__t_random_s2010.qasm,1633,358a60ed75c148c6105ca03d16349fa09f12b03cd2831778ec691c9acff5fbf3
infected,breast_cancer_zz_r2_q4_s2__x_controlled_s2022.qasm,1633,397420b2a5256d451e2eaa77caeded537da460a414d69a139c08a832784e26d3
infected,breast_cancer_zz_r2_q4_s2__x_idle_s2021.qasm,1633,7af5a807953c978e4876e83bb50415544cbe61aaf9c55bd268bed9ecfc0e662d
infected,breast_cancer_zz_r2_q4_s2__x_random_s2020.qasm,1633,65741ecf09b2624a64e55051cf95511f0975aacdabd76144cd13dfea9273ee52
infected,breast_cancer_zz_r2_q4_s2__y_controlled_s2032.qasm,1633,fbb27b1cb01464a1b6ac7f2eee6c3776c0023d7dfbad70e095ab4d434e81c3ed
infected,breast_cancer_zz_r2_q4_s2__y_idle_s2031.qasm,1633,7560afd64df029c8e225888e522532e55b7013e1363c1b22e1be7f9b44cd0ae1
infected,breast_cancer_zz_r2_q4_s2__y_random_s2030.qasm,1633,b7bd6f89bfdfc0162f2f577e80171a1c018946cf84abcee123acd6592a038a78
infected,breast_cancer_zz_r2_q4_s2__z_controlled_s2042.qasm,1633,a97fb558e48db125e05d36b2435ad8e45a06258c651c5474fc9107dfce9dd0c4
infected,breast_cancer_zz_r2_q4_s2__z_idle_s2041.qasm,1633,21b645c4e56ce3572d48b02dd952b2fc071a0e1e03fed9eb8e8c9d210b086953
infected,breast_cancer_zz_r2_q4_s2__z_random_s2040.qasm,1633,2497908b1d7cc671a9a390ae49ecd6c86dec5c561c7818151010d6b1ddd13b99
infected,breast_cancer_zz_r3_q2_s0__h_controlled_s2.qasm,829,b10bf00e0f4c0a0e716ef4e94b079b82f650546b979831d40db3355ddc85bf4d
infected,breast_cancer_zz_r3_q2_s0__h_idle_s1.qasm,829,6b6e30a28ac61530255e1577e32c77474a2c8f468308be2d5075baa3713045fd
infected,breast_cancer_zz_r3_q2_s0__h_random_s0.qasm,829,c3ec48e21781921b6ac92d8eb72982f4f3c45a5a6d35d88efae38b043a7778e7
infected,breast_cancer_zz_r3_q2_s0__t_controlled_s12.qasm,829,fb6cbca90c73f424a11dfd20f779e484de2753ab2148743c2010285be0f6a6f1
infected,breast_cancer_zz_r3_q2_s0__t_idle_s11.qasm,829,11920f37edfbbdd6446024274dfd7d956c940b6dd87152258661315a5e4cb040
infected,breast_cancer_zz_r3_q2_s0__t_random_s10.qasm,829,f16cf066d214c7303225a67efed54ee62c630043fdeaf8dcab6bdb12dc3e92fc
infected,breast_cancer_zz_r3_q2_s0__x_controlled_s22.qasm,829,d04bd5055cf200bf5ba504433816927ae26078724989f56779d73049093cbb30
infected,breast_cancer_zz_r3_q2_s0__x_idle_s21.qasm,829,0d8b5272748ee4dbe0a82c45d7aaa16b6467ca22691fc2214bce925012b42af7
infected,breast_cancer_zz_r3_q2_s0__x_random_s20.qasm,829,c1cbc0b1130d9b264fefdec8bc922d06e9d4efd3ed7edca63e39390e604cc994
infected,breast_cancer_zz_r3_q2_s0__y_controlled_s32.qasm,829,e7913b5a0d5a9949edcfbb79153e3a09632a507899e5312d1a8e4c859b0407a4
infected,breast_cancer_zz_r3_q2_s0__y_idle_s31.qasm,829,9db44a63eda5e1f08d3027af9f88c3b3e7cae261e171866da594c579a2f87833
infected,breast_cancer_zz_r3_q2_s0__y_random_s30.qasm,829,236045e44cdcca894c9ccda9a90adb8c612d7d71adcac91f6f3bca6e2b45c199
infected,breast_cancer_zz_r3_q2_s0__z_controlled_s42.qasm,829,e94abc8d60f874442283c61bc25a8df7c0ea8c547da5fc43d1e1dd110af5bf0a
infected,breast_cancer_zz_r3_q2_s0__z_idle_s41.qasm,829,b6c6a24b06cf5d100c2b276532c38fc4155443be86a92443b3f48f10b5d37e2e
infected,breast_cancer_zz_r3_q2_s0__z_random_s40.qasm,829,08fae6e23433bc9b64d3899d3c145d990df36d478af7d0f7f912be55bb0c8d30
infected,breast_cancer_zz_r3_q2_s1__h_controlled_s1002.qasm,832,6b7004a6eab9c74c3dc8a76b25f51233ee1c816ba6ab1a1bc3d1a0fb632f3e55
infected,breast_cancer_zz_r3_q2_s1__h_idle_s1001.qasm,832,b5da754ead6c49132a853109630edb6f4d2c69033fcdf808e9d965043fa010ca
infected,breast_cancer_zz_r3_q2_s1__h_random_s1000.qasm,832,6b7004a6eab9c74c3dc8a76b25f51233ee1c816ba6ab1a1bc3d1a0fb632f3e55
infected,breast_cancer_zz_r3_q2_s1__t_controlled_s1012.qasm,832,5537e5b9a16775bbac5f94c8b903396afebba7f74940b58d3424aca68025934f
infected,breast_cancer_zz_r3_q2_s1__t_idle_s1011.qasm,832,baed5491f1bd271474b923adb04c4637b430d34844fdd216291eda7de07eed50
infected,breast_cancer_zz_r3_q2_s1__t_random_s1010.qasm,832,44a14fd8a25a163c182327bdbfa7eea4ca2aa5c9b3e1901ab7bf257297e91868
infected,breast_cancer_zz_r3_q2_s1__x_controlled_s1022.qasm,832,5a8da5e8416ac3ff8e0a8cfeac479b0765c395f36e4aa207566914525cfbef5c
infected,breast_cancer_zz_r3_q2_s1__x_idle_s1021.qasm,832,c879ee7285af05f4e67eae41d0420f2f96ad70ac15717bc1e82a6118fe83b0b9
infected,breast_cancer_zz_r3_q2_s1__x_random_s1020.qasm,832,9ff25c85f6d141c2eb1a3e22165fd3ef1d16e8c47865ec0151d54e0690feffff
infected,breast_cancer_zz_r3_q2_s1__y_controlled_s1032.qasm,832,313c4b785324041516bd4c440fe56f596cdc051f3f6980aa2ecd70cdd5b79fd0
infected,breast_cancer_zz_r3_q2_s1__y_idle_s1031.qasm,832,fd08089623689c59aeef688d97ee5742b752703926c8c93f41d9ec453d717660
infected,breast_cancer_zz_r3_q2_s1__y_random_s1030.qasm,832,a943d5a802d4e6c254d62d887aad2bb2d8263b9c36ef72ec847b78569aaf9257
infected,breast_cancer_zz_r3_q2_s1__z_controlled_s1042.qasm,832,46c16fda8107b6ac2636ded6ca679a6102c8b7e1f40f66e6ba43a1f6aad111d5
infected,breast_cancer_zz_r3_q2_s1__z_idle_s1041.qasm,832,501560e2aa080f8c0c57b8e03e5b6373d315d934e137913de807e268c985af60
infected,breast_cancer_zz_r3_q2_s1__z_random_s1040.qasm,832,906ce25b52ce878bcae4f15d36ad186def3afc09e38ca689bef80de4399d65c0
infected,breast_cancer_zz_r3_q2_s2__h_controlled_s2002.qasm,834,2dfaf9ec33dce1fe01e1c758b98ca540a354d637e29e59ebe6683e0c728631c6
infected,breast_cancer_zz_r3_q2_s2__h_idle_s2001.qasm,834,5236e2de32435d277f74892532c15838dbe8547202570ccd66d78634d0e31a79
infected,breast_cancer_zz_r3_q2_s2__h_random_s2000.qasm,834,b79d0fe7f92423e6f3c2babfd768412083b9718442a398987af78e935bbfe275
infected,breast_cancer_zz_r3_q2_s2__t_controlled_s2012.qasm,834,6c96055725706b17d6f60f170e99dc809dd3b877281b693a8897c1f31d0c0635
infected,breast_cancer_zz_r3_q2_s2__t_idle_s2011.qasm,834,6cc01a20f9eb69b8d5c7c6cf439ae9cfbd4f0421b55636a8d0b3c51ca0e4a57b
infected,breast_cancer_zz_r3_q2_s2__t_random_s2010.qasm,834,4b0ad755eb9425fe7bd45b5436beb48d7ca5d82e7c14bf1361d2ad48eda2633e
infected,breast_cancer_zz_r3_q2_s2__x_controlled_s2022.qasm,834,51460a7465193740161b362976ef88ad0738774ed7cae3ac0676b9a64697c084
infected,breast_cancer_zz_r3_q2_s2__x_idle_s2021.qasm,834,611b4c0fba8e6619986fc90101cb2d2836697fd93a422ac06932010193f56910
infected,breast_cancer_zz_r3_q2_s2__x_random_s2020.qasm,834,c9d9d77a0c31254022b9bee06c50c3719c442aa5bd411998aaf4abba3f6cdaf7
infected,breast_cancer_zz_r3_q2_s2__y_controlled_s2032.qasm,834,0fe188cc1d8dd489896b9198f3852f5c6890812b44162994aec8681020198ade
infected,breast_cancer_zz_r3_q2_s2__y_idle_s2031.qasm,834,e4fcb356de0045b3373e6b2a01de5a721f5bc8b6e1e02cbc68ba36b205236341
infected,breast_cancer_zz_r3_q2_s2__y_random_s2030.qasm,834,290e830549b6049dfa3027744eb46bc59c6cc9dd823ac41126ee9e4632aacd44
infected,breast_cancer_zz_r3_q2_s2__z_controlled_s2042.qasm,834,e04de37489d3d623fe49748a29a82efe59ce92fe4a4419bfe0fc6720b58d94b2
infected,breast_cancer_zz_r3_q2_s2__z_idle_s2041.qasm,834,6fb2d5a47f2487282193f06f678e95b2ba32b988745903a703f57067a19afd0c
infected,breast_cancer_zz_r3_q2_s2__z_random_s2040.qasm,834,7f6c905cc1a90d1d1a1c23d585890ae3958077f25efcec9ea5c1285dfc7992b9
infected,breast_cancer_zz_r3_q4_s0__h_controlled_s2.qasm,1815,bd3e845767a945d7da8fd409a9a0993c062b1adb2b3eec52b60f6efa621ec9a0
infected,breast_cancer_zz_r3_q4_s0__h_idle_s1.qasm,1815,faf782ee87c5ae00ff792adf61e1c2ddaeb046fd31843456fd065777607a7380
infected,breast_cancer_zz_r3_q4_s0__h_random_s0.qasm,1815,515dd0b03f0f978c99737fe17c1ae573abd304528cc035cced16696bb751d075
infected,breast_cancer_zz_r3_q4_s0__t_controlled_s12.qasm,1815,893e738a2997b15712e60aa090e34b7344e04925a67f6b46c3a932ec64a0420a
infected,breast_cancer_zz_r3_q4_s0__t_idle_s11.qasm,1815,af14b6fcc5d322d51cebf371cfdb1bd82b57ca1d6c768dae753fa246396bbd1a
infected,breast_cancer_zz_r3_q4_s0__t_random_s10.qasm,1815,4724c279a6540dfdeea89263001d5d3665210e0e9610ded0d2b06ac93feef142
infected,breast_cancer_zz_r3_q4_s0__x_controlled_s22.qasm,1815,0e8eb022fa5fa6b6211d2a117d547c67a593dd97845ef7a1ee6d3e3c3d9b1876
infected,breast_cancer_zz_r3_q4_s0__x_idle_s21.qasm,1815,efbc7d30833cd22980197bf8103bf019fabcf74f1abd0fbc23a27b973c59ce9d
infected,breast_cancer_zz_r3_q4_s0__x_random_s20.qasm,1815,9a917a92655dfdbdf4f494ae19552f4eeb238cc230e444ef396ae7c014be8ec0
infected,breast_cancer_zz_r3_q4_s0__y_controlled_s32.qasm,1815,2120f7b193926bf9e66d2a72000bbb62124c69222602b6942842b777556427f6
infected,breast_cancer_zz_r3_q4_s0__y_idle_s31.qasm,1815,cb74ecc13f15f062df8cf7581e7f4ef06dcb5563c3319c69aeddf560556df4dd
infected,breast_cancer_zz_r3_q4_s0__y_random_s30.qasm,1815,3443bf5bcdfd5407531c818dbae646a1a0adfe3969ab8fbabaf1e722230a32a7
infected,breast_cancer_zz_r3_q4_s0__z_controlled_s42.qasm,1815,62da145a1fd796ba20b92278d3435091a13d0fb337090f853441ee95e2a34a2d
infected,breast_cancer_zz_r3_q4_s0__z_idle_s41.qasm,1815,6bcf569b2e79296e3bced58e7328bc8b5397a2e2c6b25892123730232d039701
infected,breast_cancer_zz_r3_q4_s0__z_random_s40.qasm,1815,7b1f78f0ca80d83ad547d707cb27062be0b2cabc4d29809ce65d6263ec757eeb
infected,breast_cancer_zz_r3_q4_s1__h_controlled_s1002.qasm,1826,244784378efa1da8d3ac6c04cd5591105948741d9ed415cae478a9f1431a55c2
infected,breast_cancer_zz_r3_q4_s1__h_idle_s1001.qasm,1826,f7540f7a70223dc8f2dc84c48a02bda814fe54e9517ce17a428ef9b07ffa470c
infected,breast_cancer_zz_r3_q4_s1__h_random_s1000.qasm,1826,244784378efa1da8d3ac6c04cd5591105948741d9ed415cae478a9f1431a55c2
infected,breast_cancer_zz_r3_q4_s1__t_controlled_s1012.qasm,1826,fee1936ba91ccb8652ee854a1b042105ca8b3e827249002870be69f696bce94f
infected,breast_cancer_zz_r3_q4_s1__t_idle_s1011.qasm,1826,a12833f401cb144f6efd7ea559ddca37eff180c6e587d3ed1f7d5304034d5711
infected,breast_cancer_zz_r3_q4_s1__t_random_s1010.qasm,1826,b5d4d3587dc342f224c3f5fe0e862abaac039c345945e516078885f2de25bc52
infected,breast_cancer_zz_r3_q4_s1__x_controlled_s1022.qasm,1826,e21668842966bdb159948263394d2dea20655b66521c26e19c340667840e6c92
infected,breast_cancer_zz_r3_q4_s1__x_idle_s1021.qasm,1826,9610ad6ee875328c3740a517a4d8fc6d1579e9689d7e0f1f4e90a353c5cb88a2
infected,breast_cancer_zz_r3_q4_s1__x_random_s1020.qasm,1826,bf8d1be3118f932fdc635c4c5586e8c6cc6000b20bd5ec5a21597e4da8b27b44
infected,breast_cancer_zz_r3_q4_s1__y_controlled_s1032.qasm,1826,b7ddd93c56d68704dfffdd005f4dccd178facefce50b5d6e662abd2d7bc915d2
infected,breast_cancer_zz_r3_q4_s1__y_idle_s1031.qasm,1826,c161e42307f31c69aa4d76efeba44a8c3406b49292a0e9a14b72b157f6b6253a
infected,breast_cancer_zz_r3_q4_s1__y_random_s1030.qasm,1826,46ab9290fe7db48e93245cccc08891e3e60b1a515ff1b246d52906ac03cdb7d5
infected,breast_cancer_zz_r3_q4_s1__z_controlled_s1042.qasm,1826,c7610ba0148c9e88c721ef500ca316a3ce5babe89f4ed8ee50489e5bb76cf3a1
infected,breast_cancer_zz_r3_q4_s1__z_idle_s1041.qasm,1826,05b69b1c9ab4f770876cbcfcf37962b827a856aaf1452058bb686a3dda78a504
infected,breast_cancer_zz_r3_q4_s1__z_random_s1040.qasm,1826,6a85640174fbd8761b05c64ba57c2740598ecb6506005a240301c64f2e057901
infected,breast_cancer_zz_r3_q4_s2__h_controlled_s2002.qasm,1827,87bc6313e452dd9f620bb03fa01ebd0de7445645e2fca15a6e645898440582af
infected,breast_cancer_zz_r3_q4_s2__h_idle_s2001.qasm,1827,654a80270517429210ef83facb2357b21db5846a144988390d6af6b6c62f200e
infected,breast_cancer_zz_r3_q4_s2__h_random_s2000.qasm,1827,107d28742b603bb9d82b05d398bb6055ac82670707f44583fb67d4c8a00343ff
infected,breast_cancer_zz_r3_q4_s2__t_controlled_s2012.qasm,1827,5391be5002bec35d7cfd133f7c9c38d1b255aa2ff056d4fe4e1eb1bad86587a5
infected,breast_cancer_zz_r3_q4_s2__t_idle_s2011.qasm,1827,50809fe9facf75f3992e1f5894fab03fa96f15fca99b59401cfffb6500b51fdc
infected,breast_cancer_zz_r3_q4_s2__t_random_s2010.qasm,1827,b5897bb15992c1988b418746d623af1b39e25ff89780c0e856212ffec073421b
infected,breast_cancer_zz_r3_q4_s2__x_controlled_s2022.qasm,1827,9110a4485c011b9cfe25663b7f45c7f75581efab53be0660d87f6b2c5b9c0200
infected,breast_cancer_zz_r3_q4_s2__x_idle_s2021.qasm,1827,7681eccfa94de40ff104db2f863bbf46843cb83126d9b1ed79c44fdd49aeac9e
infected,breast_cancer_zz_r3_q4_s2__x_random_s2020.qasm,1827,5e205f5a80a135976e510d56580e87594006d7c02015619b3c545a5015474bac
infected,breast_cancer_zz_r3_q4_s2__y_controlled_s2032.qasm,1827,05eb8c4d60eb1d38ae2f3541cdfde63380dbe5dfa2ce7dc5e60fcce761f4815a
infected,breast_cancer_zz_r3_q4_s2__y_idle_s2031.qasm,1827,69db8639c0a45c715413a2a0e6f53059bcf35e23ee5f69dedc5d81dce6de3353
infected,breast_cancer_zz_r3_q4_s2__y_random_s2030.qasm,1827,fa1e72a332ffc9296ad5415ad965baa5d0a20fdad544ca0d8c5157debacd2c0a
infected,breast_cancer_zz_r3_q4_s2__z_controlled_s2042.qasm,1827,86866665ea50cbc440158370c6d08cf3a44e9f44b64979da7566567714c9099c
infected,breast_cancer_zz_r3_q4_s2__z_idle_s2041.qasm,1827,196df81981206a0ebca7492c69e1d9fded1de9a41fbdc4fc7fd84a70947b23e2
infected,breast_cancer_zz_r3_q4_s2__z_random_s2040.qasm,1827,69ae8bb6c10e718e280328d5cd63d2d88ae340f76854e80bd7deb2f3f17c209c
infected,digits01_z_r1_q2_s0__h_controlled_s2.qasm,492,247b14a99ffbefaae201a388d14e4fbddb7330369165d22f2b60a39dd8a88d23
infected,digits01_z_r1_q2_s0__h_idle_s1.qasm,492,42c74eaf041bd610f6c63e59f64ef473436efa688e8be35c6cbb37750f334d93
infected,digits01_z_r1_q2_s0__h_random_s0.qasm,492,78519128573126d13feb209d84f3cf068a5e72c6204d67220792d841142780a6
infected,digits01_z_r1_q2_s0__t_controlled_s12.qasm,492,9b332b1b7ed27e43d12d44bd953b51f944beaef5486bfb402ac45f198d076656
infected,digits01_z_r1_q2_s0__t_idle_s11.qasm,492,54b615be03d606a6260a6cc840f6aca6ffa15e3997d5acd62e3a7b2edd762698
infected,digits01_z_r1_q2_s0__t_random_s10.qasm,492,d93e72323458c6a8e54a9b9a67eedb28112bda3558e515bfca9c3cb68ace2c79
infected,digits01_z_r1_q2_s0__x_controlled_s22.qasm,492,163058b3bdbb9994d1568a6bb4031b99a9732c1fa12ab69dd38b7da95909dd96
infected,digits01_z_r1_q2_s0__x_idle_s21.qasm,492,70a22cbd6d3bc550c0dff382afdd5d01ffbaa4d64e47977e934f7257c5c4ebc2
infected,digits01_z_r1_q2_s0__x_random_s20.qasm,492,bb9ad16b3b15cafa9bb1ad7c71793eb6dcbeaefa8f6c7819264a1e4948ac9e90
infected,digits01_z_r1_q2_s0__y_controlled_s32.qasm,492,154991cba411e599356fa15e7d6856cc3ffa2465075ceddd154ade24dbda8e70
infected,digits01_z_r1_q2_s0__y_idle_s31.qasm,492,f4126b436ac7a23a9122bf4cc7af16f0dc81a0080658c4d801c4c7ceb0b0d7f5
infected,digits01_z_r1_q2_s0__y_random_s30.qasm,492,cd85cbaf906d7d935e6ae3440c6513bdefb6240ff2009c47312723413104ea47
infected,digits01_z_r1_q2_s0__z_controlled_s42.qasm,492,92a3c009f210ca6d400900126fb587ab2b7df03ffd8097922c712b48fc63a711
infected,digits01_z_r1_q2_s0__z_idle_s41.qasm,492,6980b6571297cf9aa1c9881ca4ee2e4230b784e17dc47b86412bc26ab9c03635
infected,digits01_z_r1_q2_s0__z_random_s40.qasm,492,0272f3439cb5d0af8b6ebc9aaee56538bf78726969ef499f4d143a19db46887f
infected,digits01_z_r1_q2_s1__h_controlled_s1002.qasm,491,9bb892ad479ec7ad023582cb81122177a02b3572108880c1a8759f77c6d335bd
infected,digits01_z_r1_q2_s1__h_idle_s1001.qasm,491,fe63ec1958795063518b76320661e84d6cceb2d0c0a7d8c35c4cc036b3ee12f4
infected,digits01_z_r1_q2_s1__h_random_s1000.qasm,491,9bb892ad479ec7ad023582cb81122177a02b3572108880c1a8759f77c6d335bd
infected,digits01_z_r1_q2_s1__t_controlled_s1012.qasm,491,8f535544ef9b1c2b2eb490fda90e5dd8905bd7f94c386b10b3e3186794bc4e39
infected,digits01_z_r1_q2_s1__t_idle_s1011.qasm,491,bec287559d0486c6b14dd747444fdc824ba68a4777c90000655da28a6ab2a062
infected,digits01_z_r1_q2_s1__t_random_s1010.qasm,491,4ee736560c3a1643ac007ec0660b71ce3554ef0b34250a3aa684f9198da5bd43
infected,digits01_z_r1_q2_s1__x_controlled_s1022.qasm,491,66e7b9e70f357e8e557ce4eab859cb3277f04bbad920e1249e8be57a22f2a640
infected,digits01_z_r1_q2_s1__x_idle_s1021.qasm,491,c1e4d320395f5790eedd4d1e7f98694c8d5a7aece715737afcf8f142188631de
infected,digits01_z_r1_q2_s1__x_random_s1020.qasm,491,b75d39807e3417ebb96f2472f4616c951b3c83661f9d11c0965b0e017584a255
infected,digits01_z_r1_q2_s1__y_controlled_s1032.qasm,491,961e500e49ea70f05e291f770cbd50ab9e7828ef56130f09880780f446c6d808
infected,digits01_z_r1_q2_s1__y_idle_s1031.qasm,491,a784933ca0e7d6398b1f41b95f81a2bd25d1291b0a57c324e9fd7f9968368bc8
infected,digits01_z_r1_q2_s1__y_random_s1030.qasm,491,25025bd88db6e163842040ec17b586e5d3621722bc7e51c7169a090e3155c532
infected,digits01_z_r1_q2_s1__z_controlled_s1042.qasm,491,62fab39ccbcbc5ccbf402dfc5cf2ede0bbf2a35a222e0c9cb188d8c0f1bbd577
infected,digits01_z_r1_q2_s1__z_idle_s1041.qasm,491,bbbc911237c1691381a4f468e4ac141e87dbad356dc2a0aa6014dd1839687933
infected,digits01_z_r1_q2_s1__z_random_s1040.qasm,491,69246170e01e5dc040dd707fa82672566b6f04486cf67c13aa99d6bf455a60d4
infected,digits01_z_r1_q2_s2__h_controlled_s2002.qasm,490,42db31418b0dcb1c04813b2246ae52ef183840b19e3486b844935d8ca75ba5dc
infected,digits01_z_r1_q2_s2__h_idle_s2001.qasm,490,547453bf74d5c24ff0052cf761d68e39c5de87cbc095a62b752e4ec50555b142
infected,digits01_z_r1_q2_s2__h_random_s2000.qasm,490,c5b55e593cb621ab14239bd3a952faf8709bdf2a44e1f17e0781e0ce1ac51158
infected,digits01_z_r1_q2_s2__t_controlled_s2012.qasm,490,abede87f68442fb224362742cc5127dca0cf11f8a70e9e02e398ee1426a53d99
infected,digits01_z_r1_q2_s2__t_idle_s2011.qasm,490,c5ba6e17b01c5f588a62b9acb0c73933ed464d037fa10e2604de688f29f83545
infected,digits01_z_r1_q2_s2__t_random_s2010.qasm,490,cd231060579eff07e73ecaa2436ccb2b351b46db7c147ffa98cbe6bd651ef6b7
infected,digits01_z_r1_q2_s2__x_controlled_s2022.qasm,490,b0d33c7ce58a328af9270ccc29dea702e69025fffab7d926f21cf216852899e9
infected,digits01_z_r1_q2_s2__x_idle_s2021.qasm,490,4f01da9655af98d1fc06e723a50dc2199b4b4c4633d22bd42d7ac162e8296846
infected,digits01_z_r1_q2_s2__x_random_s2020.qasm,490,b0d33c7ce58a328af9270ccc29dea702e69025fffab7d926f21cf216852899e9
infected,digits01_z_r1_q2_s2__y_controlled_s2032.qasm,490,215f87fdc144bb9996113a99d1cb42b05bcdb978092eba5542d2a8b82ef81f24
infected,digits01_z_r1_q2_s2__y_idle_s2031.qasm,490,a478bb01ee12669b5de7b360d4629bf9d3d0de1da3e7bb286e40d47a276e9781
infected,digits01_z_r1_q2_s2__y_random_s2030.qasm,490,c38d2cd088f1dafe5a461a14c03a829dbf7a785cd8e4c65a489512b170521a92
infected,digits01_z_r1_q2_s2__z_controlled_s2042.qasm,490,cd45671f32fa618e13dbfcdec94c90c49efdf3b4a76fea10f347fb86abe3e478
infected,digits01_z_r1_q2_s2__z_idle_s2041.qasm,490,027e1cfc1920eea1a61bcbaa711afe5516e89440df157417b573faa50cecb24b
infected,digits01_z_r1_q2_s2__z_random_s2040.qasm,490,9ebf165b526ee8ac3155bc971d3d762544c69d00e2f116f8a5b90563cce4d395
infected,digits01_z_r1_q4_s0__h_controlled_s2.qasm,935,e51df27206205161214e686e027d9a5f6153e67bc37866d84a77ffb906fbc2cf
infected,digits01_z_r1_q4_s0__h_idle_s1.qasm,935,363ea42566697c713d5b5f95a39d1106ecdf438a0c899528c7b40c6163f46bcb
infected,digits01_z_r1_q4_s0__h_random_s0.qasm,935,bfc7ca35b92b1ec55b255fe83fed8f5f5e5b962b7d6d06692b3c33f7e051692d
infected,digits01_z_r1_q4_s0__t_controlled_s12.qasm,935,96fed1219cc3d75f48472b0eaa551ba1d71389ed9c1edb6758bf4d00eab3e81c
infected,digits01_z_r1_q4_s0__t_idle_s11.qasm,935,f287429de5850443a2a7c0d45a284b83b34567714870658f8742e4ec76535d53
infected,digits01_z_r1_q4_s0__t_random_s10.qasm,935,085efcf2aed64284259e9ae3852019ede5adde32629ffac2357f41e4cf0995fc
infected,digits01_z_r1_q4_s0__x_controlled_s22.qasm,935,75e06e182dae8f456393f29d3b39d0dd5c01de71d9b0131473c9d8d37f45afaf
infected,digits01_z_r1_q4_s0__x_idle_s21.qasm,935,db323bff249f0814302914fd31e157d47070d0f90e4b6b09bbe0ffc3845f3c66
infected,digits01_z_r1_q4_s0__x_random_s20.qasm,935,30061555690bf94a643dd31e465af6c6e0d5bc95924a2558086ffb0c2eeeff1a
infected,digits01_z_r1_q4_s0__y_controlled_s32.qasm,935,4a26de6553ccf427ebbb811875a5cb66ea98f0cfd835dc151e528e3a491fe40e
infected,digits01_z_r1_q4_s0__y_idle_s31.qasm,935,42212ac4bfc436f74647fa70dde78ddb97e79319d82af8698a881cfb32bf6a74
infected,digits01_z_r1_q4_s0__y_random_s30.qasm,935,69270d2b67c43ff6795c8072dc02d456ca79535dee7637fa801b221562edb06c
infected,digits01_z_r1_q4_s0__z_controlled_s42.qasm,935,766606bff1685cf7edb684e90a617d1be2f1c2998c3343863ccb8972b7a4b098
infected,digits01_z_r1_q4_s0__z_idle_s41.qasm,935,cbdf68fba02b58bac772fcc66d18c032afd22155541afb45e227ca628f09539d
infected,digits01_z_r1_q4_s0__z_random_s40.qasm,935,9b34862fd829c7e3a157285bda3f2d2444c629faa6c291f5c9b037dc67ecab3e
infected,digits01_z_r1_q4_s1__h_controlled_s1002.qasm,935,37caa1fed258d95de3ff447c6158accff5d3eaae43c5345ae00ebee2f763f86b
infected,digits01_z_r1_q4_s1__h_idle_s1001.qasm,935,4cbe41cc066351a9a6d62720253e2c6aa57e5e7001519ffbbb6c3b1b394ab4d7
infected,digits01_z_r1_q4_s1__h_random_s1000.qasm,935,37caa1fed258d95de3ff447c6158accff5d3eaae43c5345ae00ebee2f763f86b
infected,digits01_z_r1_q4_s1__t_controlled_s1012.qasm,935,f2d90ea494e203cdc7ee94abf0e033cf8aab203c43bfd06f604093c9e73d73e3
infected,digits01_z_r1_q4_s1__t_idle_s1011.qasm,935,129841b2246d793e71f2ccf5a991b186b9c9d7f83649585b660d44653e3456f0
infected,digits01_z_r1_q4_s1__t_random_s1010.qasm,935,6fee99cbd81331022f4a79e4b328a904d89107a529135b0050ba170f80982035
infected,digits01_z_r1_q4_s1__x_controlled_s1022.qasm,935,316fbcfc7eb488f77e50ac8140b9aef431257826524277a2ad3321abb203159d
infected,digits01_z_r1_q4_s1__x_idle_s1021.qasm,935,617e8db403c3cf3e0da2650d7f1d002b42bdcf60032c8bfc1063f2416b23dd7b
infected,digits01_z_r1_q4_s1__x_random_s1020.qasm,935,c22adb47aa3602f9ebf3c50824b551dd2b6282b02d5921fc2604f7da4410fd4b
infected,digits01_z_r1_q4_s1__y_controlled_s1032.qasm,935,416024aa0d4f62ff0a2b4d0009f1cd3271768bfbe2d825ad983a091b6f131c3c
infected,digits01_z_r1_q4_s1__y_idle_s1031.qasm,935,60fc7f9196c35c62f4e4ef654e961a388d128dfb2a5bfdd2ad85932438e04d5a
infected,digits01_z_r1_q4_s1__y_random_s1030.qasm,935,c3c9ae261ecafc4c92656d565895eb611e5837212243ab85ba37630e7edd5c87
infected,digits01_z_r1_q4_s1__z_controlled_s1042.qasm,935,9006b95fddd672f9353c731192319a4275611b8d6bbe4c9b4363338e9b251763
infected,digits01_z_r1_q4_s1__z_idle_s1041.qasm,935,c30ddf6825b76fb64d7e4b0726736429f62a1c07564422ff4fee8982f162c5ff
infected,digits01_z_r1_q4_s1__z_random_s1040.qasm,935,6535592fcd9d621466050750b9e34f8728915395fa13d1e87ba45712c83e8b47
infected,digits01_z_r1_q4_s2__h_controlled_s2002.qasm,938,9aef9722cd1b03881b4d96b9c4d7fa1ed595939d9ba2be0d134a25ca2eb24320
infected,digits01_z_r1_q4_s2__h_idle_s2001.qasm,938,39eb32b31b598848003e9a87cccbedc0cd7fe1806fb8854f757d7b6112fff0f7
infected,digits01_z_r1_q4_s2__h_random_s2000.qasm,938,39eb32b31b598848003e9a87cccbedc0cd7fe1806fb8854f757d7b6112fff0f7
infected,digits01_z_r1_q4_s2__t_controlled_s2012.qasm,938,ce414020d3901b025da7f20572aa8b0d625dcc2ff924369bf4f91b62629aa058
infected,digits01_z_r1_q4_s2__t_idle_s2011.qasm,938,9b735daa4336167e96def1b5c0534a2a366f247a963a9fedbe16a594b7f34ea7
infected,digits01_z_r1_q4_s2__t_random_s2010.qasm,938,a29bf60f5f45769d47c1527b720aa8fd0866652de91eec8fe502e78b79d5394b
infected,digits01_z_r1_q4_s2__x_controlled_s2022.qasm,938,19aefebf23275033146dc4aa96246c773a256bbdcd7a094c805a743094e2173c
infected,digits01_z_r1_q4_s2__x_idle_s2021.qasm,938,5bfed7326edb04113a879c1b4b28869ae0447d4ad65fb704d66fa36ef42c3d12
infected,digits01_z_r1_q4_s2__x_random_s2020.qasm,938,19aefebf23275033146dc4aa96246c773a256bbdcd7a094c805a743094e2173c
infected,digits01_z_r1_q4_s2__y_controlled_s2032.qasm,938,4fc0a5df414d0713aace65fff7b5856eccf2d0b40215c9e9abbe6e56ddf35b69
infected,digits01_z_r1_q4_s2__y_idle_s2031.qasm,938,94cea439c1daf76364e5e7cf5f8404f6957e88d1be739c6be6cfa863d936562d
infected,digits01_z_r1_q4_s2__y_random_s2030.qasm,938,642cd5a09793660118c22af2ad0247fe5423fd78df659a27d9b2b94eeb09b8b4
infected,digits01_z_r1_q4_s2__z_controlled_s2042.qasm,938,5a26950644cb0a8c6392a98663a5984019f836efe3440707ac16d0249e633a64
infected,digits01_z_r1_q4_s2__z_idle_s2041.qasm,938,edc45bb73e77fa7e1f99a5d97b1847fc9022efc7cec842773ff1ae93d9d81a65
infected,digits01_z_r1_q4_s2__z_random_s2040.qasm,938,9741fb037eccf25a2f2802ae5eca990014c952f0cfff019f901fae64147d22f8
infected,digits01_z_r2_q2_s0__h_controlled_s2.qasm,579,dfb28f7b3c276a0db8040a5297c88e24c2ce05d8630f65cb38667060e5c840f4
infected,digits01_z_r2_q2_s0__h_idle_s1.qasm,579,b482ba4ccfeef5339aecdfa79f750819205144713f1800c17ec000a79eab9693
infected,digits01_z_r2_q2_s0__h_random_s0.qasm,579,a28a8cff41022213fb9d832fb7b27ddfd1769bfb12ef189ea0d1b093909b8a9a
infected,digits01_z_r2_q2_s0__t_controlled_s12.qasm,579,cc1d091f3ad5afd7e88f0015cdcac0356911278ad704f14d4d5541361d20f329
infected,digits01_z_r2_q2_s0__t_idle_s11.qasm,579,e7c3669d6a6e30a77473aed5ff49e8ab930f6d61a2cf752f13899c309349cdfb
infected,digits01_z_r2_q2_s0__t_random_s10.qasm,579,31d97ef3d51f472e27d38226b6afa853cf6f3a036c63e3a933692827c2d10ca3
infected,digits01_z_r2_q2_s0__x_controlled_s22.qasm,579,7b3be04ad8e81b28e8e47bef582d6353043f20c35dc969f45cfe026ca5b9de97
infected,digits01_z_r2_q2_s0__x_idle_s21.qasm,579,4024e491e753ec5ea6d5e0c146552421e31f6bfbc7953c06482c63b6daaa6827
infected,digits01_z_r2_q2_s0__x_random_s20.qasm,579,39922086221ccde14362570c2ae0622cfa0b9d915e5c1a9bcefbcae0823efa86
infected,digits01_z_r2_q2_s0__y_controlled_s32.qasm,579,8bfe28384c9854c4e1a46fba4326222e836c3a8d3fb952c28be37e6c194aa87d
infected,digits01_z_r2_q2_s0__y_idle_s31.qasm,579,5f88a5967e47f517a220c48c9f1d49e353cb9f68489b81e0fe4778d2ffd20b17
infected,digits01_z_r2_q2_s0__y_random_s30.qasm,579,ec347b5c79d9350cb6a36acf83f39859f16e739425573b7de993b58992e02477
infected,digits01_z_r2_q2_s0__z_controlled_s42.qasm,579,c0d1025685889b0b12d2b6e3ad20eaacfc5c11caf52378205f5da26b9e7a8d98
infected,digits01_z_r2_q2_s0__z_idle_s41.qasm,579,fb270ce4e4c3736177948d49b345f390325588f383c1715ff48432813cfb425b
infected,digits01_z_r2_q2_s0__z_random_s40.qasm,579,fcb118996a44ca822a4d6c88726cd705722e50054aa6a3fa0d47af25376571d5
infected,digits01_z_r2_q2_s1__h_controlled_s1002.qasm,578,bbc31ad87b734f9115848ee494aa30f853c48dd190a7a599c42a64a9684f181b
infected,digits01_z_r2_q2_s1__h_idle_s1001.qasm,578,89db3e6424229aea43c5993557cf222bc4ed1c8f77a26ca0a8f894cfced460e4
infected,digits01_z_r2_q2_s1__h_random_s1000.qasm,578,a73c7e8e6f4c15ec43bf5011db1d345344ca5fe731c95a602a8c162aa41ea5bf
infected,digits01_z_r2_q2_s1__t_controlled_s1012.qasm,578,71b582ca6c6cd72477736e684fd7823d8efce4852c7969b7fd01ff4056b84394
infected,digits01_z_r2_q2_s1__t_idle_s1011.qasm,578,786c6876603cb53738b0f67fd6b59a87f0ed5029a0c91c47b92409f60afa1a10
infected,digits01_z_r2_q2_s1__t_random_s1010.qasm,578,d6023f4a4877754f36352fded2d5ab1b6337f9b2184b9c22d6ed16786706c1da
infected,digits01_z_r2_q2_s1__x_controlled_s1022.qasm,578,b23543cf8ee8d5c801177f65b49c362fe8b2c61720e464ed41bc09174d4ba2fb
infected,digits01_z_r2_q2_s1__x_idle_s1021.qasm,578,1fc928bf4df529383a368f579f208eb9a2ba01740e00b875fd8568cfeca17c12
infected,digits01_z_r2_q2_s1__x_random_s1020.qasm,578,a19ca14c147c5790d4abf30a74a05990cc2ab05d36e0f6802379add629ca0757
infected,digits01_z_r2_q2_s1__y_controlled_s1032.qasm,578,de15fcbc1ebfd3728b54715cddd1c7b894ea4e86351f5bb7f93c71a5fd9b1205
infected,digits01_z_r2_q2_s1__y_idle_s1031.qasm,578,ac1f6e6977137040a19b48568200782215b9059d401f96fc0c91f98ce3838b2a
infected,digits01_z_r2_q2_s1__y_random_s1030.qasm,578,4d94ebda606dc6542ed9955e486308ae6c3a0163813f9818cc5b967dc9e379af
infected,digits01_z_r2_q2_s1__z_controlled_s1042.qasm,578,d1a3c185c2b7dbea9a095ab31a92f037a3e56feb1b78fac1053faf598201791f
infected,digits01_z_r2_q2_s1__z_idle_s1041.qasm,578,19277d6c6329731192959b0d9abe0631d32f4d69b734fee348bd6c4d210034f2
infected,digits01_z_r2_q2_s1__z_random_s1040.qasm,578,0cb1377e5ba4c5f190773dfe639bcb89b11e6661a2aa7973c366e4f0d5e9ff67
infected,digits01_z_r2_q2_s2__h_controlled_s2002.qasm,581,3c236a31be2f9eb2185afad93299de7bdcf5210259a2bdfef4f5c93cf29e0bc0
infected,digits01_z_r2_q2_s2__h_idle_s2001.qasm,581,0784fa693d2a9c15c4dcf7856d75cfed51ebf6bc8414146b65ef6e0005731e0f
infected,digits01_z_r2_q2_s2__h_random_s2000.qasm,581,023f232512f242cac5f00efc3a0c87bebb7d1fc9cea9cc336fd636e56df8bc7c
infected,digits01_z_r2_q2_s2__t_controlled_s2012.qasm,581,01732fbb3c1a2765c6fe4675434ab41f92e024da1f53a9161b337cb1cae73905
infected,digits01_z_r2_q2_s2__t_idle_s2011.qasm,581,aace74dc1741e10e549e86504b1a8d5210848f40ab180a54bd40ef1c566f9454
infected,digits01_z_r2_q2_s2__t_random_s2010.qasm,581,6453ef5b956816097e9eaa8eab35d64e0a52d40d599779881d3f248d77517fcb
infected,digits01_z_r2_q2_s2__x_controlled_s2022.qasm,581,e652275db5006dd45e57a15d63b8c9430ecf278f17b4301e7ce3da9d100b9b71
infected,digits01_z_r2_q2_s2__x_idle_s2021.qasm,581,75d9dfaadcdfa140ab692a5299c33c5ef2f646fd18fb53cb60d93d8709879ead
infected,digits01_z_r2_q2_s2__x_random_s2020.qasm,581,af040515e726ba823d7b88ae9ea0deea22bae0a048008be195dc8b35378b7458
infected,digits01_z_r2_q2_s2__y_controlled_s2032.qasm,581,f0b19cbc9a77229c325257efbd420b3a59354846dea24ba11f17a33cd7c2f92f
infected,digits01_z_r2_q2_s2__y_idle_s2031.qasm,581,d18ef59129329c9020fdbee60e1a3271558dcfabc9774ff4e884fd2459752e1c
infected,digits01_z_r2_q2_s2__y_random_s2030.qasm,581,f0b19cbc9a77229c325257efbd420b3a59354846dea24ba11f17a33cd7c2f92f
infected,digits01_z_r2_q2_s2__z_controlled_s2042.qasm,581,41d37ab3bd9fcb101ae633eea0d0c34bde2e6f5596a2dbc67e5f5d259366b4bb
infected,digits01_z_r2_q2_s2__z_idle_s2041.qasm,581,7ba0321f9d0dc28db8d570e505fedf3c7158b8c41b0ec25cc316c5bc20df76bf
infected,digits01_z_r2_q2_s2__z_random_s2040.qasm,581,c4ff7b8814cff0faffe19b3071c46ae8279329e28192ad3609dc8b98f83e72c5
infected,digits01_z_r2_q4_s0__h_controlled_s2.qasm,1122,82640ecb9c2897e4f597273fe3d129d1ab4fe652e9d74d77c89838b6db4783c4
infected,digits01_z_r2_q4_s0__h_idle_s1.qasm,1122,0824185d39830473b858f93a4b89764d2300f6d96816f78ffa41901c973b4192
infected,digits01_z_r2_q4_s0__h_random_s0.qasm,1122,b6cd1f54f1c9b949eaa62a760d5e1ddf49d9b99108809f64a5a0876fa709e99e
infected,digits01_z_r2_q4_s0__t_controlled_s12.qasm,1122,dfceedd992b99fe69802b0d9407e4ed7e45ce807eb9c5bf866645d137f0c32c7
infected,digits01_z_r2_q4_s0__t_idle_s11.qasm,1122,faec5fd3e45717b7596f0cc5ab5ddd878c87d7e98ae5937eab0d41e8622c711c
infected,digits01_z_r2_q4_s0__t_random_s10.qasm,1122,8a2a2bb0f6b1ed123b60634ca7c3491092f21055a66e1c359a0cde34e0857de0
infected,digits01_z_r2_q4_s0__x_controlled_s22.qasm,1122,711c5e3ea961bac66648e15f1141a848258b453dd609d08048dd1a6e28da2423
infected,digits01_z_r2_q4_s0__x_idle_s21.qasm,1122,3d19f33c649d16ea3aa2e019eb86a14e94cfb0a092d8fe2c87999a6f633121ac
infected,digits01_z_r2_q4_s0__x_random_s20.qasm,1122,b25e25b1b1113d00e457d33de279d65c7b32c5b196b7f3a815aa044b15fbdf95
infected,digits01_z_r2_q4_s0__y_controlled_s32.qasm,1122,278220306f7462bed69ca40c87e5b7cf38a87e1550b4b79ed17e8864ba8b4938
infected,digits01_z_r2_q4_s0__y_idle_s31.qasm,1122,bfcaa376bc2d8627238f5a918024ceedd78b64d1f055fee5e21c398636db22ed
infected,digits01_z_r2_q4_s0__y_random_s30.qasm,1122,9028292f2c23e96326f687311d0a14dafb475eaab481dbb5c888952f17cb09c7
infected,digits01_z_r2_q4_s0__z_controlled_s42.qasm,1122,65feb78ca1115513be6e2ae18cbce6cf05683dabc89ac22b350543e2f36dbcfc
infected,digits01_z_r2_q4_s0__z_idle_s41.qasm,1122,00323d77fbf1640fefd767d9528a6c1f8225fc7b1bd9db149bdd0d0bf474eaa2
infected,digits01_z_r2_q4_s0__z_random_s40.qasm,1122,0c9124a2d6c7bc769c9e99b6464bc2f2dcf8f8035300270c975f30c1aa0816ad
infected,digits01_z_r2_q4_s1__h_controlled_s1002.qasm,1128,020a9e6a4b018ab3803a956b515e88484411bf8e1d278105123bdddc846ef526
infected,digits01_z_r2_q4_s1__h_idle_s1001.qasm,1128,de647518b7e1309c7f1d9d51c27382ba925d049ecc784dca54bcf6b53b873a96
infected,digits01_z_r2_q4_s1__h_random_s1000.qasm,1128,d77f2c3ea754b601331eb298868f6fea70d6e7fcd2ba3cd4c9a3ab4fa8df0db1
infected,digits01_z_r2_q4_s1__t_controlled_s1012.qasm,1128,aa47159e719df939875dcfeb0ffcb4ba0cff223969e3a52d309d5aa2ca39dbe2
infected,digits01_z_r2_q4_s1__t_idle_s1011.qasm,1128,f06b7cb7465505aacd8c756faff3591e12a26a9e9f648ec9702dc673621343d3
infected,digits01_z_r2_q4_s1__t_random_s1010.qasm,1128,4939ed64a9226a18d28f14905bfb84da8dcea94272935de865bab91e8ec4164b
infected,digits01_z_r2_q4_s1__x_controlled_s1022.qasm,1128,d82464bca2dd26e1dc3ad7dee6daa21327539be2625dc4c637972e50ad4150ea
infected,digits01_z_r2_q4_s1__x_idle_s1021.qasm,1128,e2d674db9cb1a77828d751fb5c47cf08c9efc449be7ce8e6f1e42fbc41fec2e7
infected,digits01_z_r2_q4_s1__x_random_s1020.qasm,1128,f28705a5b0af3fba7158badc25d0d0b6ca6bfa5c2a57cef16ffe0d03d2ecfca0
infected,digits01_z_r2_q4_s1__y_controlled_s1032.qasm,1128,b1d0047c6a383b92975230d868948fab3e4ed7a9463d8b95e966c8596ec13904
infected,digits01_z_r2_q4_s1__y_idle_s1031.qasm,1128,bbdf9ef2b889dcf8350811f8a68767f34d5d26c75ded2282cf4a81078e3d1d58
infected,digits01_z_r2_q4_s1__y_random_s1030.qasm,1128,a0c6d3c1c4bffabefd72812775a7cb01799a619df42c7bc97308c5e62d9f0094
infected,digits01_z_r2_q4_s1__z_controlled_s1042.qasm,1128,9f67ff93b3a187832562a5c1c2c6645d0e6d15f7e000bcc4e23c8f2b666cfafe
infected,digits01_z_r2_q4_s1__z_idle_s1041.qasm,1128,79f581d30292f8ccf6b88949fea08d967a42194331f0c76ea59267868cc54592
infected,digits01_z_r2_q4_s1__z_random_s1040.qasm,1128,3306943845688f50ea7cc08b704dc3566140befc532315b5909300f810522636
infected,digits01_z_r2_q4_s2__h_controlled_s2002.qasm,1127,e8f6ac79086dc7a40aa577465e360a55489a38a371466040a5fd92f860755c8f
infected,digits01_z_r2_q4_s2__h_idle_s2001.qasm,1127,32ef36a883e335dd6ff513446ee59398000871a084a0650db532ba5c20dfee4b
infected,digits01_z_r2_q4_s2__h_random_s2000.qasm,1127,0ae749ddc78ab48c1057eab8216ddaa7f1a71cd320f808afce44b425911a5aa1
infected,digits01_z_r2_q4_s2__t_controlled_s2012.qasm,1127,1e3ee62adca5e5f67729f01815a95e15ae9f5b493959f5569105294bd9e0c1e0
infected,digits01_z_r2_q4_s2__t_idle_s2011.qasm,1127,6af9f9da74126554b9c934d5b8283e1ffc19261ac1b9e78e6dab9285149cb6a7
infected,digits01_z_r2_q4_s2__t_random_s2010.qasm,1127,cb8eb47a0818c781153f6a5d8b71532675fc71a0aef2b182fa95996c97f972a3
infected,digits01_z_r2_q4_s2__x_controlled_s2022.qasm,1127,b6742d726b94e92007c6ceafb10e688e69f77d7df1d070adc9641a7d2339cd2b
infected,digits01_z_r2_q4_s2__x_idle_s2021.qasm,1127,2cfc3cb1aa50b96f14569cae22c045501561be4dcf9f319a9602afcc23969faf
infected,digits01_z_r2_q4_s2__x_random_s2020.qasm,1127,b593b962f028caa4837c06ad97ad38881450016e230f32c1845aa17a141b06ae
infected,digits01_z_r2_q4_s2__y_controlled_s2032.qasm,1127,bfc1c15f0ea9a98f0f88f9050e982abf1ae003d3a35daaa6175908596da722f1
infected,digits01_z_r2_q4_s2__y_idle_s2031.qasm,1127,3ef3e77b592a461de300a92bcb55f832389e2711cff86ed12ebfc1fe0990bbf9
infected,digits01_z_r2_q4_s2__y_random_s2030.qasm,1127,bfc1c15f0ea9a98f0f88f9050e982abf1ae003d3a35daaa6175908596da722f1
infected,digits01_z_r2_q4_s2__z_controlled_s2042.qasm,1127,3f5982a84d94d489af136b9680bffdb84f66439090820a0de4a93b1dae395a11
infected,digits01_z_r2_q4_s2__z_idle_s2041.qasm,1127,565e92074386c1afd07840d8e7ddc8ddf3b0c18217c207d814ad7517691b0b0c
infected,digits01_z_r2_q4_s2__z_random_s2040.qasm,1127,58cafed10f94fd7cab36dcc7c1ca4bb1183fbeb265d21b1f8a97f6e63659b996
infected,digits01_z_r3_q2_s0__h_controlled_s2.qasm,662,a3c890263472d1c31f5f5653b60e4c5905cd56ab661bfea9a4eefd68efded66f
infected,digits01_z_r3_q2_s0__h_idle_s1.qasm,662,5a5238da283a8fc90ad0891536caf5e93f8c61ba89412856b6c8c79853707d68
infected,digits01_z_r3_q2_s0__h_random_s0.qasm,662,a7a13b7b5354fe67739af996657c38379904a8e3c0fa1c4efb7493f71847d07a
infected,digits01_z_r3_q2_s0__t_controlled_s12.qasm,662,73b854293eb82d0f71af820a9249f31e53f54038e4c689e1d7e9b52ed593c13d
infected,digits01_z_r3_q2_s0__t_idle_s11.qasm,662,5ea6c2ca1a7129e8a46dd2d73ea98c5e0ebd3735fd8c56551e7fda287b052903
infected,digits01_z_r3_q2_s0__t_random_s10.qasm,662,d6ec547ba58ba5bb7afeb1cbce5714d57501fe65d61df9ec9e8b4093e9a5034b
infected,digits01_z_r3_q2_s0__x_controlled_s22.qasm,662,88b60a9dc5cac638ed173141fa377cfe1a336b56ece0a0cfc8fd19ee71f7bafc
infected,digits01_z_r3_q2_s0__x_idle_s21.qasm,662,70885b900ed754eca6253b75804cf79055c86070dcee094f50385aa96bd6f5cb
infected,digits01_z_r3_q2_s0__x_random_s20.qasm,662,76ba03f167c2717c9cb22d761096236f3e56e7da1e914c57e194793a3cd2dbc0
infected,digits01_z_r3_q2_s0__y_controlled_s32.qasm,662,82cb65c7475874e879cebaabbc3a73e4e258498f3bb1de33082b4c98a705a378
infected,digits01_z_r3_q2_s0__y_idle_s31.qasm,662,7c7ba3dbf9d73885565def8639004b356e8623ac5e38aa6241cc9b27172761a0
infected,digits01_z_r3_q2_s0__y_random_s30.qasm,662,cc0ec7340528f08ada5d4f6067d85b5d8131a0a3c244ed26b51aaa6e347869e0
infected,digits01_z_r3_q2_s0__z_controlled_s42.qasm,662,8f655bde5d529cf1f9b3b366209eac79039c8653fba93e25711d659807ee1a36
infected,digits01_z_r3_q2_s0__z_idle_s41.qasm,662,1b9acf69423cc21cddb7ce8a413e40f882926aa6c3161a8c2d325018ef474233
infected,digits01_z_r3_q2_s0__z_random_s40.qasm,662,fcbeb582d7874ba3685540f1547fc667d232f69fc984959abbd3f6e5d3308fe6
infected,digits01_z_r3_q2_s1__h_controlled_s1002.qasm,662,1002559cc590ea627a3021f94c90882ff420442f018ba80e510f088a82f57bb0
infected,digits01_z_r3_q2_s1__h_idle_s1001.qasm,662,061522af8e57ac08e72487bc2ac7ba0e575ecfcc7d340ed658fb4e99bb7454e6
infected,digits01_z_r3_q2_s1__h_random_s1000.qasm,662,e492207a89d74aaf54a8e8e80a52b38892e9f310cd40a5896af00597932dcb73
infected,digits01_z_r3_q2_s1__t_controlled_s1012.qasm,662,511269b4626997fe82fe8a35911b475391ccd565ea9f0f4da1b28927a0fa1595
infected,digits01_z_r3_q2_s1__t_idle_s1011.qasm,662,600b8e33397e9ed9ff4d07e7be3a629dc4b37a223194549afa4a4888bf2eaf11
infected,digits01_z_r3_q2_s1__t_random_s1010.qasm,662,acefd9cfc59c1551e38d155ce3079a5e8b2ea9744b3010604ffd4d6b2e0ec99c
infected,digits01_z_r3_q2_s1__x_controlled_s1022.qasm,662,6ffcab0cb437a07c6771924784d08519a4c17c8da9a6dc15c4a2f4878a05204c
infected,digits01_z_r3_q2_s1__x_idle_s1021.qasm,662,7b74f37f5a0f447f4ab8fb7fe200374e6fe66204b605c0899a13e744ab4999fc
infected,digits01_z_r3_q2_s1__x_random_s1020.qasm,662,87c0e91a04297b65269037e137d79512bf8c7054aaac0ad8b4fa20f7e876948c
infected,digits01_z_r3_q2_s1__y_controlled_s1032.qasm,662,ad7aa8489e1153bfa94b5f3821f1cdf5dfc5ad925e056afd48fd7fba98f43d40
infected,digits01_z_r3_q2_s1__y_idle_s1031.qasm,662,f188fdea1659cf8238959b0f8649cff56c3b707317478014aff72bdcc8956541
infected,digits01_z_r3_q2_s1__y_random_s1030.qasm,662,4045f3a06164a66bc2841f0d9822b1b6d924d3489473030b4eb606e84ab6e1f8
infected,digits01_z_r3_q2_s1__z_controlled_s1042.qasm,662,22d8943c06195748bed1f9c7bcb921e62f9d719f3e648c9f0ded51a8b3c15b2c
infected,digits01_z_r3_q2_s1__z_idle_s1041.qasm,662,c8851440f3f67af1605930cf3b689fd508eda0c86d0d6eefdd202c8bc4869166
infected,digits01_z_r3_q2_s1__z_random_s1040.qasm,662,ef78970847fcc4d742a7dfe5fa7e0bc94c96684bb9b176801473455a09db5840
infected,digits01_z_r3_q2_s2__h_controlled_s2002.qasm,664,2088bb3efdce72deb996140858c8cbf8b1da16966a275f7ddd02fafb14fc3379
infected,digits01_z_r3_q2_s2__h_idle_s2001.qasm,664,d91a80c35cb753b35d911886aaa9083677cb12f49b977e9214c17ecb55aa1e80
infected,digits01_z_r3_q2_s2__h_random_s2000.qasm,664,771c12031680965943267a4f40b69910d9bb60cfaf553e2a3edc4fc11dd90883
infected,digits01_z_r3_q2_s2__t_controlled_s2012.qasm,664,c48788e7df635bbfe4a175488d88445b4c7d25f0f79942a230f5a447c16fcaa1
infected,digits01_z_r3_q2_s2__t_idle_s2011.qasm,664,12fb7b6eb170584fbb23e0ae8cdf2e314d836b10338c19532b1d6b671e3c1f97
infected,digits01_z_r3_q2_s2__t_random_s2010.qasm,664,6c321f657cafe360dafa8523d5b7757216d058ae3c85a9dd5ae052f55c0d1c43
infected,digits01_z_r3_q2_s2__x_controlled_s2022.qasm,664,0e9d563eb2e27b3984f5ce85400d236495151bbdd9548ed42190854710492b8e
infected,digits01_z_r3_q2_s2__x_idle_s2021.qasm,664,91765ac9caf8168c8a7e9669a198fefcd2a519ca1ec96f6456fee96b67218ec6
infected,digits01_z_r3_q2_s2__x_random_s2020.qasm,664,27767138e18d34ebbfbb5677666ab296e3209a4022ff70e98b0edd0d0eddd231
infected,digits01_z_r3_q2_s2__y_controlled_s2032.qasm,664,8a579293f315004fcf114b18755884838a64aeea15fb4870b834a9e845e3f8ba
infected,digits01_z_r3_q2_s2__y_idle_s2031.qasm,664,aca0a0c924c2539f7529c98c24d3f5fb24cf9fea0e91899b2f4fb9a21d907d44
infected,digits01_z_r3_q2_s2__y_random_s2030.qasm,664,6a3382e3cc477f37a864bb8d333d61b5e3cfd28ac2a7199f375b07587f732489
infected,digits01_z_r3_q2_s2__z_controlled_s2042.qasm,664,096a3ce60a5674550bfb9a83b77ffe9cba4add57d8254e1d370d014173259336
infected,digits01_z_r3_q2_s2__z_idle_s2041.qasm,664,12f8f382b2078d46d4e286015868f0ab401bf58f8942f9b5d596cc23a6e08520
infected,digits01_z_r3_q2_s2__z_random_s2040.qasm,664,a8cf5f74e82c2d9a65860b95113dc45e3fb7f8fe1f0b04c7adfcf463825bbf9b
infected,digits01_z_r3_q4_s0__h_controlled_s2.qasm,1317,12394af4294a5c1ba39a72ff73c6f019949793e238082975ed437ea42d5619ff
infected,digits01_z_r3_q4_s0__h_idle_s1.qasm,1317,befe3688cd925b213553da5e1e5ddaab3a9c21dd5e63d44f30a23428ee311499
infected,digits01_z_r3_q4_s0__h_random_s0.qasm,1317,0f121576acc510f5c7600c897a3d93d01c570af6e4968748f72d431e2e8b80d9
infected,digits01_z_r3_q4_s0__t_controlled_s12.qasm,1317,753d48db730831836291c0976faf0f7ab22dc293d717d17c96e86ed6b6760e40
infected,digits01_z_r3_q4_s0__t_idle_s11.qasm,1317,08b7bd90e0fd1bae5edbb1ce4d93b6bf8273c3fd80f4d7abaecfe51d81e52d3e
infected,digits01_z_r3_q4_s0__t_random_s10.qasm,1317,4133e2325a4030dbeb862f274cc5bc54feddc1dc84a61199efcf88cabe110581
infected,digits01_z_r3_q4_s0__x_controlled_s22.qasm,1317,49c20b6e9b4f71806cf2a73ec3895b6da29ded5e4caeedfe43a961bd837b4157
infected,digits01_z_r3_q4_s0__x_idle_s21.qasm,1317,dfcaec3c53d29ca69ea57a1dd9a4a20f3820a2fd24824e30de67cdeeeb794ef4
infected,digits01_z_r3_q4_s0__x_random_s20.qasm,1317,8cb948abe7c4e400b0f1f73abdaee26aa11115cfc20550ce16339b3cf713f835
infected,digits01_z_r3_q4_s0__y_controlled_s32.qasm,1317,6d2e7e7c9306c81c3d9636a0a5c2cf28a012fb1e8c1fdd7c592c4564fc63553b
infected,digits01_z_r3_q4_s0__y_idle_s31.qasm,1317,7fb7ee41f6bd1baf7b44d0c24a93c88a329f30ba58b04a2b7333fc2b58dbc414
infected,digits01_z_r3_q4_s0__y_random_s30.qasm,1317,ef29fd89aaff64bbd9f0712096be0cbde61bccc970190d9768eb3f2cec841043
infected,digits01_z_r3_q4_s0__z_controlled_s42.qasm,1317,bb39bf5815cb9a9e10808cec9b1b65e721e31a31549c6316dcc031280272cebf
infected,digits01_z_r3_q4_s0__z_idle_s41.qasm,1317,22ef49aa693365200c75db28d22ebd22789efe3fb566e3a6beb0bb2059cf365c
infected,digits01_z_r3_q4_s0__z_random_s40.qasm,1317,70c90375b39c8f30f38e1abf6692949f58eb6a363a225da5e465d38c3e3ede0f
infected,digits01_z_r3_q4_s1__h_controlled_s1002.qasm,1324,59fb8d51b6c4eb0e6488d6cb079202fbb231492948f93a3e4e3c99e9c36bfc68
infected,digits01_z_r3_q4_s1__h_idle_s1001.qasm,1324,c4d8a86041d8c6490ab03f783672347da3c8340291f1fdd16dd9ec248cad1c3c
infected,digits01_z_r3_q4_s1__h_random_s1000.qasm,1324,69e36ce43cdd48c8c9a88428a89f7966626593128b5a0d2c3b0d8e8b91606b21
infected,digits01_z_r3_q4_s1__t_controlled_s1012.qasm,1324,ad6d56e32011d745012ee9a32afaaad1fa7ae631336419618e522118825612b1
infected,digits01_z_r3_q4_s1__t_idle_s1011.qasm,1324,d25c0ad2ce91656388d84df8fe8bb311029af506aa09e94cc0c62290039b46d0
infected,digits01_z_r3_q4_s1__t_random_s1010.qasm,1324,6e31585b63e285fcb1d9827ac243434be940641832ef69e30f20ffb9f14ad237
infected,digits01_z_r3_q4_s1__x_controlled_s1022.qasm,1324,00a5de189cff7508a380a6cbae5b5092a74496950fcf044d13a1ef81a7c09eda
infected,digits01_z_r3_q4_s1__x_idle_s1021.qasm,1324,b83a7b9963213c92824377a2fee8ec46786e4bb6e644e91cfe69e4e50852a398
infected,digits01_z_r3_q4_s1__x_random_s1020.qasm,1324,b83a7b9963213c92824377a2fee8ec46786e4bb6e644e91cfe69e4e50852a398
infected,digits01_z_r3_q4_s1__y_controlled_s1032.qasm,1324,e88e218d1bb092a56a6645e082161f7538320034946d0b6762019d7dda2b97d7
infected,digits01_z_r3_q4_s1__y_idle_s1031.qasm,1324,7e4540c697166a6fe52a1a8dc69a956d43fb587e971bb7944a1d2ba5b1d797f6
infected,digits01_z_r3_q4_s1__y_random_s1030.qasm,1324,a7cb40ea04758a7c1bdd6bf662144d6ccd38cb465f52394c72c480edde1f68ec
infected,digits01_z_r3_q4_s1__z_controlled_s1042.qasm,1324,5c0840d3d15df38678d22f0b6132c1dd2e525f0c84d2be4d12e1ab014ec08116
infected,digits01_z_r3_q4_s1__z_idle_s1041.qasm,1324,9144a491a4a1ebfe18970b08a438411fa47c4c86c469fe9b5c3242bf0b6f38f0
infected,digits01_z_r3_q4_s1__z_random_s1040.qasm,1324,2d60388a302c1dded75f40aea868b7ca94a863c1c732f3361c4061b4241c6085
infected,digits01_z_r3_q4_s2__h_controlled_s2002.qasm,1324,0756765506c0970f2b4753c653131ab2657e0be7967d5fe902e8fd94afb17e33
infected,digits01_z_r3_q4_s2__h_idle_s2001.qasm,1324,83021235579374ba67e09cb4882996276653b4088fcacc8598e5ff4588daab66
infected,digits01_z_r3_q4_s2__h_random_s2000.qasm,1324,9b046ed082101a7859d4c7cd17cc3b72959ed76e012598daf3d86c0fdc7f8d0f
infected,digits01_z_r3_q4_s2__t_controlled_s2012.qasm,1324,6693a7dcf6bdd313105bca7840841333b2b12a3cf622efbe764ff4abb58b9cc1
infected,digits01_z_r3_q4_s2__t_idle_s2011.qasm,1324,8b885f01732b44beb76ea39b3cee9f33334ccf5620f75ed2fba7cdfd8ece927e
infected,digits01_z_r3_q4_s2__t_random_s2010.qasm,1324,76fc02625f1e701960e15748be28c2d40a0a4e8e6bea6d8c5f6166840307eb12
infected,digits01_z_r3_q4_s2__x_controlled_s2022.qasm,1324,6ee55cc3355f9eab57f6d7322e72673508047d4d188e97d7e66b28c22ea0497b
infected,digits01_z_r3_q4_s2__x_idle_s2021.qasm,1324,fd1a899c93371257e8c17f3d92060c1a31c5d8a256abf71c5fad629ed56bc769
infected,digits01_z_r3_q4_s2__x_random_s2020.qasm,1324,149ec08a7f6579dd578ed10c98d5b30133a28d83c43c6441f89c8890f9388307
infected,digits01_z_r3_q4_s2__y_controlled_s2032.qasm,1324,1cf66b4dad9040da1ebfb1fd84fecc3faf9f0d49ff40509b1132558625adb7d7
infected,digits01_z_r3_q4_s2__y_idle_s2031.qasm,1324,1cfd5574624465419a746d01b842c178ba40115f0078502bd43fa156686c7ccc
infected,digits01_z_r3_q4_s2__y_random_s2030.qasm,1324,233604a1fd959299886a88b025aaac9af2ec5c6783127b8e40d08ec07be8ad32
infected,digits01_z_r3_q4_s2__z_controlled_s2042.qasm,1324,aa9f1aff5ecc0187d194be96e35707e40a45f36fb0c42042fe9cf721310e26b2
infected,digits01_z_r3_q4_s2__z_idle_s2041.qasm,1324,0df331ff67e4e8372b6a54796f3d262fcc20b21b1afc6c5e8824edbdce70eb48
infected,digits01_z_r3_q4_s2__z_random_s2040.qasm,1324,644dc3bea2563c8fbe2270e2b69b6e48465697014a257571f83aef34d5605c8b
infected,digits01_zz_r1_q2_s0__h_controlled_s2.qasm,658,51b7a22e941701203f30a64f1b45a6c46062a1e94eb3e75cdd0046554d893ace
infected,digits01_zz_r1_q2_s0__h_idle_s1.qasm,658,97fd988e7f8f41f6f9d3dc64f88b27cc3571557a40705bd9a0342ad10c252381
infected,digits01_zz_r1_q2_s0__h_random_s0.qasm,658,02660209e61e8fd3eb33763af6ffab3661b702bed30c01a46855e61f52d69cf6
infected,digits01_zz_r1_q2_s0__t_controlled_s12.qasm,658,8a0cd1a82e08466c1f4bf12058bc2a020573a153e864f89758fa0a2e3ac05685
infected,digits01_zz_r1_q2_s0__t_idle_s11.qasm,658,22980500e7efce3cd20a989246ef1a89eac10e8a4ce6403dc391c9e5702098ee
infected,digits01_zz_r1_q2_s0__t_random_s10.qasm,658,d138c455a3b0d78cd3fd43e1122d34db9176e7432c30f0672933ebc2579ad32f
infected,digits01_zz_r1_q2_s0__x_controlled_s22.qasm,658,c9815799f8e49cee6005fa7327b1229193007eb328c8047e8776acc82a51550d
infected,digits01_zz_r1_q2_s0__x_idle_s21.qasm,658,5f7114ee62c829d91cee20f259f1b3403da1b00ce8f1be0a92feed6cc21d24bc
infected,digits01_zz_r1_q2_s0__x_random_s20.qasm,658,419aeb9234e3edfb6de88231bf53a61607cdd0f030155ac6231e50d56c512ef8
infected,digits01_zz_r1_q2_s0__y_controlled_s32.qasm,658,50624bece7fc827cb44528ad02fc4d94b3c31bc5b6b52f1f801ad93cc9b36d66
infected,digits01_zz_r1_q2_s0__y_idle_s31.qasm,658,c22cc9f5c026a1ae0e13d7931d3d65285c0105a621e77b8f1a8fa0fa9a23f77e
infected,digits01_zz_r1_q2_s0__y_random_s30.qasm,658,689c3cd2c0a062722fc901b08842d886830bffb337614b76a90200ce381f028d
infected,digits01_zz_r1_q2_s0__z_controlled_s42.qasm,658,4ef477c2a745a90f19ae98672fe9e5d4e42e02c43383dd92aa25fe876459ac07
infected,digits01_zz_r1_q2_s0__z_idle_s41.qasm,658,2284600dc11a9358302623419c8017a83ee71e0996a98d030397461a630ed17d
infected,digits01_zz_r1_q2_s0__z_random_s40.qasm,658,012f640047853733a993bc5c235ee6ecf50a93a4494e18728573c7f2933778ea
infected,digits01_zz_r1_q2_s1__h_controlled_s1002.qasm,660,5e0791b47f4566205723f3bec2fb10d0efc9962360236628a42099f4f56333c4
infected,digits01_zz_r1_q2_s1__h_idle_s1001.qasm,660,48773cdf231839edf505804bddc27bcd34b6d4c669fb6485591e43189a46f9bb
infected,digits01_zz_r1_q2_s1__h_random_s1000.qasm,660,cf8e305801e4f2d887db1fcd9af67a39b749ecf23bc72f1aff65d250db6baf56
infected,digits01_zz_r1_q2_s1__t_controlled_s1012.qasm,660,1ab26ec59eea614261e93c7727513cb8d9bffe937438545f2e1cb438010af367
infected,digits01_zz_r1_q2_s1__t_idle_s1011.qasm,660,9b271c163c0c1c25a7ec4c30ac195c24bafa973f6284865a57e0375f4fcdb80b
infected,digits01_zz_r1_q2_s1__t_random_s1010.qasm,660,fa6a423fda75fa05039c04e2c26d248974e1aa7ba19802a8bcfd741d7db43369
infected,digits01_zz_r1_q2_s1__x_controlled_s1022.qasm,660,ca77c2b0bafb8eb40a926e03c4efc06b8fd285d7159b99939ef2be6414597c04
infected,digits01_zz_r1_q2_s1__x_idle_s1021.qasm,660,97ef9ff87d0cbd3b87210e01d21553d2391fcaf01fc910a19a3d475f91d119ff
infected,digits01_zz_r1_q2_s1__x_random_s1020.qasm,660,a6b222b5ea250b7c1ebea3ed2fa46f7c33ce0266bcd3d7d5385f0819b175d106
infected,digits01_zz_r1_q2_s1__y_controlled_s1032.qasm,660,45ffb00a4446632cbdc2ab30783faced404c7c9f266c671530dc84083d3cf659
infected,digits01_zz_r1_q2_s1__y_idle_s1031.qasm,660,179b7cac447296ff7cb9f47b0e7059915a868429eca2685a6b50e725294b79a2
infected,digits01_zz_r1_q2_s1__y_random_s1030.qasm,660,95b966e1a3243cc71c4da156359df7059d42e129addc77993218da2db2e849d4
infected,digits01_zz_r1_q2_s1__z_controlled_s1042.qasm,660,2aa82334e5dd29d7c87c657113be14c64ec1ca40aa2bf2c79b936202e1a1ef24
infected,digits01_zz_r1_q2_s1__z_idle_s1041.qasm,660,c63b3945440cda3cbf2d57d3e52fb3991c52aebe49b706b8af5d977503de04aa
infected,digits01_zz_r1_q2_s1__z_random_s1040.qasm,660,70cf6044129a79e013e2700f93ffb981ef526da9e9033991272e80548451d25a
infected,digits01_zz_r1_q2_s2__h_controlled_s2002.qasm,659,ca7e8e5c6527a9a2aa7d93c9ca89658d8b987c37671c4b3ac0f9ca3c4e71b04c
infected,digits01_zz_r1_q2_s2__h_idle_s2001.qasm,659,85a899893a21a801da23dc13aacf6e26a455258e5e4397682984a52e351a533c
infected,digits01_zz_r1_q2_s2__h_random_s2000.qasm,659,12c6684250f08dbf17168cb08ef24bc3253e5074f9fc9c0dd5fa433e6e01080c
infected,digits01_zz_r1_q2_s2__t_controlled_s2012.qasm,659,25ce7948f1216ac8862158cca19fdc2dba29b949c88df427d9536379eb3c81e2
infected,digits01_zz_r1_q2_s2__t_idle_s2011.qasm,659,282a62741ddc3e5439965e4a35881c1dc5e33b0d71ba50cf17d6c6c925918bb5
infected,digits01_zz_r1_q2_s2__t_random_s2010.qasm,659,92607e01775462054e0e8d9155e8efa7f9d7d3c8e31254fb32009bf46ac8ecb0
infected,digits01_zz_r1_q2_s2__x_controlled_s2022.qasm,659,2da638fd6a27fa8bdaa064b6930e70f02010ac414d7d4ca80af67ca976a6611a
infected,digits01_zz_r1_q2_s2__x_idle_s2021.qasm,659,93f8ccbe121f88822260d2670f0a298b35b3b667e4f7f1769f88c5a28dbc19ab
infected,digits01_zz_r1_q2_s2__x_random_s2020.qasm,659,ae54af89dcfa2e35376adc1f1463d262cccb8062e475257203c1ec50e833a566
infected,digits01_zz_r1_q2_s2__y_controlled_s2032.qasm,659,4f48d8a7411deaddfd8b66e691c0c5386cc48828a0f2e0d4ba297450b2de3dc6
infected,digits01_zz_r1_q2_s2__y_idle_s2031.qasm,659,cad19e14572138445940ce0b20787b93d72cc4b91e3610f0c78b3b33eb7f231b
infected,digits01_zz_r1_q2_s2__y_random_s2030.qasm,659,bec7f7ca705a03a6fbc48f974135903fd53cf08068bed3b425d0e0afbb548cdc
infected,digits01_zz_r1_q2_s2__z_controlled_s2042.qasm,659,7363cc99571cb9efcebda463d191158f209cd0b5226e09c37765d44e9d561f67
infected,digits01_zz_r1_q2_s2__z_idle_s2041.qasm,659,bb27b93f587ca97f474594c61872c5e241c91eb878a9e085f0234619ae2e7e4a
infected,digits01_zz_r1_q2_s2__z_random_s2040.qasm,659,863bf098e0cf3d528252862a7f799ede883aeab91c06a38612a33ab9232fcc21
infected,digits01_zz_r1_q4_s0__h_controlled_s2.qasm,1438,43437344c877ccfc76bf1985268a48db0355e056bcb4497b94cc28a25d839a25
infected,digits01_zz_r1_q4_s0__h_idle_s1.qasm,1438,8f20b2c1937f4caef809918715abcb66e42b81beda5fa96c7fa79eb99619f0e8
infected,digits01_zz_r1_q4_s0__h_random_s0.qasm,1438,865fc0041442bf2dc3aed2143f22a965b89f30bbdcb7fe205868a8e8006741a3
infected,digits01_zz_r1_q4_s0__t_controlled_s12.qasm,1438,ee0dc500d4246c0feafb91149b93986f57c071e5dd66a175d40e60206dfb048d
infected,digits01_zz_r1_q4_s0__t_idle_s11.qasm,1438,b225949de1500d1e09df4eb33deb04b9dfad953c175baae9dac94bb9df63dfbe
infected,digits01_zz_r1_q4_s0__t_random_s10.qasm,1438,d823402b615b29ff0cc84427830139daadcc56c4f5a5105b1c912aad8f966ab6
infected,digits01_zz_r1_q4_s0__x_controlled_s22.qasm,1438,082809a5bd5b95b28055bc08693297f5824beeb030a967de67d48669a8fb10c0
infected,digits01_zz_r1_q4_s0__x_idle_s21.qasm,1438,18364111ba825e9c0564955d8a93471885601b7d7bff6056cd151327e7a02fc0
infected,digits01_zz_r1_q4_s0__x_random_s20.qasm,1438,b11bd36fc7a8bb7966b584e5f2b87a53c29bee3f5cc76c4831ef28587d357316
infected,digits01_zz_r1_q4_s0__y_controlled_s32.qasm,1438,06ce67c9c739efe545ae48d90a7f585632d826685df364875213be968d9770b2
infected,digits01_zz_r1_q4_s0__y_idle_s31.qasm,1438,742ce781592bc80d5bbb4077282c7d928de22d4338430bc59d13c903d667bce0
infected,digits01_zz_r1_q4_s0__y_random_s30.qasm,1438,3b3e2ac6493ebe443b06aa1f5f077a25589aef43f4a6c689e82049a68a4eb4f6
infected,digits01_zz_r1_q4_s0__z_controlled_s42.qasm,1438,0218e6654e4b163f391745c71f37e66fc1d5376e084ae4b42498706a2fb67f89
infected,digits01_zz_r1_q4_s0__z_idle_s41.qasm,1438,6d35c6cd96c32e4c1c1ab73025c0b62439d0f523108ec02e3e68f3d3454f61ea
infected,digits01_zz_r1_q4_s0__z_random_s40.qasm,1438,97b118558d57cc1232b817acd61bd16274011149241324c72bc7617972ee3b84
infected,digits01_zz_r1_q4_s1__h_controlled_s1002.qasm,1437,11fd6eb01320ff6c95f8ae530eb0ad1c1ee10654ef0e56fe93e964ffbdec710a
infected,digits01_zz_r1_q4_s1__h_idle_s1001.qasm,1437,4bb28cec73ddc28b15fde3dfa1641ac681cf63a53713caa45c4435ec9bc79ced
infected,digits01_zz_r1_q4_s1__h_random_s1000.qasm,1437,8f77e0f72075308863baef2c54c2d8186f6f7d52a65816d761860f8ab76d3fdf
infected,digits01_zz_r1_q4_s1__t_controlled_s1012.qasm,1437,4f2a108bf4c95456ee5916560f21c86414c720a8d47e94efebe3ad96d649127f
infected,digits01_zz_r1_q4_s1__t_idle_s1011.qasm,1437,54fcd3ac91ffc1ca0e0d5839fc3f96e9ed16bae54faaf9cfd72f21836661b02a
infected,digits01_zz_r1_q4_s1__t_random_s1010.qasm,1437,79749160f77680a24d19090ff547bd388df86e9ad99a743aa5027097ee46fbd7
infected,digits01_zz_r1_q4_s1__x_controlled_s1022.qasm,1437,30c438de46a2ea6637d64dc88c7acacde232699e8070c70a46d076ab6196a1a1
infected,digits01_zz_r1_q4_s1__x_idle_s1021.qasm,1437,3c198dccc6811a90d97988babfd40ab1904c26d15ed2d15deb71352ea5bdf7e6
infected,digits01_zz_r1_q4_s1__x_random_s1020.qasm,1437,1cbea869fc7af7ffa4d8a50bd2ee4d8800541ba3e457b68d3b924658f333e144
infected,digits01_zz_r1_q4_s1__y_controlled_s1032.qasm,1437,57e25c7e2db3f85c3e79f5527e9faa81b1c218230fb1d02ba9bc06a832a797ad
infected,digits01_zz_r1_q4_s1__y_idle_s1031.qasm,1437,ce18c60019786df40fd4138f2686da918db420c435aee8c997a514e4e6d05178
infected,digits01_zz_r1_q4_s1__y_random_s1030.qasm,1437,520df74c59ee099e02bafeefc3099c2b11b220b5417bcb7798c577234a2e0315
infected,digits01_zz_r1_q4_s1__z_controlled_s1042.qasm,1437,280070cb6c17935f39d5d49dc303bb1858afaa8f368b79a79d1248f226e77f10
infected,digits01_zz_r1_q4_s1__z_idle_s1041.qasm,1437,9848851854cf7962167f3b881b6fa323dc8c965f35abc9c50e15b51ebdc8971c
infected,digits01_zz_r1_q4_s1__z_random_s1040.qasm,1437,8682935eef659f5f969e196cb5f89a7a5dce2e3ab5f3c7b30ebad8d3c140ac73
infected,digits01_zz_r1_q4_s2__h_controlled_s2002.qasm,1443,23802fd4c414b3c39deb0c520260e40074310bb2b8feda48a030ed41fcd9e552
infected,digits01_zz_r1_q4_s2__h_idle_s2001.qasm,1443,741a95efe180d73cbf040ad31b58246cd6060e17b467b6c14163195a38c3e5db
infected,digits01_zz_r1_q4_s2__h_random_s2000.qasm,1443,9d26ae3860ae5185a6050efbf2a190eaef4b17d46c46f718274c15acaecde339
infected,digits01_zz_r1_q4_s2__t_controlled_s2012.qasm,1443,5531375d651fc4ee24b0111b8de4c5440bb63211b2fb0fae8a66760cf09a28c7
infected,digits01_zz_r1_q4_s2__t_idle_s2011.qasm,1443,a9afcbed970705a93fd701645a46863bb3c7e610bbe28a27e668397545ecae07
infected,digits01_zz_r1_q4_s2__t_random_s2010.qasm,1443,92cdeacff46a7ffe00f621dc5673287ced9cc474106a5e2d4844db595b3fbe35
infected,digits01_zz_r1_q4_s2__x_controlled_s2022.qasm,1443,8b679d568e1b8c1496bd83262756b4f5a51a2be69269a34b26ce03ea8ee67533
infected,digits01_zz_r1_q4_s2__x_idle_s2021.qasm,1443,310087c579d13b96f3719a282cd3c29c29ffb08a2fd60451d9f0024592e45aad
infected,digits01_zz_r1_q4_s2__x_random_s2020.qasm,1443,f40494ca5010afcd04efd58a7ab8d37b2a8ca13d0fa23f7b95f6529c3a116378
infected,digits01_zz_r1_q4_s2__y_controlled_s2032.qasm,1443,4bea0ff0331536b12787c015df4c915409817eb5281a217878969088b3c0e2c1
infected,digits01_zz_r1_q4_s2__y_idle_s2031.qasm,1443,14252ae3f1ac590387d3175f70392e3cd9eb7e0f50e9df11a85067429ce835c4
infected,digits01_zz_r1_q4_s2__y_random_s2030.qasm,1443,368da3e15d4f77c72ebb1524d9d292b7268ab2c5ff9f775a36b6c52c40a1e306
infected,digits01_zz_r1_q4_s2__z_controlled_s2042.qasm,1443,be75cdb39f114eb071fd69b3f9bd82009c18ca2086652bd3f64264d4e37bb9ef
infected,digits01_zz_r1_q4_s2__z_idle_s2041.qasm,1443,4eefee9455c9cb9cbaf01a2ff46524fc3b24c67472e2d11e0887a3b3b362c27c
infected,digits01_zz_r1_q4_s2__z_random_s2040.qasm,1443,ba6878bd30f5156a68d08b2ddb1c59161a2cc5f63293beca5a260a1af87e6835
infected,digits01_zz_r2_q2_s0__h_controlled_s2.qasm,744,ab4a16300d6a7a8c42967ba0ad755272aecd4b6ce3aa366e6360a36b6d0d6453
infected,digits01_zz_r2_q2_s0__h_idle_s1.qasm,744,283c20f054d9f6450d6060384ce77bdf88eb4845835f54375c23299ef3e16b08
infected,digits01_zz_r2_q2_s0__h_random_s0.qasm,744,61d41f513ab4d8f91273b45a420569fbbb8f6b124592c555627e1285ece28951
infected,digits01_zz_r2_q2_s0__t_controlled_s12.qasm,744,ce830ed08c5548da701a9285c2db1bbf10ab7b3b0dad5ebaa27b3d620261d6cf
infected,digits01_zz_r2_q2_s0__t_idle_s11.qasm,744,64a32218d481c040dfb5641e8dca6b24df6cc182bd85f1d2bec8b61f0d332cc4
infected,digits01_zz_r2_q2_s0__t_random_s10.qasm,744,62a20a2e98e8bb4dd145c581dce72fd578e1e9d5b7c168059a55234b2d244d35
infected,digits01_zz_r2_q2_s0__x_controlled_s22.qasm,744,ac540422211371bfffaae00e702cac6a1bc8189796a948da625513881c6a81eb
infected,digits01_zz_r2_q2_s0__x_idle_s21.qasm,744,8e5ae566e9acdba26d8cd0b78ad0f7cadad13a2ea062b3609fd387500b740685
infected,digits01_zz_r2_q2_s0__x_random_s20.qasm,744,9b570e9bc96e82ac6137745d9375f77fb43652bd21beea74c6fcfc5be667ef4a
infected,digits01_zz_r2_q2_s0__y_controlled_s32.qasm,744,7c407c90d0e481ce1aa12c4a126a2829249a10dd0afffb06cb9526bfafc3555d
infected,digits01_zz_r2_q2_s0__y_idle_s31.qasm,744,b9a5d99ddb5e93c5d80b026d2f8c9f17b0234dcb5aa8fbb522ec723b037a3ef6
infected,digits01_zz_r2_q2_s0__y_random_s30.qasm,744,64206c216bf1690af99228f3827391a5ea9d5f2d60f7bc430072751fa502f9b3
infected,digits01_zz_r2_q2_s0__z_controlled_s42.qasm,744,b8795c34a736b65a79e92f9ea3e10aac016a3a2ec0193c610e1f6c769ede1dbc
infected,digits01_zz_r2_q2_s0__z_idle_s41.qasm,744,f1de90b80da61d59c710fec803b4c91cc861135b85d7e667c05c48f9532a0b4b
infected,digits01_zz_r2_q2_s0__z_random_s40.qasm,744,341913349230db6196f8dbfb93085e6dcedf8184f961cbebd69a485f8dc76057
infected,digits01_zz_r2_q2_s1__h_controlled_s1002.qasm,745,88da54c3550db005d73df23248847d869ce412935a66ae9a1ef477cb1fd9b953
infected,digits01_zz_r2_q2_s1__h_idle_s1001.qasm,745,fdbbd7da9b5d25709d2fa79a26ecbc25c711e615747bf5d8dcde6801f770783d
infected,digits01_zz_r2_q2_s1__h_random_s1000.qasm,745,97c9dae19188bffa8762fcd0716ffad03076cf671328aec6eb1390792773ed5f
infected,digits01_zz_r2_q2_s1__t_controlled_s1012.qasm,745,93d25255e14b818b6c76887652ece7b85954a83d10c4a3f42574c19ed79ef072
infected,digits01_zz_r2_q2_s1__t_idle_s1011.qasm,745,b635f25c8ed3a4ea7526d3edbfb8ab65a9dbaf3e6aaad70aced51dd858eb06d7
infected,digits01_zz_r2_q2_s1__t_random_s1010.qasm,745,f6bebc37a919632b6893d82b196cc811b43f2451313b328223b9e6a8b20516b3
infected,digits01_zz_r2_q2_s1__x_controlled_s1022.qasm,745,90e045c5d8a91cb9bc4cef9c90ebd680c62c31ff3b1e2cf25043d87e8bff69ba
infected,digits01_zz_r2_q2_s1__x_idle_s1021.qasm,745,924ccf5ced8f146d4c4ab182ed5cf312f36188c74fd3cb65b0d2971e6caaf274
infected,digits01_zz_r2_q2_s1__x_random_s1020.qasm,745,727ac544cd9767b183264f20b72f9af993251f91f4e56fad72d7f0b2138dba36
infected,digits01_zz_r2_q2_s1__y_controlled_s1032.qasm,745,f2c5429a3d768700f654ce09dd2ea60d3cc54fcbd7d6779c6b81c865713ba022
infected,digits01_zz_r2_q2_s1__y_idle_s1031.qasm,745,60b7e60534f66c63a3d4c46b700fc057a949fa58b52f7ae8b4ede876b7c8b03a
infected,digits01_zz_r2_q2_s1__y_random_s1030.qasm,745,7a37aae5e06e882a49ac10dae837574e92c4d2ffe856dc4671a6a14f7e2705e1
infected,digits01_zz_r2_q2_s1__z_controlled_s1042.qasm,745,a93b0636416f7e98690386af6e943d7e0696fcb5be80f3bc5204e0297e12f456
infected,digits01_zz_r2_q2_s1__z_idle_s1041.qasm,745,22f58acc7d70662046b11899752ed7700d7ee76857e6128342a5069d69acfa19
infected,digits01_zz_r2_q2_s1__z_random_s1040.qasm,745,acb78c13d28841d002997d04b612e9d7c1cded94d0cf614dfe6a22fae3d2fb50
infected,digits01_zz_r2_q2_s2__h_controlled_s2002.qasm,746,5e0e3d4a8beefe7f69ee8cb50a4a6d455b9b4e7720037043b4da1744b2327dfd
infected,digits01_zz_r2_q2_s2__h_idle_s2001.qasm,746,330e1f0a72b0eb7956e98f07e3361d6a2aa35da913140071d0abc9ca518176a6
infected,digits01_zz_r2_q2_s2__h_random_s2000.qasm,746,5e0e3d4a8beefe7f69ee8cb50a4a6d455b9b4e7720037043b4da1744b2327dfd
infected,digits01_zz_r2_q2_s2__t_controlled_s2012.qasm,746,ef772a5da9d15a2988b43a95a25217db7ae5610ff57baa47e1b020ce1bad7205
infected,digits01_zz_r2_q2_s2__t_idle_s2011.qasm,746,ffe919d3b380c3fc3905d5ad07635dd6127dbcec12666c1dfb91ace7fbf806ff
infected,digits01_zz_r2_q2_s2__t_random_s2010.qasm,746,c593375d49566391bb25ac7be6ca1f78ac5e440ee1a15baa1b00cc2d6f64b6ba
infected,digits01_zz_r2_q2_s2__x_controlled_s2022.qasm,746,aa29eb41a638a7dc397abec1d5922bb9097ffc75a7109ddfd199cdfc680ac3ef
infected,digits01_zz_r2_q2_s2__x_idle_s2021.qasm,746,1d24d575b3df6fd9c53c04a5446356eaf480803724f0aa135951d09750bdf865
infected,digits01_zz_r2_q2_s2__x_random_s2020.qasm,746,ac1221ae53617fb44a462bc3eaef1f413eff8656c734db1283322c21cca0c23f
infected,digits01_zz_r2_q2_s2__y_controlled_s2032.qasm,746,a4371d0980b2d57da5ff30b8ea388c5b3b2328ddcdd27bb3cb4e401bf7436411
infected,digits01_zz_r2_q2_s2__y_idle_s2031.qasm,746,f5c3c8479ad12fc7b2c5ebbcc3be264b70ab9a3ed1892e7cba8fc673b6dab9da
infected,digits01_zz_r2_q2_s2__y_random_s2030.qasm,746,4ba7e6b39260da064d20f7f3dc37f187f90bf24f435d9e1ff27c7e703c970792
infected,digits01_zz_r2_q2_s2__z_controlled_s2042.qasm,746,04f42217e14a862737f48d2bf4020d503c12025c6c07ad81c30b21a7dd25ded5
infected,digits01_zz_r2_q2_s2__z_idle_s2041.qasm,746,5860e0454853fab806f086a8ed5f82517f1580a9fca9b6c99b6a48c993dc6cf2
infected,digits01_zz_r2_q2_s2__z_random_s2040.qasm,746,c59f0d9130e8944031f34b84cf859ffde1c0183011e027ee4137358ad9f6b823
infected,digits01_zz_r2_q4_s0__h_controlled_s2.qasm,1629,6ebfb79857cc2ff5bedf92b8f5178065ab0ec641a630ca689b994e14ed5f1ebb
infected,digits01_zz_r2_q4_s0__h_idle_s1.qasm,1629,9030d5ddd1770680f4745e9138cd90c1fd2de795d6cd9b14ef2930174049ab9f
infected,digits01_zz_r2_q4_s0__h_random_s0.qasm,1629,2f4f966cada86e654e256ec258f17f78e085bffc3598b22cfdb8c5776d55109f
infected,digits01_zz_r2_q4_s0__t_controlled_s12.qasm,1629,ce94795342a96994a7799e4577028c6a6661f5aa98da3df7f28c79f370148233
infected,digits01_zz_r2_q4_s0__t_idle_s11.qasm,1629,581a44b5942ca0b4b9763eac252fe6bd8a7f57ffc184d94783f629277b3faf62
infected,digits01_zz_r2_q4_s0__t_random_s10.qasm,1629,4e5460c8f7026e32a02b181bcdb1d79bf9ca73ae991766bd0d6bdc4a1a0d40d3
infected,digits01_zz_r2_q4_s0__x_controlled_s22.qasm,1629,84a946cace586a9e5cc8129bda11224f866f504541b5e5928e1076f976d3c347
infected,digits01_zz_r2_q4_s0__x_idle_s21.qasm,1629,11249fab7c1d6d3bf638cde6baaa431ffe632a04b37e1bd6af7c6fd270f1ddd2
infected,digits01_zz_r2_q4_s0__x_random_s20.qasm,1629,9f20c5337f3ebe9731ff3b0c8aa9f74483b21997371b29332a60eff6f01f6696
infected,digits01_zz_r2_q4_s0__y_controlled_s32.qasm,1629,d2cc6af078b4e52c022f7f819d859524f44a004a31004a6b7df0bb120bb8546c
infected,digits01_zz_r2_q4_s0__y_idle_s31.qasm,1629,9c92fa64f249a5b24ae9617febf261cdd15b90a5f013e6ec21cfefee723b6a05
infected,digits01_zz_r2_q4_s0__y_random_s30.qasm,1629,d5968f88bc84af228f5e9f5cb2146fe612e53da56092ecf86184f5310a2261cf
infected,digits01_zz_r2_q4_s0__z_controlled_s42.qasm,1629,e63128c37360f95776944c44185b80f5e270d0d5ec6a4129ab3902242bc00fe6
infected,digits01_zz_r2_q4_s0__z_idle_s41.qasm,1629,8b39189ecf7df7375922222e8c5032c03bd3955290898d908b67b03a7b439f7d
infected,digits01_zz_r2_q4_s0__z_random_s40.qasm,1629,87031e6fd2ae2f721d31585a224ca161e4f64fd8630ea7e5f9b5ec9d43e9946b
infected,digits01_zz_r2_q4_s1__h_controlled_s1002.qasm,1631,0ca1860339f7fa9b68f85e813795b82f063002bb0ac56acbcfa0c2e6e437aa54
infected,digits01_zz_r2_q4_s1__h_idle_s1001.qasm,1631,085d78f466e13308bc23fbcee1a775dc3ef1cfcfbc3ac94053ef28601ccb2992
infected,digits01_zz_r2_q4_s1__h_random_s1000.qasm,1631,b167c6e5cb1057084252ffcd1f04bf70009ce932a39102f141b0af6f7557e10f
infected,digits01_zz_r2_q4_s1__t_controlled_s1012.qasm,1631,4eb66315e55b6d3dcd5d035288d6f3133d0322f94513f0e813d312b414996e01
infected,digits01_zz_r2_q4_s1__t_idle_s1011.qasm,1631,49f4d7453a9362ac5ae2b940094255608a3b14a4ee92b3e564cc2945820f8aa4
infected,digits01_zz_r2_q4_s1__t_random_s1010.qasm,1631,294b1cd73c3f38628f9b045045636acc3cf18a3b58fa575bfbadddb18455c9f5
infected,digits01_zz_r2_q4_s1__x_controlled_s1022.qasm,1631,ee02da993187723de87c7876d38c0af39fef4580d53aa52dc4f839d9de6f17ef
infected,digits01_zz_r2_q4_s1__x_idle_s1021.qasm,1631,271c0af5d125570892d4451a325f61683ff42327b849f90b4f954d63909501fa
infected,digits01_zz_r2_q4_s1__x_random_s1020.qasm,1631,5ee11d55d1c0232a98ab94e986a4e96c437bf81ac85ea99edbe3c8d170d16486
infected,digits01_zz_r2_q4_s1__y_controlled_s1032.qasm,1631,c60b30078af36535d13a95459c771e773004e7ef6dbb7976c3ddd7d63940ae66
infected,digits01_zz_r2_q4_s1__y_idle_s1031.qasm,1631,ab9f780518c1669419d771d918e1c90b71351cf732ff998e796c6040f8ec4528
infected,digits01_zz_r2_q4_s1__y_random_s1030.qasm,1631,59fef062015726fa30f193749b70a82f32b9646a651daffc28e021eb2e57ce13
infected,digits01_zz_r2_q4_s1__z_controlled_s1042.qasm,1631,e9dde6a57fbe3c40b21fccf07d835d63c4b66bb8d26b17b353aa9cd075f14175
infected,digits01_zz_r2_q4_s1__z_idle_s1041.qasm,1631,5db5e520059c326c679af226f4e6434c058db646e1e6e555af7ff6d8f0e73290
infected,digits01_zz_r2_q4_s1__z_random_s1040.qasm,1631,67b167e32336ec08a9cbf4b9bca9e384bed400b4aaa55d17e3a84d0495c491c5
infected,digits01_zz_r2_q4_s2__h_controlled_s2002.qasm,1627,942abd601f16af1797a35508b9106b6b9d7f06ac824459d381ce273d9dc6b8e0
infected,digits01_zz_r2_q4_s2__h_idle_s2001.qasm,1627,7bf4015e14c6997071b0c337dd99c6204ef1db3c3c8a0b34ccebe23dbc86832b
infected,digits01_zz_r2_q4_s2__h_random_s2000.qasm,1627,942abd601f16af1797a35508b9106b6b9d7f06ac824459d381ce273d9dc6b8e0
infected,digits01_zz_r2_q4_s2__t_controlled_s2012.qasm,1627,c3289e3ca4229839eea858aa48ea0ae61dc8ea9b03ad5306819bb106c1f82750
infected,digits01_zz_r2_q4_s2__t_idle_s2011.qasm,1627,7eccdbf549b93b867217ed163c28528050d167832f176fdcc85e53413bf8c864
infected,digits01_zz_r2_q4_s2__t_random_s2010.qasm,1627,f2ee05e931f285451cbd1dbddf85b6146eff0791e5f078a48265c18caa38263e
infected,digits01_zz_r2_q4_s2__x_controlled_s2022.qasm,1627,93d4cb2ceae6cbfa63a1a14cebd1874ce19bb8634053b1b8a37be877068dd3c4
infected,digits01_zz_r2_q4_s2__x_idle_s2021.qasm,1627,a8887751a45669e6182306d3a7e671dbc7b8485b4a093ae1c933da200e5a6154
infected,digits01_zz_r2_q4_s2__x_random_s2020.qasm,1627,b2b6aa667992bd5162baea9d7dedc6729fa8238df68b3dda4aa0db0c3f9c0eec
infected,digits01_zz_r2_q4_s2__y_controlled_s2032.qasm,1627,8f3b346710790351a6238013b2d53ca4e6ee6c49aed47a43ce57e6ef4a22ab59
infected,digits01_zz_r2_q4_s2__y_idle_s2031.qasm,1627,717a5881c60df732e811c3b12f4bff228a07490598e7ab893aed675be5257d1f
infected,digits01_zz_r2_q4_s2__y_random_s2030.qasm,1627,01fd2d98b0f65820d4598346807dfda9026b9d423861d27f3cab4e0e02916771
infected,digits01_zz_r2_q4_s2__z_controlled_s2042.qasm,1627,d92970d85acd6f270e9c4a273efe90209c6f9839ad60803c5515ef04b1c1d197
infected,digits01_zz_r2_q4_s2__z_idle_s2041.qasm,1627,450e7c3dc9f89380b5222dfb4b41cbae96115469dc6ff52fa8c6b093b8dacf68
infected,digits01_zz_r2_q4_s2__z_random_s2040.qasm,1627,2bc27a2813b5ddc7c7bbc6e69ced0520be0417b21fb8564b53c32933a359231f
infected,digits01_zz_r3_q2_s0__h_controlled_s2.qasm,828,b67d7e289ebc2500f26664f16254448f4e3933b29ad941303e90486149550869
infected,digits01_zz_r3_q2_s0__h_idle_s1.qasm,828,d58abb8510fcd48c9f600f9401203968a550cd115286d109ac00b249137a3ae1
infected,digits01_zz_r3_q2_s0__h_random_s0.qasm,828,73280f2061f282337cec68acde47530171fe8e10ae4a3c1c5fe2cb033d45fe8e
infected,digits01_zz_r3_q2_s0__t_controlled_s12.qasm,828,18ee54ce5afa13900df1d72a6ddd16936dfd1b14847c0cead307f8d52a93ddf7
infected,digits01_zz_r3_q2_s0__t_idle_s11.qasm,828,3d685792b16d40908e016cf4413cc72836f0fbb1e309def5354f633efb88b0f5
infected,digits01_zz_r3_q2_s0__t_random_s10.qasm,828,2e72b9608723bb93f68c0420ff61c6696dacc7fe04f3bfc9742f167c4770d0a8
infected,digits01_zz_r3_q2_s0__x_controlled_s22.qasm,828,3c53ba69d0ba94a812fa24d4c5223e865a72353572f57a6553b2b6980794f2c7
infected,digits01_zz_r3_q2_s0__x_idle_s21.qasm,828,f9e4a64156027cda37394536a5ccf49eb48a86b045f2f06cbbbe372790f40293
infected,digits01_zz_r3_q2_s0__x_random_s20.qasm,828,d85da812e1c3277aec12cee95880557d1fd9b2e4fea361cb1594c142110aef40
infected,digits01_zz_r3_q2_s0__y_controlled_s32.qasm,828,59fe45e877a3667c3b1a69c3fc5730115b3741b26663a66923577f9cab34823f
infected,digits01_zz_r3_q2_s0__y_idle_s31.qasm,828,b3aa15bd3c3a29b20ef48a3c5375c08b41da41f3a4a58f12f3c98473c9b7becc
infected,digits01_zz_r3_q2_s0__y_random_s30.qasm,828,38b162da7c8116edba3f0ab40cb490fed6a96a21cd6bc198e724d2ff36c1f180
infected,digits01_zz_r3_q2_s0__z_controlled_s42.qasm,828,94e8770111bd6d9a7929cf64477d85cf0ca1b26eacdc471cbfcc777eacbb9af0
infected,digits01_zz_r3_q2_s0__z_idle_s41.qasm,828,1761dd35d39eb3665e5cb3db0f1126fe6b6b107fa9c2663eede84f97e63d7d0f
infected,digits01_zz_r3_q2_s0__z_random_s40.qasm,828,f26ceb8f4ef7bcb8c9c0aabec990856a143832c5b8aec474769023045b9b59c0
infected,digits01_zz_r3_q2_s1__h_controlled_s1002.qasm,830,8c9e902d072a8072d955c75f1dada5f60fe61a54346cc60c72a6871447483059
infected,digits01_zz_r3_q2_s1__h_idle_s1001.qasm,830,74b651ed3cc611dfb666ec772112042e87fa2bba47fa6b9f1ce8822862ad24e9
infected,digits01_zz_r3_q2_s1__h_random_s1000.qasm,830,8c9e902d072a8072d955c75f1dada5f60fe61a54346cc60c72a6871447483059
infected,digits01_zz_r3_q2_s1__t_controlled_s1012.qasm,830,854f57422ea8832518eb8212ac08164baf3c8167489792d49ea87605c18e9da3
infected,digits01_zz_r3_q2_s1__t_idle_s1011.qasm,830,3ca791d38d204677a14eec3871becc264d4dfda3aa207faa065b004440e6f444
infected,digits01_zz_r3_q2_s1__t_random_s1010.qasm,830,615b59618ac4843811d46ac16d6c546cb5f7595e8675d5e71679ca9f1d273cf6
infected,digits01_zz_r3_q2_s1__x_controlled_s1022.qasm,830,469ed85311498c5bff0e5f21425b3277fb03ca5133f03fe625c270710432fa50
infected,digits01_zz_r3_q2_s1__x_idle_s1021.qasm,830,04022899137137bcc58005a01db8da2c3541d7252abd5b256a0db2e758b55d1b
infected,digits01_zz_r3_q2_s1__x_random_s1020.qasm,830,cc3a2950e01e6b5b5e6138f7f33280f70e9bf1e21726f0808769b620015e5c12
infected,digits01_zz_r3_q2_s1__y_controlled_s1032.qasm,830,b877f34a43c890a63f279072569c47e08fc98aaf271679de514d8d93d98ca528
infected,digits01_zz_r3_q2_s1__y_idle_s1031.qasm,830,ca2adcb7b50a7faa510874b2a14bc50e8a1eb3c3ac277fd5304b7d979ca74236
infected,digits01_zz_r3_q2_s1__y_random_s1030.qasm,830,4097a11ce8b0073b797d54298c795c4cafb032265a5d62fa41f08af1e01a6406
infected,digits01_zz_r3_q2_s1__z_controlled_s1042.qasm,830,89778a04d21220e74acec5af74936a887f2ff2da34120c2540d8d4dccb389fc3
infected,digits01_zz_r3_q2_s1__z_idle_s1041.qasm,830,cfa7e3d94529a4699b98488fbfad8c931bbb2047ff6152e98c3d6b771b325f4e
infected,digits01_zz_r3_q2_s1__z_random_s1040.qasm,830,cf6cf882274d938fb3a9aab83e73458cb7a3a0e1560fd056e7c73a62682c5508
infected,digits01_zz_r3_q2_s2__h_controlled_s2002.qasm,836,28c2867ba944b02b91764c0f7858dad9405c5c6bb5d81fd5cb8ca6a77f595cb2
infected,digits01_zz_r3_q2_s2__h_idle_s2001.qasm,836,0670c825593efcbc0b013efc2c40e4802767aac325d69172dbd4d0cd22165649
infected,digits01_zz_r3_q2_s2__h_random_s2000.qasm,836,ad1e8b5230a35c6140691252869632fd6a25d0d887f4d50a4478a1dd282979b8
infected,digits01_zz_r3_q2_s2__t_controlled_s2012.qasm,836,0e820ffe1fdc5aefe1c2990b43c93dfa78400b0ce56a734566c8655c92be8396
infected,digits01_zz_r3_q2_s2__t_idle_s2011.qasm,836,a00809ab9ef09f83cc8646af5dfd0636ce799e19c60129b49a5743b3bcff40ab
infected,digits01_zz_r3_q2_s2__t_random_s2010.qasm,836,29d18742b20d32f63a0b047c6169b9aec1311da06f1e52c7f2907206e832ae4d
infected,digits01_zz_r3_q2_s2__x_controlled_s2022.qasm,836,d46938a6c6b3db434003fe367f6f0cb01d17114010f77d0086054d881bc4fb7c
infected,digits01_zz_r3_q2_s2__x_idle_s2021.qasm,836,d1ac81805bf57e3f4931836c726b010f6aca323fd75ddf527bd5f49dbe25242f
infected,digits01_zz_r3_q2_s2__x_random_s2020.qasm,836,ab0015ccdef8dd9fb8d805f44ebf641e81cb7256db2b713926c2657dc4133840
infected,digits01_zz_r3_q2_s2__y_controlled_s2032.qasm,836,f61b7a900e0bf86fb2e2d0c6675e0cdb669d292f7b4109eba64c0537fded41da
infected,digits01_zz_r3_q2_s2__y_idle_s2031.qasm,836,09b73fcf5f3caedd9f3a8346c3bf87f418e13a7763593f38fc52ac1454e0ead7
infected,digits01_zz_r3_q2_s2__y_random_s2030.qasm,836,8f7ea1652b177929600afd1295f1fd3f945bbe94199af5eb6567b39bcd654b1f
infected,digits01_zz_r3_q2_s2__z_controlled_s2042.qasm,836,0729af12605aabb88434d88281ad41848735f98faa60fc7cd67ef6c18efba961
infected,digits01_zz_r3_q2_s2__z_idle_s2041.qasm,836,0a550abbb992ff333d57390c97dc626717e6af52e2714a1d744850ccbe2c915f
infected,digits01_zz_r3_q2_s2__z_random_s2040.qasm,836,0ab7c1683306ad3ba939dda11af2b16e1d3ad7dc7a6e28e301f45df4b0ee4faf
infected,digits01_zz_r3_q4_s0__h_controlled_s2.qasm,1823,5a73681c60a562c0f3b647e59dfe6679f2fcb314bf667c23c4f21efc63e398d9
infected,digits01_zz_r3_q4_s0__h_idle_s1.qasm,1823,1f25f86182a2acf62d873c2e16936eec75925e4b8f837f9ad7f1de6069a2342a
infected,digits01_zz_r3_q4_s0__h_random_s0.qasm,1823,b4461ff50dda76a6bc8fa637281b133b7129981c735cbe073e6fceb53a130591
infected,digits01_zz_r3_q4_s0__t_controlled_s12.qasm,1823,b87686ca4aaa99c561857e08c1268887e9856d564dbb840ef7ed94af4b7cfdb6
infected,digits01_zz_r3_q4_s0__t_idle_s11.qasm,1823,d703ac39d3e046b475d7807aadc815afc6cdd433333233d3f9bfedfa94ad4e55
infected,digits01_zz_r3_q4_s0__t_random_s10.qasm,1823,06e12cc04079dbdfe0723382865dd2d26d5d74a666005ca03c00d2cad3598935
infected,digits01_zz_r3_q4_s0__x_controlled_s22.qasm,1823,047ba35cda89c7ea5b3dcf0d5ef67f30249f4aa07ce4c48706a432a2948d16e3
infected,digits01_zz_r3_q4_s0__x_idle_s21.qasm,1823,d0be8797f102649e4165710df13422d8535d8bab715e28886c772da7af480710
infected,digits01_zz_r3_q4_s0__x_random_s20.qasm,1823,7d02952135858e90241fd91d696e5fea2074a4273fbe147d9ac72c5ab373291f
infected,digits01_zz_r3_q4_s0__y_controlled_s32.qasm,1823,6dd0ff72783790ed7c1806bb25e6f59b1c2e9db688321b0928fd5c1f6b6c8840
infected,digits01_zz_r3_q4_s0__y_idle_s31.qasm,1823,32f4fbfcb9de7335bc4108157edc6844f0d1d726db93610b1c2e8e8a34afcdf3
infected,digits01_zz_r3_q4_s0__y_random_s30.qasm,1823,32c177b5ac4965f9b2f1642358f1eabeb16fdaeca74e07c985692c7e1f5e2f42
infected,digits01_zz_r3_q4_s0__z_controlled_s42.qasm,1823,05a4227747d9f563855433cb2bb0f7e61196886ac3262b35e8b86d647d641792
infected,digits01_zz_r3_q4_s0__z_idle_s41.qasm,1823,27aac976c024fc8ded135ea1bb620c3a87615ad68ddd6c574de28ffd23eaa8ae
infected,digits01_zz_r3_q4_s0__z_random_s40.qasm,1823,037a4cf93479fd516f571eb9d408042cd6f77cc055915a842438e5300c9c71d9
infected,digits01_zz_r3_q4_s1__h_controlled_s1002.qasm,1835,e76b60b3c1392b4a99ece319d60c2b6f769571a75b8400cfcdd961df040a6899
infected,digits01_zz_r3_q4_s1__h_idle_s1001.qasm,1835,6e54444b84baf02d9d7d6bb3a2ba85b9ad4097afc26cf2ade5b4d2d94170fc03
infected,digits01_zz_r3_q4_s1__h_random_s1000.qasm,1835,e76b60b3c1392b4a99ece319d60c2b6f769571a75b8400cfcdd961df040a6899
infected,digits01_zz_r3_q4_s1__t_controlled_s1012.qasm,1835,cbfc32b4a76856c3625fa1be850b5bde76d8068413adc461cb8b50ccb9790731
infected,digits01_zz_r3_q4_s1__t_idle_s1011.qasm,1835,745ebddcb03bfef59a5d23ea25f9c3e70008960c9950d191561bf94366dfa53e
infected,digits01_zz_r3_q4_s1__t_random_s1010.qasm,1835,c154e212e89a15bee79e712d98ba47b12402213fd5f8e31cb14d9dcb80145e35
infected,digits01_zz_r3_q4_s1__x_controlled_s1022.qasm,1835,303d4bbd1eb2fe7044d2ea6a3b78b42e771cdddc2593358d4f2b63e95fc24a00
infected,digits01_zz_r3_q4_s1__x_idle_s1021.qasm,1835,0d65f371416532a77a87947e47902141c3a54036036b8129674ac31008b5b0b4
infected,digits01_zz_r3_q4_s1__x_random_s1020.qasm,1835,fa3bea003bce47e1206ce33832681b17b4a8d99d54c4931747b70eb98c12c94b
infected,digits01_zz_r3_q4_s1__y_controlled_s1032.qasm,1835,808377d9636a578b1d294279f4e51a9f095ac133b1722cdda508ffb241c18996
infected,digits01_zz_r3_q4_s1__y_idle_s1031.qasm,1835,391122cad776576fec35930e5ba973681933a85058aff8b5edd82f6437d81b78
infected,digits01_zz_r3_q4_s1__y_random_s1030.qasm,1835,986dedce789585e6f23bb237678506b19f9037f4e7733171e11f4f7d984eb379
infected,digits01_zz_r3_q4_s1__z_controlled_s1042.qasm,1835,f924ca6d848266793a6621f4af34fad8cbab57c1b0b920e6e40ae9b390e5bf02
infected,digits01_zz_r3_q4_s1__z_idle_s1041.qasm,1835,3c1cc5659ec193027dccfba4dc0687550674f978341576e1cc7d1aeeb78c0601
infected,digits01_zz_r3_q4_s1__z_random_s1040.qasm,1835,d27f5d1e312dbb7d2475d18ac2735fbe7371d584682494e01a36094c7e91042c
infected,digits01_zz_r3_q4_s2__h_controlled_s2002.qasm,1831,63858abb5652cf6cbe08eba33b23b6a5b8f86b859e97fde23e78881b574e77ea
infected,digits01_zz_r3_q4_s2__h_idle_s2001.qasm,1831,e79ee7df8b5ba3ce0c063df54518ef9fcb5841c63e041f5ea384cb88e5e62ad7
infected,digits01_zz_r3_q4_s2__h_random_s2000.qasm,1831,4918e32304f1d4e0b22d2e6fcc155dd9fa79b2c02447ecfb73c93346f690328b
infected,digits01_zz_r3_q4_s2__t_controlled_s2012.qasm,1831,492016ecf5474c0661e6456da041d351040bfc81d2b2c5dd1733f89ce75a131d
infected,digits01_zz_r3_q4_s2__t_idle_s2011.qasm,1831,7fc0d8db9f407d2ca563a4fcf7f6df1635557230241b7e0fef728d5eb51b52b0
infected,digits01_zz_r3_q4_s2__t_random_s2010.qasm,1831,bb5a5d24e9eb9ff1c2f3ff8a393326931b215f79ec205c254e9803cb3d136894
infected,digits01_zz_r3_q4_s2__x_controlled_s2022.qasm,1831,4914319ce8f01ca3462135acca9b0e146133ad3b58c92bdeb75ec29bc82a8ed3
infected,digits01_zz_r3_q4_s2__x_idle_s2021.qasm,1831,2a48fb544265e35491069a0ddde1e1af4ce61773ac80b4e8e61803b61f544cf7
infected,digits01_zz_r3_q4_s2__x_random_s2020.qasm,1831,a5fa07dc9cd0a940b2f8e881b004c6009e55e1bc66f9bde64d781413df59c9df
infected,digits01_zz_r3_q4_s2__y_controlled_s2032.qasm,1831,fb0355e8db42c3c396d9cce1ef4d3bb2b8c2dd5743493aee09e243d3322b7863
infected,digits01_zz_r3_q4_s2__y_idle_s2031.qasm,1831,e35b976dc0b25c5f16a3d1f522bede8ff95fdcc89c6a9a0c9c567e5ffb297fba
infected,digits01_zz_r3_q4_s2__y_random_s2030.qasm,1831,27ac804ac8fb40b1ec7916e4bbb8748decb51353fc6195d444b4150b1382580a
infected,digits01_zz_r3_q4_s2__z_controlled_s2042.qasm,1831,c2af4552a93909d572533a3c5c7cc8a69d0f806d8cc8ee4a2c75e0dcbb3990b6
infected,digits01_zz_r3_q4_s2__z_idle_s2041.qasm,1831,556f988b7d02043356c3006f7872f181d67d02ddc47b0cbad6fd5ee2faef0907
infected,digits01_zz_r3_q4_s2__z_random_s2040.qasm,1831,f1c48e2bf8735728072f2c764cbf46c7a8784d26b1c810560f3c1af27ab1559f
infected,iris_z_r1_q2_s0__h_controlled_s2.qasm,493,043505e5f836a27106a08e62dc7e91506aaa369530ea1285035283aa070b9e0b
infected,iris_z_r1_q2_s0__h_idle_s1.qasm,493,f3440e34731946525afd7375ad0f84a66c46d665816b77229a57435aec1fa0d1
infected,iris_z_r1_q2_s0__h_random_s0.qasm,493,9a415fe4c7ec560b1adb5a0549f61b78c642093fff81348c7bf25cd83379b1c2
infected,iris_z_r1_q2_s0__t_controlled_s12.qasm,493,fe8bf4e6563e625ec73360e8d2e702c939c6a5fc79fa5c3fbd154df44a1a58e6
infected,iris_z_r1_q2_s0__t_idle_s11.qasm,493,64f37b628eaa6b89a89f739c01518f27ab0c7127f1d8dda0fc9c956ec7b9ea3b
infected,iris_z_r1_q2_s0__t_random_s10.qasm,493,61b4d1681e0b02567bb09a76ffd9094b4438dd54fd730541c2703d56479dc6cf
infected,iris_z_r1_q2_s0__x_controlled_s22.qasm,493,bb0b8a1efb4dfdb8abcf7d932e87716e86783e4be30a7f65749482d845de03e0
infected,iris_z_r1_q2_s0__x_idle_s21.qasm,493,18a8c761c7c58c870bc01ca71b70c9fe273d7c9ceb7adde650219a93b0c6ae9b
infected,iris_z_r1_q2_s0__x_random_s20.qasm,493,6586645ec2ef246a2adaba5712e8bfde4e1fde4ffcf5bc6422b5ec5042409465
infected,iris_z_r1_q2_s0__y_controlled_s32.qasm,493,fe45d82fa2282ae982eb1d2b35048c2a52586ec91db0f1ab66498de4dcbc8bda
infected,iris_z_r1_q2_s0__y_idle_s31.qasm,493,58e76e2194a7116132b165b559a0518f88e508e58d768b44ffc6504ecba020ce
infected,iris_z_r1_q2_s0__y_random_s30.qasm,493,fb8f8cddd26fd997d8bf524458b361d9f709340804a46c8d97ab8971c644fa8a
infected,iris_z_r1_q2_s0__z_controlled_s42.qasm,493,3ccb125ff372d6cd19edd5727c5e3e57f352f834aeffca11c65037e96602ff04
infected,iris_z_r1_q2_s0__z_idle_s41.qasm,493,4a36b7aab962dfb12964c1d33532ff0856a7b0585bdb5499b9d0e2cdadd5337b
infected,iris_z_r1_q2_s0__z_random_s40.qasm,493,24aa5e984a4d8cb316b95289c63f2a9a6a60ba48675a2749dd5a9fb8af43e877
infected,iris_z_r1_q2_s1__h_controlled_s1002.qasm,491,be5aaa6080f7ff270ec3c83bf98af3e8c18d84503ea981e0f63655d8c8b7d40f
infected,iris_z_r1_q2_s1__h_idle_s1001.qasm,491,cc8c1e3a4cc0cf86f584fe30bd52b75185ddcd378ab3fed215cf4a51088a4e0b
infected,iris_z_r1_q2_s1__h_random_s1000.qasm,491,be5aaa6080f7ff270ec3c83bf98af3e8c18d84503ea981e0f63655d8c8b7d40f
infected,iris_z_r1_q2_s1__t_controlled_s1012.qasm,491,186ca37043c531996acef009c96dc2f75479f62ab6c3a11adf2fdd16b6cb3f9a
infected,iris_z_r1_q2_s1__t_idle_s1011.qasm,491,6edd2ddeac8e1bfd509d1d4ca978593f6508b09aa2ed6a5a8d7657abfac238c6
infected,iris_z_r1_q2_s1__t_random_s1010.qasm,491,958ba78213c85d4abd6f82d973c031a5ed41ebbe7f967929049fcc71a0bd8f95
infected,iris_z_r1_q2_s1__x_controlled_s1022.qasm,491,9a13ea4c7b092f9508d1d13ff3a8f42b8730ae2a8ff4c6ba673c945ef6b0ef34
infected,iris_z_r1_q2_s1__x_idle_s1021.qasm,491,948f188ced48253d61605bb3202289bef133cc4d582e724cf8fb8f7c18497a92
infected,iris_z_r1_q2_s1__x_random_s1020.qasm,491,93b9220990b9e5dcf1efaf0b6dcd91be31fca6ea4c161d8e7ec370709f977bed
infected,iris_z_r1_q2_s1__y_controlled_s1032.qasm,491,6646a34477e61c028b4b0e41f3bded721e3e39815aa1659297240071b9ffbfe6
infected,iris_z_r1_q2_s1__y_idle_s1031.qasm,491,bb77bbb696b4422cdf77871e79ffc0e160831528d488c787c3f735050561a5ef
infected,iris_z_r1_q2_s1__y_random_s1030.qasm,491,322c00cadfad4ce02a81402a1761ea958f1f627b54b3e851987489441ae75745
infected,iris_z_r1_q2_s1__z_controlled_s1042.qasm,491,f2acacdebcf27061fbebefab5a0f6c98079bdc22e037ebf2d3efe624ad7c6035
infected,iris_z_r1_q2_s1__z_idle_s1041.qasm,491,4d55bd640a8db0fb6db961a3cca3298a01964ee00f446a2188f1b2aa4d313914
infected,iris_z_r1_q2_s1__z_random_s1040.qasm,491,d9e8d80e45382d31d1b2e6c4cb65acf98ffeabf705efb627b3d0aeae5c507e52
infected,iris_z_r1_q2_s2__h_controlled_s2002.qasm,493,fbe01dfc4b26a2214390a0d7d9b9da7c020e5f612709ce10969e0d5479ce4246
infected,iris_z_r1_q2_s2__h_idle_s2001.qasm,493,49af11919ea6855d819474813535c1754e1122c9d669bec8cf326e0b7c7ea585
infected,iris_z_r1_q2_s2__h_random_s2000.qasm,493,90667abfe58181f59ef568beeb7773fe1ce3f8cb5efda51f558355ed48986a3b
infected,iris_z_r1_q2_s2__t_controlled_s2012.qasm,493,be40ab3129a4e1560a59baf2bf3f4f8ba302e537288d0df002e4fc41a2b0eeb7
infected,iris_z_r1_q2_s2__t_idle_s2011.qasm,493,1f4c17f41e206d00e39641cbe5712894bd4827fbd7ecc0a95787d76f4be0d26a
infected,iris_z_r1_q2_s2__t_random_s2010.qasm,493,8d56e85c2c52d1102a49de4ced5fa94c33e909dae52868babd14423e2342d2d1
infected,iris_z_r1_q2_s2__x_controlled_s2022.qasm,493,55e7340c61c3d3f9b24725d4400c482233f2a48f6592f37ca845e4101488f5fc
infected,iris_z_r1_q2_s2__x_idle_s2021.qasm,493,768ebb866b85004acb870392ba1e91ec2effd45ffeb66011ea175d9e0f9c19eb
infected,iris_z_r1_q2_s2__x_random_s2020.qasm,493,55e7340c61c3d3f9b24725d4400c482233f2a48f6592f37ca845e4101488f5fc
infected,iris_z_r1_q2_s2__y_controlled_s2032.qasm,493,1f36bb19ef8d3a4d2e942c47396f51428db4fa90f217de2fa2ed370a7f444655
infected,iris_z_r1_q2_s2__y_idle_s2031.qasm,493,1ce46b66a86bbb72389248eb2350fd5b01f5ff91563fcf1ceb9d1a0fcd39b6a9
infected,iris_z_r1_q2_s2__y_random_s2030.qasm,493,4d4487f3f844a265e54497b20b9283e9a5da170062a3bfc511cceba923e0bf3c
infected,iris_z_r1_q2_s2__z_controlled_s2042.qasm,493,59673751a57673565d7e3ed8a10a8b21d3587783f9f337e10502c23964918c2f
infected,iris_z_r1_q2_s2__z_idle_s2041.qasm,493,5488af404c2c87dd8f6cc72b7eba77c48b3d9aebd9698c4798e362bc01f5a191
infected,iris_z_r1_q2_s2__z_random_s2040.qasm,493,054e92dcfd9f07280392186abed90df0da097a31a5c8356eabf8ac52f4e44241
infected,iris_z_r1_q4_s0__h_controlled_s2.qasm,933,76ea63e38564343c18aa74f5e6aa6de5a4a3d44a19c123bc6a46a1a6c8d6586d
infected,iris_z_r1_q4_s0__h_idle_s1.qasm,933,c74909e2f051c4ca0bec30ddebdf0cce32f9608ccdc237dd0d1a4ebd4a722148
infected,iris_z_r1_q4_s0__h_random_s0.qasm,933,e3db2979ab3750f3074f3069d5f1c469d63b478916938ad4abcd10e4b051164e
infected,iris_z_r1_q4_s0__t_controlled_s12.qasm,933,4f4f6cbec08a3a6b27f0ae52f8b43c513cc6e9dfc19546b48069e9089a2ee326
infected,iris_z_r1_q4_s0__t_idle_s11.qasm,933,c095a7e54031776cc51415d89f2d3b161c1103afdc4f9b52b6aab518890297df
infected,iris_z_r1_q4_s0__t_random_s10.qasm,933,4037e152f3c7a64ced4e38ae36e931bdfaec86ba4ce5157582410d054b16b87a
infected,iris_z_r1_q4_s0__x_controlled_s22.qasm,933,57b7241f00d9c127b0af8b327d74ce40fb89b4859ca93cfcf218c6cf19bcaf8a
infected,iris_z_r1_q4_s0__x_idle_s21.qasm,933,117e43158f2d630ba45599241b005d07c72dcd8041dd882a54fc906cf613cffa
infected,iris_z_r1_q4_s0__x_random_s20.qasm,933,2908e18eea496b383f249276d6d9c5484f80c439413280527c40c47aba2ccf2b
infected,iris_z_r1_q4_s0__y_controlled_s32.qasm,933,c62f0c764d3d74d34639b204342d6838bfecba0fb344dac70936c2fe0dd563e1
infected,iris_z_r1_q4_s0__y_idle_s31.qasm,933,7dc2b8282c926fdb02aa9084dae38c3a053820fd179a32ee5d45b82c91c136e3
infected,iris_z_r1_q4_s0__y_random_s30.qasm,933,2d891105ff35ddf14a1d95319e5868599b853094eb191c6c33fa89c4e162ab1e
infected,iris_z_r1_q4_s0__z_controlled_s42.qasm,933,d4bfc14075297481d3fe3a51aeaf46f035fb4e3ed9a12951b06a591eea035d88
infected,iris_z_r1_q4_s0__z_idle_s41.qasm,933,cd4ccfc0eb077ad722726482fcd050e615d57deff9598f5b2991e379c191dc27
infected,iris_z_r1_q4_s0__z_random_s40.qasm,933,b27408031d989a52ac1c28c6f7bc2f7f9f2fa50061345625c7f3dfb3284c41f3
infected,iris_z_r1_q4_s1__h_controlled_s1002.qasm,935,bbc13852bb7396b5b36e764f63b81bf17ebb5b6190b5237d0a813f546170adea
infected,iris_z_r1_q4_s1__h_idle_s1001.qasm,935,63fccab89b32742f9dc1a82aed2588fba4795c1dc766c8e495c92e747796ad36
infected,iris_z_r1_q4_s1__h_random_s1000.qasm,935,bbc13852bb7396b5b36e764f63b81bf17ebb5b6190b5237d0a813f546170adea
infected,iris_z_r1_q4_s1__t_controlled_s1012.qasm,935,c3c71197f899b0ee4670e372ba6bc328ad59d8b46ac7e7cdaa7ff2a354b6356e
infected,iris_z_r1_q4_s1__t_idle_s1011.qasm,935,2ac228838df413c5d63d9d3480633a2dec59ccca6bed17d2d2f1215d8bea3316
infected,iris_z_r1_q4_s1__t_random_s1010.qasm,935,05b21f32e8039f3de02231667f8c1065bbef9ffc66226c6edeca4d4532248748
infected,iris_z_r1_q4_s1__x_controlled_s1022.qasm,935,f72f9dfb16d33764f4a183254a404e382bde19b71a03da977712bb65b008e9e0
infected,iris_z_r1_q4_s1__x_idle_s1021.qasm,935,d087a4f3aa1e2b0dd0d309be48abb1cdb1edcfff978af67e514231ffc3be2d5d
infected,iris_z_r1_q4_s1__x_random_s1020.qasm,935,d2eb1d1dd5f925e8607da6579267de5ed5f7d9fb8f2448b7f76a29b912864c2b
infected,iris_z_r1_q4_s1__y_controlled_s1032.qasm,935,277b2810290e895e316ac1c4c2a0d14e9c6e08683981c266b3ff916b72733e86
infected,iris_z_r1_q4_s1__y_idle_s1031.qasm,935,f53614c057e1f65acdbc6e2b6196a1a263ce9b5ee42da097454a9f14297026f1
infected,iris_z_r1_q4_s1__y_random_s1030.qasm,935,ad2f7b43ecf2f667a64bef245de67e6f2929d6219cfa87ef928776ad0f0ea717
infected,iris_z_r1_q4_s1__z_controlled_s1042.qasm,935,a581aaf47a979d0049fb5f3893dd341706e2f3c831a0a43bc4841634820cea26
infected,iris_z_r1_q4_s1__z_idle_s1041.qasm,935,32c0fd3d3c66299f35cc7454c9bc8ea331d994b62b48d1706f929ad943b666e9
infected,iris_z_r1_q4_s1__z_random_s1040.qasm,935,7df5976558cc0c20fed840315b46365bcaff3ba3067845d117d7cb1be66fb0eb
infected,iris_z_r1_q4_s2__h_controlled_s2002.qasm,939,e3d37b7fdf5a7cf58690d3b77bcb90d77380ae4b48fe7d862c942493847c299b
infected,iris_z_r1_q4_s2__h_idle_s2001.qasm,939,f08925507c37b010dedb232028ae77a663c0fc2c77fe762950633ac6364135c8
infected,iris_z_r1_q4_s2__h_random_s2000.qasm,939,f08925507c37b010dedb232028ae77a663c0fc2c77fe762950633ac6364135c8
infected,iris_z_r1_q4_s2__t_controlled_s2012.qasm,939,555896fd0a97ab3012fdb1f95294ab26779f98666a8bc6346105f1f9e03ed49a
infected,iris_z_r1_q4_s2__t_idle_s2011.qasm,939,c86cb22578e354ea87f5e2dfff6c7497788f544a3ef187311c7ea58b000d1bf9
infected,iris_z_r1_q4_s2__t_random_s2010.qasm,939,a231b603ab97d106fef7f003ece994bd799dd382e018f6c77a84a162cb4563e0
infected,iris_z_r1_q4_s2__x_controlled_s2022.qasm,939,a5ca9249d2d2f40e5f64b3c9f52c83ec696c2017aa4b54dab867424bc01cff2b
infected,iris_z_r1_q4_s2__x_idle_s2021.qasm,939,c716d772de5dd5c09163259b0132825540c8451df452a58e5a9ab3c221a29b33
infected,iris_z_r1_q4_s2__x_random_s2020.qasm,939,a5ca9249d2d2f40e5f64b3c9f52c83ec696c2017aa4b54dab867424bc01cff2b
infected,iris_z_r1_q4_s2__y_controlled_s2032.qasm,939,701d48bdf3d65ea59abbd1d2d4dfa6000bbe2f7e4adeb8100e81a6ff8449b3b9
infected,iris_z_r1_q4_s2__y_idle_s2031.qasm,939,cd673f31814001d3be92ed9b01fb09c10e5340904abdee212b6e46f0dc6e0dfd
infected,iris_z_r1_q4_s2__y_random_s2030.qasm,939,7f9a2227bbca953b984b35b0e2fca815899e0a3cc851b48cc8136840997e0d2b
infected,iris_z_r1_q4_s2__z_controlled_s2042.qasm,939,0d2342966c3916ea8f89df99bd800d969d959af37589ad033a3457c08c473a89
infected,iris_z_r1_q4_s2__z_idle_s2041.qasm,939,cf5394998e5ec152f08339a1ab2cc81fb5f16acce0ba7711587dfbe2d0babfe6
infected,iris_z_r1_q4_s2__z_random_s2040.qasm,939,fa17c5986e4183f4ba4559825bf125ecb29b49e81b2f20cfe20b80d4c2947349
infected,iris_z_r2_q2_s0__h_controlled_s2.qasm,578,35d07b0a233407f7464d0ac145e12da5bddb84ada77f5f60ad0097497aec1ae1
infected,iris_z_r2_q2_s0__h_idle_s1.qasm,578,fe017a29f39d193fe735ffc2872537b9adc45a8384493d08d3cb500e078b5329
infected,iris_z_r2_q2_s0__h_random_s0.qasm,578,af4ccefb68621b249294b4c06ae6af82d498312d7dbb7b53f5cca70f2232af8c
infected,iris_z_r2_q2_s0__t_controlled_s12.qasm,578,d1518f44cc934ffe6b34de19703605ac3faccb3d301d312e91e794f3f4d613ae
infected,iris_z_r2_q2_s0__t_idle_s11.qasm,578,0d3bc25ffc66e86e4ba156942970c796792d0a431d3201fb0e3d9732d8d5a9b9
infected,iris_z_r2_q2_s0__t_random_s10.qasm,578,e4e150ef68b559837a1fbad2eb8b578f8d0237643f888d6c77b4fa0c983faed4
infected,iris_z_r2_q2_s0__x_controlled_s22.qasm,578,5ba6386d0f175896d3f1895620f806e508f13c216a3b33c4c6a020e0e2724726
infected,iris_z_r2_q2_s0__x_idle_s21.qasm,578,7e0d35ad74bc3aed0a4b303b1f93d7f4c731538d54dc77a03b1d29c1d387c374
infected,iris_z_r2_q2_s0__x_random_s20.qasm,578,2c76f36937900c886601ab81af350e8562a44e18d08aded75f2b4c1299835687
infected,iris_z_r2_q2_s0__y_controlled_s32.qasm,578,e5427e461183873d730f398521d0fbaf77c7918f23e6e2f4af01aeadd018169b
infected,iris_z_r2_q2_s0__y_idle_s31.qasm,578,83a2ebbc2bd9ee634af8a8ad7619b49fc61e584198ee4114523f2fd16c3b18f9
infected,iris_z_r2_q2_s0__y_random_s30.qasm,578,c121a3923a60dad602a68d87df7c304275f95405ab39b84e8f79d3f4a2891e60
infected,iris_z_r2_q2_s0__z_controlled_s42.qasm,578,046bcbfb1dc57eb9eab2363ddb8bb83a2affed2aba306bbc653594381583538e
infected,iris_z_r2_q2_s0__z_idle_s41.qasm,578,97e574cf366054c04b40c8a0d09e3e07e218ca7eaf5e54de2f8d7b8e9c973ad4
infected,iris_z_r2_q2_s0__z_random_s40.qasm,578,fb535596b4954d78d6ee727c10554b3be4909d1fb19885c8ab1dbe62702dc83b
infected,iris_z_r2_q2_s1__h_controlled_s1002.qasm,578,bca9699d0ded59672d748e2458c1049cf8d38aa14dbb94b35435edabd5cfd1e9
infected,iris_z_r2_q2_s1__h_idle_s1001.qasm,578,1b9f4b8ff8bee2ad1e9e7e565235cc1bcf2d668f4edcf30d3f9cfcc3be28aa54
infected,iris_z_r2_q2_s1__h_random_s1000.qasm,578,e2582d1778a28b0274ee04976d8118d05b45a897200e964b0fb0e3cd7151c55a
infected,iris_z_r2_q2_s1__t_controlled_s1012.qasm,578,795f9488d70f08a3af854e2a047ea32a55f0009830964a2ecd3cb9e4afc1c9f7
infected,iris_z_r2_q2_s1__t_idle_s1011.qasm,578,2ac280a37e533c171047922e76854ca2b34b29f899a4ab88e9bdada3836891dd
infected,iris_z_r2_q2_s1__t_random_s1010.qasm,578,ecb1bc70730cf61311cc2f097fa77dc448ce32a95f0cf0a0d72c3a9931884fec
infected,iris_z_r2_q2_s1__x_controlled_s1022.qasm,578,e82b89e93a37ad327c37325afb0995855294212264feadfd9469c10735b4fe40
infected,iris_z_r2_q2_s1__x_idle_s1021.qasm,578,30b4c5b2f74ede3490e3c217d63c47d2cb2a2f4ce68eeaa0db314e5e6e9b9cb0
infected,iris_z_r2_q2_s1__x_random_s1020.qasm,578,4e9ee14ed00ba5787cd4bbec2163a41684bf06477a7affbe412e0be428f92401
infected,iris_z_r2_q2_s1__y_controlled_s1032.qasm,578,22d2a985389e253aa4ed21f225a952daa1f8216244cdf473341976cb91b486a1
infected,iris_z_r2_q2_s1__y_idle_s1031.qasm,578,d56cfe99e1dd7a7892cdd0aced07a428c81f90d7fc1c97e50c4122501bd6fb80
infected,iris_z_r2_q2_s1__y_random_s1030.qasm,578,1e33a9a2b20876f09ea71b382b89a764a696d5973fa2df0709ee4bab31ad9db2
infected,iris_z_r2_q2_s1__z_controlled_s1042.qasm,578,310eaade2d29ffec976b0c6cb71c159e67c2f183d9ef00f3d2bde4dfaddd801b
infected,iris_z_r2_q2_s1__z_idle_s1041.qasm,578,439b9de70840336e30cc6ac22190c9b87e2fb973e4f3938e83736cbbe9173e29
infected,iris_z_r2_q2_s1__z_random_s1040.qasm,578,9e856b4d585fbb578ce09ddd05f76ab28a9654e51e23463bdf4d36e397709fbf
infected,iris_z_r2_q2_s2__h_controlled_s2002.qasm,576,124d6bd087d2793fd6cf779e167cc1ea7bd702e0d23119d860fc7ee858f255e1
infected,iris_z_r2_q2_s2__h_idle_s2001.qasm,576,ad2ba3fae17428095f39f776c417a1ec0e930fef5b355ae50e596fa2e5dd76ae
infected,iris_z_r2_q2_s2__h_random_s2000.qasm,576,5a19d659064c80318c57e14eb8667efc646896404732fb1a85e8d3b7fd444a54
infected,iris_z_r2_q2_s2__t_controlled_s2012.qasm,576,09318e19405316fce78ab28d820c780d10284eb010ad39baf73eccec72d7f408
infected,iris_z_r2_q2_s2__t_idle_s2011.qasm,576,a9692aecee66213aecd4c150e360eead88251783111e76ad917eefb78a8900a3
infected,iris_z_r2_q2_s2__t_random_s2010.qasm,576,ad2ec344205b4f5b79d6903830562c13e2af349c63eca801f67341ee36be903b
infected,iris_z_r2_q2_s2__x_controlled_s2022.qasm,576,59710307f1b7f14872d572303fa41557a82f6aff7f7753711328c85ae5cda363
infected,iris_z_r2_q2_s2__x_idle_s2021.qasm,576,9b0f404d6134d5f3c79727960099ef23e8df6a69a2fa729313e0606d947bc85b
infected,iris_z_r2_q2_s2__x_random_s2020.qasm,576,c9de1ae1affcff9418aff30035a428a7dd760bc4a01e5fee99c3f05f1b968c94
infected,iris_z_r2_q2_s2__y_controlled_s2032.qasm,576,fa8a8acdece342d1476bb7b599fe4d8cf5fc5e8ec378805835d0315b8b72d8f9
infected,iris_z_r2_q2_s2__y_idle_s2031.qasm,576,a8bff395ca5385f5a361ca7b10a21dfc4b5c338c24ad78cf504e8094dc9258bb
infected,iris_z_r2_q2_s2__y_random_s2030.qasm,576,fa8a8acdece342d1476bb7b599fe4d8cf5fc5e8ec378805835d0315b8b72d8f9
infected,iris_z_r2_q2_s2__z_controlled_s2042.qasm,576,53fbb23ada538e48da39653c26502e61431a6ce771960762e041ffecb974b4cc
infected,iris_z_r2_q2_s2__z_idle_s2041.qasm,576,447c5f1829a8bbdb8780423ab9018d8ff0af91df4f28d46c2208c2f78104132c
infected,iris_z_r2_q2_s2__z_random_s2040.qasm,576,04919364b33a7c7f2ab599bf756f429e4925600e84d519de324a01caa99d8775
infected,iris_z_r2_q4_s0__h_controlled_s2.qasm,1124,f4c81bb4a0cf85205ff3031279f2372698f81164ddf9221b7a4468e50ac707aa
infected,iris_z_r2_q4_s0__h_idle_s1.qasm,1124,c6b49e4b48f62a2889f69382b86e66add748ed09902a623648a0c08ded067d6e
infected,iris_z_r2_q4_s0__h_random_s0.qasm,1124,863e7a23b1d256bd2f7c43760af56400fe20ac98320abe49e618186e8e01d254
infected,iris_z_r2_q4_s0__t_controlled_s12.qasm,1124,269eedb8eef9284eae1209770a15279f820a8cbd16fa842c0658330213b0ac42
infected,iris_z_r2_q4_s0__t_idle_s11.qasm,1124,b238334f9e052fc14f664dc7e554dd2815f1bf5b9fab9e6f87571c15f37eb2bb
infected,iris_z_r2_q4_s0__t_random_s10.qasm,1124,8722f3bffc86d82b37d0fb1ba689f3749a721bfd201d4ee5277c1c603fdb2ece
infected,iris_z_r2_q4_s0__x_controlled_s22.qasm,1124,fb8a64010b379936ed2059e333ddd7c0f3a69ec5d859d3d1b4b09c5cfd2470ea
infected,iris_z_r2_q4_s0__x_idle_s21.qasm,1124,eba4688ecae9fbffd3d97bdc08b5c3fe9b4cd5b5ade0bb253fc9fca7978b1643
infected,iris_z_r2_q4_s0__x_random_s20.qasm,1124,4df378035eaf3ceafb13f6f2c92c083cd903dbb5d5e21f1deef1eb396eeccd45
infected,iris_z_r2_q4_s0__y_controlled_s32.qasm,1124,3c02ca1665352386bc0493fa10e3169f40b3294ea267f8069dd9950afbf24fb0
infected,iris_z_r2_q4_s0__y_idle_s31.qasm,1124,43fcabdbc2d40f2a9d00436d39d47290ea16dd38eaf1b3a33dd6c19cf8a1dde0
infected,iris_z_r2_q4_s0__y_random_s30.qasm,1124,074e50f520f9269d6a8d0f38c03702f7f13363bb0e94893ed25ae36b04e64a0c
infected,iris_z_r2_q4_s0__z_controlled_s42.qasm,1124,de8d3dc6aa516f3a549723029f2b6a9ac840f6a30d6215747ef2e26762222983
infected,iris_z_r2_q4_s0__z_idle_s41.qasm,1124,21e964899192e622ae9a382ce570e5a1cc17896a6b35bc7de489b85c4412afd8
infected,iris_z_r2_q4_s0__z_random_s40.qasm,1124,e7885683cba42949009af356186374403b818e08705d07fce55ec91404b2faf5
infected,iris_z_r2_q4_s1__h_controlled_s1002.qasm,1123,c49b682a6b2d6db923ca9bbd418e7a475c89b41ef9905f8873fbb0392d8dcb38
infected,iris_z_r2_q4_s1__h_idle_s1001.qasm,1123,e458181ebcd1a1bc779b7036a649e87a61c75f50fd269e40aa4084a8cac88e3b
infected,iris_z_r2_q4_s1__h_random_s1000.qasm,1123,009d0922f1c635b4152f37b6211fee3799ab14fa49562026ba0f525b2301b809
infected,iris_z_r2_q4_s1__t_controlled_s1012.qasm,1123,4a649cf33d55e2f2a238b50116f199b3d5c7ceafb244d65e972ae3eb9cdffa9f
infected,iris_z_r2_q4_s1__t_idle_s1011.qasm,1123,96d4157df9c592ba1fe6c0197b7cf34290668b10ca5d51c611a40ca1baa907ed
infected,iris_z_r2_q4_s1__t_random_s1010.qasm,1123,b67755d3ba1150624645485fc984fc2d3b3b344d6b9d7d361f9dd07638285b05
infected,iris_z_r2_q4_s1__x_controlled_s1022.qasm,1123,640b726f6dbe0d4d5d1a98b8192c6a1e0dc1027484eb6f3847e6e70f14b8449c
infected,iris_z_r2_q4_s1__x_idle_s1021.qasm,1123,1f5706695aa7d313158dffae7f7675b975ace7282eb7ae305a05f81e51c65ce4
infected,iris_z_r2_q4_s1__x_random_s1020.qasm,1123,e385fa2d0daf1e73c083698c6bd39fff1af8ca738dad4886ccf4852defac6112
infected,iris_z_r2_q4_s1__y_controlled_s1032.qasm,1123,32e95248f1d32d6ccf43a2f39279a27de36750708184c27001760cbe3ff9ed76
infected,iris_z_r2_q4_s1__y_idle_s1031.qasm,1123,ba1f8f9249ef9380ccaa37afb368c7147e886f0d465e9391af92e305de8f81b6
infected,iris_z_r2_q4_s1__y_random_s1030.qasm,1123,8852ade38c723672827df7b736eb8ce50f8a75ba158d2faabdd2efef196dfd0f
infected,iris_z_r2_q4_s1__z_controlled_s1042.qasm,1123,da78157ce4ab1f42818f11a50f75db382a23730573cfd59a57783676412f9a12
infected,iris_z_r2_q4_s1__z_idle_s1041.qasm,1123,1115210a8380eea7afbb0fca728e4ac67437c038075352e496c15482a0ca5a45
infected,iris_z_r2_q4_s1__z_random_s1040.qasm,1123,406237a7df47701be697b84239064a93904b94706bbc412cae8c755df3feda03
infected,iris_z_r2_q4_s2__h_controlled_s2002.qasm,1130,c35b650d0b5374e71f7c6544b690b751649ca8e63122e1ec73dd8271f6c56909
infected,iris_z_r2_q4_s2__h_idle_s2001.qasm,1130,9c001109b8a86dfb3e9dd2f8a10cc6367e788c4ec620c0e1cf414810b1a3c69c
infected,iris_z_r2_q4_s2__h_random_s2000.qasm,1130,2e8d573ed3ad1e9d35857b56523ba39e7c14d7e3c67622dbfe0ae8f09616c14a
infected,iris_z_r2_q4_s2__t_controlled_s2012.qasm,1130,16327ba7f7db8723ad7a0435607c897e6c54bff2dbc4d15e480bab8ae6536a00
infected,iris_z_r2_q4_s2__t_idle_s2011.qasm,1130,053b99dde6bb0fee69d7bd5cd32de0c3751e35bfade6e7539b1a3dfa91fecaa4
infected,iris_z_r2_q4_s2__t_random_s2010.qasm,1130,90ac5ffd775cfaa9e6042f431833a6785a59d2a6fb9c47d1910b9e1830052675
infected,iris_z_r2_q4_s2__x_controlled_s2022.qasm,1130,1681dfa5ab9ce6fd0f7ab753df15e4e280940f9d17009f84410355130b44c161
infected,iris_z_r2_q4_s2__x_idle_s2021.qasm,1130,91637ce7b9b94ad15d1445ad7a13e691a68f685047c7055dbab93b7d5a3606c2
infected,iris_z_r2_q4_s2__x_random_s2020.qasm,1130,8c17f5d38760ae59efaa7cd433b7d442cd749b4358761d20a385ee5f79b01263
infected,iris_z_r2_q4_s2__y_controlled_s2032.qasm,1130,d7d894129d5ac8888c0d96d2e3a839c3fd51f32c2e3f17163901bc8ebdf353ad
infected,iris_z_r2_q4_s2__y_idle_s2031.qasm,1130,a668a5243456babbdde4d3beccf686245ee08a9d29955327d1884b957b07133f
infected,iris_z_r2_q4_s2__y_random_s2030.qasm,1130,d7d894129d5ac8888c0d96d2e3a839c3fd51f32c2e3f17163901bc8ebdf353ad
infected,iris_z_r2_q4_s2__z_controlled_s2042.qasm,1130,b546e3acdbcd130f5b7a1ffc28165af00ed4e31fb09427779af172af985c8ee9
infected,iris_z_r2_q4_s2__z_idle_s2041.qasm,1130,a7dd8ef75c9d3915ace13fe62e1a697a53924541bad1c1ea541f066572ae890c
infected,iris_z_r2_q4_s2__z_random_s2040.qasm,1130,d3bf1740f72b513dd7d0925f5964c9baaf781fd8379eebace0bad3677278e9f2
infected,iris_z_r3_q2_s0__h_controlled_s2.qasm,662,bb159d1ba82df6692e3009c01c8e8da5e561f95dbfc7b056d61b23d16fda8f56
infected,iris_z_r3_q2_s0__h_idle_s1.qasm,662,b04f3afa978a4235b16c5469359eb6ac232d197dc5b093f51a98eb5c569486fb
infected,iris_z_r3_q2_s0__h_random_s0.qasm,662,584c6df0e6fe0436c774cbca5689e9a7ade5fc788307c03dabd03d618630ee40
infected,iris_z_r3_q2_s0__t_controlled_s12.qasm,662,15be8edf4b6b5bd7708ce5940971ef09f292a492b0d160f07017c6bcf46890fb
infected,iris_z_r3_q2_s0__t_idle_s11.qasm,662,7209a968aa5168909b673d1d4769bb1859a8eec851daff16bdf2b840d203ff69
infected,iris_z_r3_q2_s0__t_random_s10.qasm,662,a6250d35d93342d4e446a1dc542328c335c4a739d9f6dc42f10df42568139669
infected,iris_z_r3_q2_s0__x_controlled_s22.qasm,662,a7c0c999bda609367c3137e18c816e06b38439f5f44a7afed4f6671236ab7487
infected,iris_z_r3_q2_s0__x_idle_s21.qasm,662,2969cdf9e76f47974f569a60856a7e65da4166efc961c18000467020bad2d2d7
infected,iris_z_r3_q2_s0__x_random_s20.qasm,662,50a20ed42627ef829705b260d248041b2ebe8d53c55f4a3de019205834d5e60c
infected,iris_z_r3_q2_s0__y_controlled_s32.qasm,662,d3c92958f7e4ff9e39979125194062fa8163b7d352b80b2606e766c257f3201b
infected,iris_z_r3_q2_s0__y_idle_s31.qasm,662,0da6af9114b83afba609f18844c8a7f5c7196c39a557b4c0101e9ad84fbad675
infected,iris_z_r3_q2_s0__y_random_s30.qasm,662,543d3056bce0b15997fa06a08d0d563f668064aa97f5ae8cfaa839229f123fa9
infected,iris_z_r3_q2_s0__z_controlled_s42.qasm,662,6f590e97e6dfa5af81ea735204591a6f5a84873d1ca1d7a88019ae4139802458
infected,iris_z_r3_q2_s0__z_idle_s41.qasm,662,0965f07646a279ebe758e5d84dbc7fe11fe6254a27844c1ff640b6681a744bf8
infected,iris_z_r3_q2_s0__z_random_s40.qasm,662,e544259a61fd4f9f47b63341668cf4e1d42fc7f3c489ab3fc1e9df9f51ff0b15
infected,iris_z_r3_q2_s1__h_controlled_s1002.qasm,661,cd1cb47ff3cf721bd16324552a36725c8fa625216e362d5598cb3ceb621cfe53
infected,iris_z_r3_q2_s1__h_idle_s1001.qasm,661,17ff43ec22ea3fa01866264d3fff3d156d113e5af71a8c7f9165685b574579cc
infected,iris_z_r3_q2_s1__h_random_s1000.qasm,661,78cbd0c37e5e2a91f47a30d26bd6f146beb8a9e3797363291854aa73ea7d4741
infected,iris_z_r3_q2_s1__t_controlled_s1012.qasm,661,355e2a383f326ad71c4c9302a08a84e6937b09e4f49b68e4b986498fe1170d85
infected,iris_z_r3_q2_s1__t_idle_s1011.qasm,661,4005c80103800be9f4b1cfe4e82fde92b1ba68911287ad2fc1b07c3bf4cfb881
infected,iris_z_r3_q2_s1__t_random_s1010.qasm,661,89367a338313987fd2f37b1a82f552e973cda76d7146cce0edfad7dfc322f654
infected,iris_z_r3_q2_s1__x_controlled_s1022.qasm,661,1d43210d7c4499ae938992c798c40b69509e5dd7988fc99038868f161d0e826c
infected,iris_z_r3_q2_s1__x_idle_s1021.qasm,661,c608d7f991a6491b5ad721f1aa0367f2fb581657a460c9cd20360699bf6ad417
infected,iris_z_r3_q2_s1__x_random_s1020.qasm,661,13fe63dfdfa5783554664df04c9a5c5f79651c0bb7945faadbc2d72664cb4e40
infected,iris_z_r3_q2_s1__y_controlled_s1032.qasm,661,ee45ab6118fd2e9765940ecc4e605538cbc403cc33a7dcd1d72a5ee934dc4c07
infected,iris_z_r3_q2_s1__y_idle_s1031.qasm,661,7d871e7db03fb546b932963a92475ee579d7cb26272a02bbdfd439d5655eb782
infected,iris_z_r3_q2_s1__y_random_s1030.qasm,661,686da5cf8abb14032d7ce57e2987360f12de58e874d713052a51722ac45fcc47
infected,iris_z_r3_q2_s1__z_controlled_s1042.qasm,661,fa18da5f68f450bb6288e2f24397fd7b8b7740489a44906b09e8048d0e2a08d9
infected,iris_z_r3_q2_s1__z_idle_s1041.qasm,661,8e4dd9aebf5e71d7626997db05b9ac6ef0cd9b011202d564cf0f8f8d6e481a85
infected,iris_z_r3_q2_s1__z_random_s1040.qasm,661,95150beed9fd99d0d2b3a95bd1b4d5656263d581454be6d748617b5ea8efece1
infected,iris_z_r3_q2_s2__h_controlled_s2002.qasm,663,001980e8278870424a537060f3b2f1d5365b54d9fbc518fe4084fe34dbc08267
infected,iris_z_r3_q2_s2__h_idle_s2001.qasm,663,b08bd7009cdc757abf0ab7c077bc168fd4c8c7b51c84d1c06cf0c44c09bafd7d
infected,iris_z_r3_q2_s2__h_random_s2000.qasm,663,bee1e684be0ba394fa42c2523d5828920d28edd96e04eab2f0d0d5c8755ec226
infected,iris_z_r3_q2_s2__t_controlled_s2012.qasm,663,a1f73c45433950621960e605799160dfa3c556333a1da458bd7cb5f2afe05196
infected,iris_z_r3_q2_s2__t_idle_s2011.qasm,663,dd80ae2892de07adc05eb4d455ffc651537e2e1fb6b271e922a4d6b820a1038c
infected,iris_z_r3_q2_s2__t_random_s2010.qasm,663,7728acaf0de3a58846284317f5d13da56d504181d3656f21ae937212a043f2df
infected,iris_z_r3_q2_s2__x_controlled_s2022.qasm,663,e64b23a29962d7479298ce2fc9e2338034539f027803403e5726bdbfd70effca
infected,iris_z_r3_q2_s2__x_idle_s2021.qasm,663,1c57cdef4069ade627512f27f7cb94e8d0b28ef0965cf1fcc8f7bf3e933c5bdc
infected,iris_z_r3_q2_s2__x_random_s2020.qasm,663,793d492906fbf1f25840eba6776388f790724183f8f11ccd43648e812eb2b0d8
infected,iris_z_r3_q2_s2__y_controlled_s2032.qasm,663,7aec943e1c7f4399d7e192b0b1b333455d19e5616b01bca6b8c1dcf73da238e9
infected,iris_z_r3_q2_s2__y_idle_s2031.qasm,663,b1883c44352fad41af9c5fbe872fb40eae8aca83bfea54aec2ad866a6254770b
infected,iris_z_r3_q2_s2__y_random_s2030.qasm,663,b5f8d46ffa58975b10e08dc8c405eb09b8c5054a0a3152c1fd2b42d8dc85ffbb
infected,iris_z_r3_q2_s2__z_controlled_s2042.qasm,663,8934248e6c210b797ac6a9e943cda4694963c7c6ceeabf57fb4832a38433c52b
infected,iris_z_r3_q2_s2__z_idle_s2041.qasm,663,38c2ee0a3f1b7b7ec31f212eddbcded2ae367ef898a3822961545d6cd8982b7c
infected,iris_z_r3_q2_s2__z_random_s2040.qasm,663,21dafcc93d2f5b388f1aa7a048a6950e69f6fcf3e52ebfd1ea5e931cde62e540
infected,iris_z_r3_q4_s0__h_controlled_s2.qasm,1319,5bac70ef9bf3ee7ad0a05d983501861226975c1876a560be24bffc0e7bf7c96e
infected,iris_z_r3_q4_s0__h_idle_s1.qasm,1319,0ef88c045498a53b1542c52cf5580756ab5c2ea03d3f52d038050863621d5543
infected,iris_z_r3_q4_s0__h_random_s0.qasm,1319,70fd01b178dc4d4cbbda97998406b1c563cee4bea17f017a50e893055d7cd337
infected,iris_z_r3_q4_s0__t_controlled_s12.qasm,1319,1ac4149d92bc0129abbcd3f8535279faf9a817064ff9d6c73449d88ba4c379ee
infected,iris_z_r3_q4_s0__t_idle_s11.qasm,1319,b0be9a0f4040e74af25d5a9841946f79b14bd87be228d1d75f506515c51e00dc
infected,iris_z_r3_q4_s0__t_random_s10.qasm,1319,6037a4d16628c56d3df2ac9f54a29defada797a543fd8f6e03447cd41500ed9b
infected,iris_z_r3_q4_s0__x_controlled_s22.qasm,1319,2d4fc165efc15f84ee64779232857325d73c9279fad27e5e2dddbe5812b3f542
infected,iris_z_r3_q4_s0__x_idle_s21.qasm,1319,67a5f822a52a030cb2be778c17bbf08295c4b8505d6aa2886c7b3ff4288ffae0
infected,iris_z_r3_q4_s0__x_random_s20.qasm,1319,84eb710934949f95e8dba565fb0fe2cef429649e407daf4234d6f96794c24210
infected,iris_z_r3_q4_s0__y_controlled_s32.qasm,1319,12f6b7ab9ce57216c63e393358cfd38cd156f2928b6880cb1353b5a4f13e4bdc
infected,iris_z_r3_q4_s0__y_idle_s31.qasm,1319,2f9f4ad79c286d3144125575e1090e7457386acff4aaf2027b9e6319bb84de2f
infected,iris_z_r3_q4_s0__y_random_s30.qasm,1319,832c051122f5b7633a9d6f72e042a75f39c9ead65cb9cbe10c159fb18b285f64
infected,iris_z_r3_q4_s0__z_controlled_s42.qasm,1319,6556c1d25f56a67031a473a9951cc9fb16597bc9f2415134962ecc976607e7dd
infected,iris_z_r3_q4_s0__z_idle_s41.qasm,1319,bd56dbe8c4820510bee97fe88c27d050c00d672c228d0bbd6991450f2e78cb0e
infected,iris_z_r3_q4_s0__z_random_s40.qasm,1319,058596d2d4db11df749167550a3d04259978b0560d2cd5da258166ecc6ae3f7d
infected,iris_z_r3_q4_s1__h_controlled_s1002.qasm,1318,06d58f821db55ca45305d08e33093d8e013027364c0cccd0edd153c321cc0748
infected,iris_z_r3_q4_s1__h_idle_s1001.qasm,1318,d2cda05e24eee4004f85275fad7fda4e0b009ecf3fce115b2ba4ee4f2f7cb9ca
infected,iris_z_r3_q4_s1__h_random_s1000.qasm,1318,c19056f2c8b4ff96ddc89a1210b481fa3f43d6ce2c7208831bec65617f6d3558
infected,iris_z_r3_q4_s1__t_controlled_s1012.qasm,1318,3e7264cc91d1c4034a6b65841ce7f5280bd55af95ce8c880a013748bb084c53a
infected,iris_z_r3_q4_s1__t_idle_s1011.qasm,1318,a9198ef8e07ba7393fa248e84279b17426d1da20db5223869a4078b1ed98e3e7
infected,iris_z_r3_q4_s1__t_random_s1010.qasm,1318,4658ee4aa5f78ea0f20a5ff8350090f6f10eb8b16103ccb2e15a2400b22b2fb8
infected,iris_z_r3_q4_s1__x_controlled_s1022.qasm,1318,4b711cd9cdbe56282bc4aeebdd49130cf8c6eaa8f8a181eb9c7cd3c705744ced
infected,iris_z_r3_q4_s1__x_idle_s1021.qasm,1318,ab1b3f17339a3ab044131dd986ac57503201f48f6826237aa963bf2aa3070948
infected,iris_z_r3_q4_s1__x_random_s1020.qasm,1318,ab1b3f17339a3ab044131dd986ac57503201f48f6826237aa963bf2aa3070948
infected,iris_z_r3_q4_s1__y_controlled_s1032.qasm,1318,070746f0455f60055122505c2a15282dad761a8ecfe2603b9e0bf337f05f5812
infected,iris_z_r3_q4_s1__y_idle_s1031.qasm,1318,3a6875d84298781e2ac1d6f8b08b959089545d7e7ae0c226c7f6565e900b2a85
infected,iris_z_r3_q4_s1__y_random_s1030.qasm,1318,3fa5a115c6f0bc5a07081107807e738ad0c3943618d7ceb3cffbaf9ccfbcaad1
infected,iris_z_r3_q4_s1__z_controlled_s1042.qasm,1318,52a85388569d4f53e37e6aee91e46cf2331d7a7e36ac2d55ddd401236befe145
infected,iris_z_r3_q4_s1__z_idle_s1041.qasm,1318,86a0dbfc90fbff187bc039def7463ed6dd7cbd302ab7aeb4c322c7a1324e1c8b
infected,iris_z_r3_q4_s1__z_random_s1040.qasm,1318,903386f92daf9c479e45db6a74d7aeb30d537af918a7e3270cfd6555fbc62014
infected,iris_z_r3_q4_s2__h_controlled_s2002.qasm,1325,fc591c139a427e66ad94825344b346f6ed7135308adde77b67c3f38e91de6721
infected,iris_z_r3_q4_s2__h_idle_s2001.qasm,1325,53576a5d6933d3e658e4ddfbf3671ec6ae1ad34df8c327cbf25b96c8189c6551
infected,iris_z_r3_q4_s2__h_random_s2000.qasm,1325,05d369ae0e45da66b25ff35fa26b0131a8332524cd839133fc36d63725a6a53f
infected,iris_z_r3_q4_s2__t_controlled_s2012.qasm,1325,504a3b790371739a964c9f84468a7bae15de2fe6b278a1507e1d1f287513fcf7
infected,iris_z_r3_q4_s2__t_idle_s2011.qasm,1325,3cd54c14b6442b0df0acc6cd3fbdabe724bd25ca8e3e85d232d52dc83e0636af
infected,iris_z_r3_q4_s2__t_random_s2010.qasm,1325,7f15d650e104547fbbcc717407356c9cbbaa5e87f576d935fbe50b03dc94ac9c
infected,iris_z_r3_q4_s2__x_controlled_s2022.qasm,1325,e34af72369f757f21ebcaecc595b095220210a8000d9b5e962014f80b0ae22c7
infected,iris_z_r3_q4_s2__x_idle_s2021.qasm,1325,c87db34fb1656ac8081e755eb71819d5e4f96a85998e7ebbff237110837e43b1
infected,iris_z_r3_q4_s2__x_random_s2020.qasm,1325,2baa0c6c83286de53b90e09e30866f05edc85386eec05095bd7a14bf9eef8c0a
infected,iris_z_r3_q4_s2__y_controlled_s2032.qasm,1325,25ecde2f7c163b97735342242a7ad5399ce0acb35818cc85103e4db569982f50
infected,iris_z_r3_q4_s2__y_idle_s2031.qasm,1325,943dd1775d6266a693eefa5b58a8b6212a995956c406007aac00137660aa98fd
infected,iris_z_r3_q4_s2__y_random_s2030.qasm,1325,ca29ab3ee543a703731617f401baa1bbf60de8637b39c3050f83684a2781ddd8
infected,iris_z_r3_q4_s2__z_controlled_s2042.qasm,1325,ba53989b1d1c580596aa33ec5a9555f7bf4e3c334f112339f29d004f4e2e0e25
infected,iris_z_r3_q4_s2__z_idle_s2041.qasm,1325,2853593633dfef9664199a6ea5647d5b8c75eb267c966bc958f9d53f4b6cd3ce
infected,iris_z_r3_q4_s2__z_random_s2040.qasm,1325,e5cd483241f095ee6734558b8dbedbf967dd9ae7377d4072417cc9c67d1e5591
infected,iris_zz_r1_q2_s0__h_controlled_s2.qasm,661,68badf94a55c00ea448199c400460081a5f5d76d8bab16786a60b9ad26c9f9b9
infected,iris_zz_r1_q2_s0__h_idle_s1.qasm,661,d91f0bf94c4b950707dd79d7601b42340fe3b5f28218257e1fab87fba59c4aa6
infected,iris_zz_r1_q2_s0__h_random_s0.qasm,661,c0528c690e0dac1b4d605a2ec92962ee325b839139d4c117b3f43df30a8e4236
infected,iris_zz_r1_q2_s0__t_controlled_s12.qasm,661,af216061e47d637d55d27aa95244b530804b60a7540651c6b1de8e0a0edc8e96
infected,iris_zz_r1_q2_s0__t_idle_s11.qasm,661,57dc4c6d7adad14591a6e883a236b3dd4822fc3d6ca9357574e75d60a115f713
infected,iris_zz_r1_q2_s0__t_random_s10.qasm,661,5e9c0bc2bc6d6497bf9ae16cb6477820fcbb4cdafb6741ee495af0181dfe868d
infected,iris_zz_r1_q2_s0__x_controlled_s22.qasm,661,bfb3ff571bbafa32bae24bcd40237c2aaf6d47e1658b2e2c2732738636b6350b
infected,iris_zz_r1_q2_s0__x_idle_s21.qasm,661,6838b8efe9742cc8f511c16cb2c67284e9d39d1e3f72277bf1ed5461dc2ca22b
infected,iris_zz_r1_q2_s0__x_random_s20.qasm,661,6d15fb7f62a8c61ee1e87c26fd46cfd5c70c548e21948c6bfa8cbe8eb4156e71
infected,iris_zz_r1_q2_s0__y_controlled_s32.qasm,661,73d7c9c388cbc44808bdeb401f5b797cb77fb5b3902a50b2352e8e7b969cf9a3
infected,iris_zz_r1_q2_s0__y_idle_s31.qasm,661,6f3519a5a36522bf82591289ca805c1c18441ae078aae36687d1a65d32e8671c
infected,iris_zz_r1_q2_s0__y_random_s30.qasm,661,0439fd0370ab510a5b1e1f2e9997d4425f0b35d66f1f0a25bb71796a851c58ea
infected,iris_zz_r1_q2_s0__z_controlled_s42.qasm,661,820aa94fd310680718e73480cbc2d739511c9f0cdc77b52f33e7e2be25b28d65
infected,iris_zz_r1_q2_s0__z_idle_s41.qasm,661,cf923a8790fc957262bae399af0aef6e1f145c7f218d9f529dc689e149d06059
infected,iris_zz_r1_q2_s0__z_random_s40.qasm,661,a1fc404c1c010639c504d520607452bfb819ea425dfe739f572b7efd867d95f2
infected,iris_zz_r1_q2_s1__h_controlled_s1002.qasm,659,4ee1f39b40e767374e6ead081a07742ea633f5697a83fd945ea2bc5957a360a7
infected,iris_zz_r1_q2_s1__h_idle_s1001.qasm,659,1d56dd6b4338731ef04e6afc6ac78b5f958495cb5ecab413676836ce027c6709
infected,iris_zz_r1_q2_s1__h_random_s1000.qasm,659,870c8fa3a76708204372e2887e2c28e6bf7f687b1b5e7c15e975957a6a7ed724
infected,iris_zz_r1_q2_s1__t_controlled_s1012.qasm,659,4586e706e8f7c3b2867fd3d2c6d56c9a6602d97d0d32e5cf521e7e82f8343ef6
infected,iris_zz_r1_q2_s1__t_idle_s1011.qasm,659,01118ed7cdd6e7400b75d980b664bf851ee5eb433aadfc48cd38e4d25e26c35a
infected,iris_zz_r1_q2_s1__t_random_s1010.qasm,659,166950afed11a93f77b414e24e2ce322836e7813c486b3e431b7f9d0d02fbcb3
infected,iris_zz_r1_q2_s1__x_controlled_s1022.qasm,659,ef31e90d427e7bcffe6a3b1edf316b459087237b4af9eb3323bb636712fa8bee
infected,iris_zz_r1_q2_s1__x_idle_s1021.qasm,659,d97ad0394ffb316e35fbc465a2dff4c0d3d820251a2a6c0e7e51ad828bcdd38e
infected,iris_zz_r1_q2_s1__x_random_s1020.qasm,659,ec3a2f100785f9cc1707710d9f907929898e769a8e40b54e51df8423e3f8dd65
infected,iris_zz_r1_q2_s1__y_controlled_s1032.qasm,659,a08bdd4e99a125906f002c4d64df039a80f7ff1f03de1f291a61791009a14299
infected,iris_zz_r1_q2_s1__y_idle_s1031.qasm,659,5672e63aa56ce66d149cc9f347e8d5cdee7715d31043d556de1a13e8fef13a13
infected,iris_zz_r1_q2_s1__y_random_s1030.qasm,659,a80cdb86530acf99acf89818ab5938806135c43c17c65f65974224171435e1d8
infected,iris_zz_r1_q2_s1__z_controlled_s1042.qasm,659,fe5bf8d7e56b8b605c1cc5adbdf24c0c8926cbd5419969b8b5ba2952c976e2e5
infected,iris_zz_r1_q2_s1__z_idle_s1041.qasm,659,3bfec8c17767bd3596535e8294a17231a10c5c39a8326435c6715bc7f4377092
infected,iris_zz_r1_q2_s1__z_random_s1040.qasm,659,b8c46b23c39ed758980990df9454fb35653bb9c6f74edda1c1da7c23a3afdfe8
infected,iris_zz_r1_q2_s2__h_controlled_s2002.qasm,662,569a8ee7425be36b5eb46c59f09e2620ad9e697b16e81a8307bd362cb8a7639f
infected,iris_zz_r1_q2_s2__h_idle_s2001.qasm,662,d5d3c9f4fd05281a2e04137d2f02e619f82f428913d731c304ab5b8673b9dbf3
infected,iris_zz_r1_q2_s2__h_random_s2000.qasm,662,0b6a8eec93a79ac9ef425208977900992f545aa065046df39158b20ad84fb619
infected,iris_zz_r1_q2_s2__t_controlled_s2012.qasm,662,c4cfc076a1348ff6b5882fbf221cdbdc2ecd58f91e72f15d547cf61ca5d89c47
infected,iris_zz_r1_q2_s2__t_idle_s2011.qasm,662,b22b6430bf7d7320cd9b5b97802e2d2bfa4da37ea43b4ae99e96d08e346564cf
infected,iris_zz_r1_q2_s2__t_random_s2010.qasm,662,99f8f787e5284cf7ae41b322c020e24b29a2fe60326ffdeaf4282e21b50f5289
infected,iris_zz_r1_q2_s2__x_controlled_s2022.qasm,662,18d9d8c5bb8f1a31f3daa3993b1b67228aa656f6fe3a8037952e6244d63a512e
infected,iris_zz_r1_q2_s2__x_idle_s2021.qasm,662,6b52df355bc29bfd45398a7057aa39a33786d218663f742ad09acfe1222e3f73
infected,iris_zz_r1_q2_s2__x_random_s2020.qasm,662,1340c597c0c5f93c39252a20aea24cefc8a1e2e71ff95c482ff0c7a0098e1099
infected,iris_zz_r1_q2_s2__y_controlled_s2032.qasm,662,0a8c2afe8f8419efbd7cf2ee768697ecbba902398763cae0d215ad9437e77424
infected,iris_zz_r1_q2_s2__y_idle_s2031.qasm,662,b7b107d9678ac9990e106e54d7ce2848cc9f02e928df03f0fd3d12ff70ee12a5
infected,iris_zz_r1_q2_s2__y_random_s2030.qasm,662,2a90e20ff02abdc92386bb4defb31f36f0d796f0a8d2a94be9895eda3f1c875d
infected,iris_zz_r1_q2_s2__z_controlled_s2042.qasm,662,805620a955b3bbe03f74a0d316f1d4258037189f1ce24e39aa91cfbde1bb080c
infected,iris_zz_r1_q2_s2__z_idle_s2041.qasm,662,2190b01a0d6df4323e05fb1f2e7ddbfd0cc2db3e6350c7b3f4a4ac9eba08b711
infected,iris_zz_r1_q2_s2__z_random_s2040.qasm,662,e680b383306c1a118fb6e7318eb6f7e2d813fc62dac3112c1be81c69afc5f1f7
infected,iris_zz_r1_q4_s0__h_controlled_s2.qasm,1438,ee6db0a1a43ee31873b637fdf9874dd285ec443b2c72287df3d76438ac8ee8ed
infected,iris_zz_r1_q4_s0__h_idle_s1.qasm,1438,e3b3ed01f6e8b9e00219b93d86432fc818ff4ff68921da51a46bb32665c07200
infected,iris_zz_r1_q4_s0__h_random_s0.qasm,1438,3b238816793611b61dd3069300bfca378f8380316613768a5b51670c133f25c8
infected,iris_zz_r1_q4_s0__t_controlled_s12.qasm,1438,3ecc6cd3a169eab5a1eede83251b5dd5eafb2a20b6253d19b103cca10cba53f5
infected,iris_zz_r1_q4_s0__t_idle_s11.qasm,1438,2758404852ce11a7151cfa3ee7432efeac60081c69e3ec2b7687c3a8c82bb79a
infected,iris_zz_r1_q4_s0__t_random_s10.qasm,1438,38c1346246646063e8d75d7e3646a226d6c908698fe300492e6c343ca6a00a86
infected,iris_zz_r1_q4_s0__x_controlled_s22.qasm,1438,4e965a7d8f0cf634635a7237d1e8d2dcf9e9afd18997254d3ff7f5687b0e31dc
infected,iris_zz_r1_q4_s0__x_idle_s21.qasm,1438,95f568325a2e4257123bc672dbdfaf1945a9eaf9a98930c335cb8f4120c92aa9
infected,iris_zz_r1_q4_s0__x_random_s20.qasm,1438,4eb65bbd72a3d8cb8453aa7634e8ddddc7fc5c6049206eb0a50a243801ea81b7
infected,iris_zz_r1_q4_s0__y_controlled_s32.qasm,1438,05b8564ba0f1d5b89603bfc965901e53e98f2fa17880efda116f3dab9200bc91
infected,iris_zz_r1_q4_s0__y_idle_s31.qasm,1438,403f9510fdc6ad379a020fb49bb92a85aaa9b087e2b609235f020952529fe4aa
infected,iris_zz_r1_q4_s0__y_random_s30.qasm,1438,f9511078f513165ac77a47648bff87cc9fae6b520fb1d48a5f87c994fc7a0f15
infected,iris_zz_r1_q4_s0__z_controlled_s42.qasm,1438,89ebf846cd3926f1a9e5492d55c961f0e60e910fa36cb827ac88850dfd1a5970
infected,iris_zz_r1_q4_s0__z_idle_s41.qasm,1438,e524951b4101023d1b653c4709476f0454a0a456d7d42fe193528aaa39333ba6
infected,iris_zz_r1_q4_s0__z_random_s40.qasm,1438,c0d2b59c930dece894d7cd3bdcfdd99733ed4aaa15712b02abe2e5de74b06293
infected,iris_zz_r1_q4_s1__h_controlled_s1002.qasm,1439,4c75fac319c2d81de98b77f32cec9b6a667170a587ed8a486a1f5d2a0daa7320
infected,iris_zz_r1_q4_s1__h_idle_s1001.qasm,1439,48c41b731cb14ba13866928a84a1f4f57e997ddd755d24a8e273c8845972d182
infected,iris_zz_r1_q4_s1__h_random_s1000.qasm,1439,755d36581c6a84b6097aedabd0274084cba4638d64e634f8beee8473257f3924
infected,iris_zz_r1_q4_s1__t_controlled_s1012.qasm,1439,b4935a30a5deb63f02472843a06edc7964a4bb61fad9a3794eff2a4e62f3d308
infected,iris_zz_r1_q4_s1__t_idle_s1011.qasm,1439,a161aa5b14ab1e65e7cf751df8ef9aa0799444dc2732701bd20905819d2a7a51
infected,iris_zz_r1_q4_s1__t_random_s1010.qasm,1439,9e781b41e7eaa7c50798df842c0cd491a11797cc473ffab7b37e13e1fe598816
infected,iris_zz_r1_q4_s1__x_controlled_s1022.qasm,1439,bf42beffa6b253cd527a76be380000e59a12edc252ca8e894746b83c7a386551
infected,iris_zz_r1_q4_s1__x_idle_s1021.qasm,1439,9df4fc4d90bce7e3161165ed6ebafea5234dd38de1cce8fc6a6e3600759ac453
infected,iris_zz_r1_q4_s1__x_random_s1020.qasm,1439,aa89413682a6ae77fb2e482a7f35d20f12f0bbf455dd7d0fe7e67ad6f96e14dc
infected,iris_zz_r1_q4_s1__y_controlled_s1032.qasm,1439,407dc7bd4c473df0768d1ac2e70cad55a37c59af6290f4087dbfc155fe1ede5e
infected,iris_zz_r1_q4_s1__y_idle_s1031.qasm,1439,6fc0cfd41fe53de48387632d32fde15924a62a534c50b9b4dc1ce9668b8116cf
infected,iris_zz_r1_q4_s1__y_random_s1030.qasm,1439,411b5f7acbbb6eb9cf587d7eb77496f6adf5d538861bae91c4cb7917c56e3939
infected,iris_zz_r1_q4_s1__z_controlled_s1042.qasm,1439,25d362e62c36e45f7c003cd5b3e56320756cc32f8b5a7b3b084810d536bd3e47
infected,iris_zz_r1_q4_s1__z_idle_s1041.qasm,1439,62516a4b737836da165b2447a50f4a6443f37fab6eaf550140d7f2f823449886
infected,iris_zz_r1_q4_s1__z_random_s1040.qasm,1439,228d3bec34e3a54117918c177c6b952643e5ff2ea4894d66fddb83ffe9731c42
infected,iris_zz_r1_q4_s2__h_controlled_s2002.qasm,1440,60a570b6315a6d8556a91e9a5bb504a1f85e8e619fe8250303cdcc957d6205ae
infected,iris_zz_r1_q4_s2__h_idle_s2001.qasm,1440,4695841dc70120318a860a3e17e891c170a221e085506e4c6e0964d61c99a76c
infected,iris_zz_r1_q4_s2__h_random_s2000.qasm,1440,b7ce21486c92697e1db16c889cd272d2b6a42fe019ee18e9383b76f5d1941b01
infected,iris_zz_r1_q4_s2__t_controlled_s2012.qasm,1440,61c71944f1bd126cc65c3a86039eb2d10720ef6a09831167c584163391fc1670
infected,iris_zz_r1_q4_s2__t_idle_s2011.qasm,1440,c106cad96747b454fdf010aca11fcaa06da8ab06c78d241efd8665ac6ef1b192
infected,iris_zz_r1_q4_s2__t_random_s2010.qasm,1440,64d1cf828655236e4e9b24fe6182b1195fcf19017751334bc4e66d4a81490905
infected,iris_zz_r1_q4_s2__x_controlled_s2022.qasm,1440,c87e303638b0f50a6b90ae8606fd5f28e03e1fafb8658dca6938c4d83a805a3a
infected,iris_zz_r1_q4_s2__x_idle_s2021.qasm,1440,df095b06a1ba8aea2989b8385d05abb00b35b61a3478bb987f09159f92dbb503
infected,iris_zz_r1_q4_s2__x_random_s2020.qasm,1440,74ed5101466c8ead391f84651919fe14c058d4146b9b5f91020dd6f8b9cec594
infected,iris_zz_r1_q4_s2__y_controlled_s2032.qasm,1440,f77c7735ef09877855118e45e38467167addc44b51f6f22e1e89815b7c1a31dc
infected,iris_zz_r1_q4_s2__y_idle_s2031.qasm,1440,28897d1a32aa4ce0c241c1286286907c52220c673f5016fa04eee86c96ca1637
infected,iris_zz_r1_q4_s2__y_random_s2030.qasm,1440,58f6bec060a033e6d37ae82977337c2ad5af0ed6ef3a7d0a61bc5a086e8920a4
infected,iris_zz_r1_q4_s2__z_controlled_s2042.qasm,1440,0fc5769af4a06ca1528897ba13832e0ef6649a8ad49a17683fcbb37ff4d7f60a
infected,iris_zz_r1_q4_s2__z_idle_s2041.qasm,1440,3d548d01267218790fcfff0c19fc554f415a4eab2aa32b81763c4f14d8052d83
infected,iris_zz_r1_q4_s2__z_random_s2040.qasm,1440,445b942d4437e667ecd0a650f90c1d7ea9279a431acbf9b11bf6075d45f1b5d2
infected,iris_zz_r2_q2_s0__h_controlled_s2.qasm,745,ae489a6c0e1ad037a7d59d571da4152de9052b7b0ecab3afbe8490890e327511
infected,iris_zz_r2_q2_s0__h_idle_s1.qasm,745,e53d81138d3b2114258b13952cd96279ed23062b3b280b8e1e29f9791712a3cb
infected,iris_zz_r2_q2_s0__h_random_s0.qasm,745,ce73e0788ad945dc682fb3281b425efebc3cc617ab421e41fb5fffefed22171b
infected,iris_zz_r2_q2_s0__t_controlled_s12.qasm,745,edfdb72a1c2eff3f1f97f80e49d4d5368261bf24be596c7c8a3aa9c3b90a8d76
infected,iris_zz_r2_q2_s0__t_idle_s11.qasm,745,a05fc5e122cd07d911b3e65c394b3b71796958a92c76b568154d8dbfeb303943
infected,iris_zz_r2_q2_s0__t_random_s10.qasm,745,16822b753fa0722761a74e6e856dcd215128619c1d83a49f0ef3ca9200e9dc0e
infected,iris_zz_r2_q2_s0__x_controlled_s22.qasm,745,68705e476e04ec6abb0199ad3373b1c75523ddb1ba7282ca578334a714a83689
infected,iris_zz_r2_q2_s0__x_idle_s21.qasm,745,d636c7bcf2fe5499ee3660856535bb1637a0c70035f56311af1a3912db562b47
infected,iris_zz_r2_q2_s0__x_random_s20.qasm,745,b1a9a4a41e55c7c5f3618cef265420d4f277100828f377553b3459032e4c6b57
infected,iris_zz_r2_q2_s0__y_controlled_s32.qasm,745,535a57ab1aa2c848d9d0b7d2763dd989c0c3a3e1f8ec731be73dd30712646189
infected,iris_zz_r2_q2_s0__y_idle_s31.qasm,745,dd0e05f984e1a6972ca654f92cacc0cc1cf7da369a54caa20f34ab1e7468967a
infected,iris_zz_r2_q2_s0__y_random_s30.qasm,745,1fa0533452bd4b3d11caf265e878671b66614987d4376d90c8442cb6b11ee9c4
infected,iris_zz_r2_q2_s0__z_controlled_s42.qasm,745,4f02171b7d59ec25dbab7365141b5e701b9fb29e94d30585fbc6527e2c65e320
infected,iris_zz_r2_q2_s0__z_idle_s41.qasm,745,1298e2d8ab75c32d3b32aaa1e5327e22ba8a0a45e73321e45c1c5f4e50684758
infected,iris_zz_r2_q2_s0__z_random_s40.qasm,745,69eda085b086311231ef2ae5ef020d065151a584092435ec932f356b8dc67e2a
infected,iris_zz_r2_q2_s1__h_controlled_s1002.qasm,747,cf931fb807cb61bcf45f753f1757cef691a028ef7241de01213708c767a80fe4
infected,iris_zz_r2_q2_s1__h_idle_s1001.qasm,747,4799f272c508db1a348eb7da911ae8aa2bd46c3aceddf4a562ba5dfe5070e96b
infected,iris_zz_r2_q2_s1__h_random_s1000.qasm,747,61e5ce76e07b506c19bdb1e40587a48fb28f4b9ac716a7a81dca1b51990dd067
infected,iris_zz_r2_q2_s1__t_controlled_s1012.qasm,747,87c463b1e67a6fc347eefbe9c3f173f98143fd5c113c6a6090548c5715fdfb31
infected,iris_zz_r2_q2_s1__t_idle_s1011.qasm,747,fd3f50a321aac2483258cad674f18dcf40d7610aaba6f37d3774e702978d8a60
infected,iris_zz_r2_q2_s1__t_random_s1010.qasm,747,386c5ae2de6e7dbef7ac4b864a7d227745e539ffe93c38d61e5d773e2f302a7b
infected,iris_zz_r2_q2_s1__x_controlled_s1022.qasm,747,3bdac3cd1761a2d540c58b653dcd2731264c2ab53560c507612686a49c9223fc
infected,iris_zz_r2_q2_s1__x_idle_s1021.qasm,747,7462a9205c404ef1e308958f58611a210f9e362ec80ac83e61434e616b1ac233
infected,iris_zz_r2_q2_s1__x_random_s1020.qasm,747,434a942be104ebba4203eabd7d7a79e23b3c57867b24dae7324049ce5dc0f5ac
infected,iris_zz_r2_q2_s1__y_controlled_s1032.qasm,747,edd702187038741a165e04435cff582528e1b60058ce78ca93cd2d1e4d831e07
infected,iris_zz_r2_q2_s1__y_idle_s1031.qasm,747,9bb1fae0435be1acc7fbea03cfaea144a19fa0e0180e88ea0c23e865a9330d65
infected,iris_zz_r2_q2_s1__y_random_s1030.qasm,747,14bcdda297b75f0d6f095e7d39da7487872888a63daf5badfe7fdedfb0a1546d
infected,iris_zz_r2_q2_s1__z_controlled_s1042.qasm,747,7e28bbadc400cc0643152047fc53555533888701f3e06616714ed65c2626c473
infected,iris_zz_r2_q2_s1__z_idle_s1041.qasm,747,8479ba8fcdb4b52deb7f2b58299e97d710031911172c5c705ef1f182f8718231
infected,iris_zz_r2_q2_s1__z_random_s1040.qasm,747,7b03a5b9a51e1478f68e2c81b59fab0cece352a79da1ee536be6013e4d8b9dad
infected,iris_zz_r2_q2_s2__h_controlled_s2002.qasm,748,b12f1c8c9d835d76dc4af6f01cd53f6809b847417b13bc73b52253dee3d44e7a
infected,iris_zz_r2_q2_s2__h_idle_s2001.qasm,748,18d936b32c2925a8c672b4bcb27712b848616afe86eec0543e77aef85cc72dd1
infected,iris_zz_r2_q2_s2__h_random_s2000.qasm,748,b12f1c8c9d835d76dc4af6f01cd53f6809b847417b13bc73b52253dee3d44e7a
infected,iris_zz_r2_q2_s2__t_controlled_s2012.qasm,748,626377b48fa3e6fade4e0923bf27c85033696ddf5be31b1193b71a0594b6f586
infected,iris_zz_r2_q2_s2__t_idle_s2011.qasm,748,62a7e7d589a858832be8118504fd9c54b9b2bac10531e8074995e0af7e11c66b
infected,iris_zz_r2_q2_s2__t_random_s2010.qasm,748,412a88f14eb889ef1c028a987fd8584a6cc5682b1d498ba812e63f08f45ee0da
infected,iris_zz_r2_q2_s2__x_controlled_s2022.qasm,748,8112043ed6136b933656e2a6c12d841ede3775446e0bd2ab580bf246543b3a7d
infected,iris_zz_r2_q2_s2__x_idle_s2021.qasm,748,6bb141e0380a5406a053294ef2dcf4218c8f919a755a08e424bbadd57444ff08
infected,iris_zz_r2_q2_s2__x_random_s2020.qasm,748,df8ec815e929d5b42e3fc8eac10501efeaa08308cdbdfe4ef524a30281d6a753
infected,iris_zz_r2_q2_s2__y_controlled_s2032.qasm,748,65eba39cd53e2360506096ef6a2d45bd326d15b2288734d0ecd447f79adb4f8b
infected,iris_zz_r2_q2_s2__y_idle_s2031.qasm,748,b4ff49165f238cd071aff6a3d9b60cfc15637c0208226e69255458085cbec873
infected,iris_zz_r2_q2_s2__y_random_s2030.qasm,748,489f8d0cd6418efdc0ca74e01b362fe71b83019d86bff1287e00ef58cda6f32a
infected,iris_zz_r2_q2_s2__z_controlled_s2042.qasm,748,eb7e34d5bcb87b91aa4c545d2bbfc37f1f0dea2266d9afe2bf6bcfce69b55d75
infected,iris_zz_r2_q2_s2__z_idle_s2041.qasm,748,5d7a04d9f44528db77e7ea8d90c64c5bd59a795320071704bf12015c1bc20567
infected,iris_zz_r2_q2_s2__z_random_s2040.qasm,748,e47e62a54535ed69046673e6b9288f3de57ac98db4e41a0ea8b59d6bb7cc4bc8
infected,iris_zz_r2_q4_s0__h_controlled_s2.qasm,1628,7ab85240a2cb2a0b1df76364fa9362868630c8747dcff42138963e981a8ce4f0
infected,iris_zz_r2_q4_s0__h_idle_s1.qasm,1628,62d7ad37b069fef228a6f5486cf9282a735775276adc476e32d75cb608ad1cb6
infected,iris_zz_r2_q4_s0__h_random_s0.qasm,1628,bfcfff6b3793b19f10624bd56a05d463af1dd79bf6c021c70a3abca1e399d3bc
infected,iris_zz_r2_q4_s0__t_controlled_s12.qasm,1628,edb5f189378f67c7e509276b19e0efb258130006da177146516665f2e564098e
infected,iris_zz_r2_q4_s0__t_idle_s11.qasm,1628,a00c897e66c1d77df8115458e4bd51f5b7744826fc006dab14516e0754993e06
infected,iris_zz_r2_q4_s0__t_random_s10.qasm,1628,a9433e6921c62464fcd010ca980f285e007dbaf01416d6234dc338ed89740a58
infected,iris_zz_r2_q4_s0__x_controlled_s22.qasm,1628,342755d6a2dc07c655d8561bf05c10e06d1580bbedf547a2829aa18355972379
infected,iris_zz_r2_q4_s0__x_idle_s21.qasm,1628,acd50ce8b059394ce029aff4bd94e9906e1e3f3efa74640703f4cda03c513ee6
infected,iris_zz_r2_q4_s0__x_random_s20.qasm,1628,4b6ab6566a5f453c117d00edfd55c91f5ca8b57e77e7d910fb3ebfa55a1fe3da
infected,iris_zz_r2_q4_s0__y_controlled_s32.qasm,1628,ed39d93f4b15a69265dcbaecf43b1708d538abd407bb4993bd9b17cd1b9222c2
infected,iris_zz_r2_q4_s0__y_idle_s31.qasm,1628,afdf2fdf9bb0949acd494bf3ff0fc59b2832c81c54e8785297cf8902b02bb4d4
infected,iris_zz_r2_q4_s0__y_random_s30.qasm,1628,dcc74be0d35628b47ccdd15d954022e800ba8905884f13a2adbe8b3e1b5efb54
infected,iris_zz_r2_q4_s0__z_controlled_s42.qasm,1628,5c40611397cd117040c58cb298abdb98476a256eeb576a9befa6b250c88adaff
infected,iris_zz_r2_q4_s0__z_idle_s41.qasm,1628,2e44944b1000919a57b582888ea46f6fd0d7241df90fbf56a7726bdd3f192d24
infected,iris_zz_r2_q4_s0__z_random_s40.qasm,1628,4c85c68b8195d0ed9ba814e9c37bd2ad05cce087e9a4c0abca056a128011ae24
infected,iris_zz_r2_q4_s1__h_controlled_s1002.qasm,1627,06086ffe30673e283776eaed7961aad2f4241b9d794f4696adad83091d05e911
infected,iris_zz_r2_q4_s1__h_idle_s1001.qasm,1627,b92a053c9e3e7f151b9ff8610acbc537b0dbe86dacf42c77b6b97665cd3ed6c1
infected,iris_zz_r2_q4_s1__h_random_s1000.qasm,1627,48e37feedf24cad9235e2e30b06f30a35c610826c2ca514c788b287943019b5e
infected,iris_zz_r2_q4_s1__t_controlled_s1012.qasm,1627,3d1f6b438a731461870e8abbae84c736fdc644f7612020905e72fb410e5a4522
infected,iris_zz_r2_q4_s1__t_idle_s1011.qasm,1627,4359beae4822633bddbbb58314c2f249ff421c0f1fecf6b547bf423f681d0a87
infected,iris_zz_r2_q4_s1__t_random_s1010.qasm,1627,ebce2a0d7f4229926f5f660f9484be982c5c1503f2af26b0c43037135f6a0548
infected,iris_zz_r2_q4_s1__x_controlled_s1022.qasm,1627,436c2428bdd623e450d208eace91486f06ddb8f5771d4d7bb5bb89ad5dba711d
infected,iris_zz_r2_q4_s1__x_idle_s1021.qasm,1627,0cc60f0efea4d4f643bdc9344712c9eb5227d7e59abe97aece67273840db9245
infected,iris_zz_r2_q4_s1__x_random_s1020.qasm,1627,494a21573cb9700c60390490bee4d150acd59c73925215d9d37c40f7d12cbb03
infected,iris_zz_r2_q4_s1__y_controlled_s1032.qasm,1627,6684cada1fcffbc07ab37fe19e09c3ce6ecc6f147b21ff0304eaff3f609b2d7d
infected,iris_zz_r2_q4_s1__y_idle_s1031.qasm,1627,fff8a769fcdcfa98c24c4f286d2472141425d884efb2c40691573bee7ea5092a
infected,iris_zz_r2_q4_s1__y_random_s1030.qasm,1627,5557ae8adfd429e2e5545f6e7f04ec4bc6a40b59ae672a383fb20ad3101fe521
infected,iris_zz_r2_q4_s1__z_controlled_s1042.qasm,1627,ffec6882247c315b129903b89e2c8083fdfd0f6bdaac6daa6620a7f9bf122730
infected,iris_zz_r2_q4_s1__z_idle_s1041.qasm,1627,6c0b016780a29da4535ca05bc9c64e69b1fb1cf7a6394e4f67120d315df3a7c4
infected,iris_zz_r2_q4_s1__z_random_s1040.qasm,1627,dea31aae3e299ddaaacbe842fe6d9e7595b22cd203aae9ba342c41e198fa35ee
infected,iris_zz_r2_q4_s2__h_controlled_s2002.qasm,1631,40682b397673db17b6bb552232c45eded63090daf49f954bf08c7d72e84509ea
infected,iris_zz_r2_q4_s2__h_idle_s2001.qasm,1631,cab4da9ff73cd49dc0ffd716ca8fa315a4e583cdaac99a2f08e714adccaad0e2
infected,iris_zz_r2_q4_s2__h_random_s2000.qasm,1631,40682b397673db17b6bb552232c45eded63090daf49f954bf08c7d72e84509ea
infected,iris_zz_r2_q4_s2__t_controlled_s2012.qasm,1631,2e54a79ad18dda6c95a45e3cfebcb00225135712ba4ada10931a78b83b27a9f9
infected,iris_zz_r2_q4_s2__t_idle_s2011.qasm,1631,4c9109882f8716421627d948a7332abe1f8134c477bf6881e12832d0fad00cb5
infected,iris_zz_r2_q4_s2__t_random_s2010.qasm,1631,d7b641de96789ec950a3b85c5f69f857481d154fa0f075e73e29926e0320b9b8
infected,iris_zz_r2_q4_s2__x_controlled_s2022.qasm,1631,0f8186a4e608bd24d5433867d8f05c7581b6f010949becfa674aec11c3547412
infected,iris_zz_r2_q4_s2__x_idle_s2021.qasm,1631,cbe10bfc6a55fe1d808855be99617aa7cb6b0c9caf24f64c8072cf0206e7a473
infected,iris_zz_r2_q4_s2__x_random_s2020.qasm,1631,4a02a503551d9196786c3909a4e1e66685ceabed2415f8cd6423c499c70355dc
infected,iris_zz_r2_q4_s2__y_controlled_s2032.qasm,1631,fa24955b0c4804ad91bdd438c05a175f28fc71b518d25f6b6e25331a8c5940dc
infected,iris_zz_r2_q4_s2__y_idle_s2031.qasm,1631,a5639e42c237457685e94c33b0d2ffb1074a0952fe26b7c67368e9b434158e38
infected,iris_zz_r2_q4_s2__y_random_s2030.qasm,1631,d75b878fef130bdcd5aa332afe8d6a077431d04b4d22dd066a8076a45da1a3bf
infected,iris_zz_r2_q4_s2__z_controlled_s2042.qasm,1631,338c128e65b52f5cecfb9079794e1f0cc5b075b68c95db22b3b94e7f0e2a9c3c
infected,iris_zz_r2_q4_s2__z_idle_s2041.qasm,1631,0f33630ec5a4092192578a6a324234bbc475296034fafd7e09245c4325667347
infected,iris_zz_r2_q4_s2__z_random_s2040.qasm,1631,bddfb2629a1f3e13bcd06e188fa33448a7f766fd7a1cce7e37bd2ced1220f54b
infected,iris_zz_r3_q2_s0__h_controlled_s2.qasm,829,67969791e653d8d5e3a1eaa043036194c19aca480fd775e092d8c4826d831437
infected,iris_zz_r3_q2_s0__h_idle_s1.qasm,829,3819d734203362200dfa80d0b076acadebcd33805879b1704aeb0b9f001b40e3
infected,iris_zz_r3_q2_s0__h_random_s0.qasm,829,decc812214dd380694828666f0070995a4a730c834478a9099ac6ad9160b9a3b
infected,iris_zz_r3_q2_s0__t_controlled_s12.qasm,829,e23ea80e92a1a1ffdbe8395e38aa8a081ba549e48f29c9995844ab03c032cea3
infected,iris_zz_r3_q2_s0__t_idle_s11.qasm,829,517c90790f3e0970935703ba3c28fa42650d01d8e7d5ca04a21e57db860277cd
infected,iris_zz_r3_q2_s0__t_random_s10.qasm,829,f65d2a215fdffda62027afdf38ec91927960ba64d6ce5196c4fb9763a4d66d8a
infected,iris_zz_r3_q2_s0__x_controlled_s22.qasm,829,39faf592312cfaee1d6f42e9e2d501a185264155d3f682d1eacfe740b1d2cc4d
infected,iris_zz_r3_q2_s0__x_idle_s21.qasm,829,80ee20e57fa1dc1734dc3dc29867ab425df194053bf865f2a87d16e8332efcb5
infected,iris_zz_r3_q2_s0__x_random_s20.qasm,829,715f50494ba428f80febe309eb59c8dac710b65b125de15eb42af8e6cf191134
infected,iris_zz_r3_q2_s0__y_controlled_s32.qasm,829,dc0caef77445900ba1a6dec1cc0ee66072af63a5e8c46493663dd2eea9925762
infected,iris_zz_r3_q2_s0__y_idle_s31.qasm,829,d2064d77ab80e43d1826711a250978ee6225a8653f5ce45e03c363aec7b86b92
infected,iris_zz_r3_q2_s0__y_random_s30.qasm,829,5f0449af343561fabcf042a158da87d14759dabf7f908000e012effa1acf0a2e
infected,iris_zz_r3_q2_s0__z_controlled_s42.qasm,829,2182ad71216e21418ce66ecc2608d8389e263182d96257043f236854af2a3c0f
infected,iris_zz_r3_q2_s0__z_idle_s41.qasm,829,d6730d7797fac14b5a808cf915865d66b593952293553c17fde71d4e1d4c515c
infected,iris_zz_r3_q2_s0__z_random_s40.qasm,829,7247dabf42a6e3b476f6fd32f5850487ea83967a0d9988e308c6d1a1af99080d
infected,iris_zz_r3_q2_s1__h_controlled_s1002.qasm,834,1d59005f47a7fb74352d9309abeb81dbabe40da2d6d3eb34da778027a82b698d
infected,iris_zz_r3_q2_s1__h_idle_s1001.qasm,834,7f023f6c33830189e608ab09b3a68b34b969d9c70cebd92f163f64afa4e3d505
infected,iris_zz_r3_q2_s1__h_random_s1000.qasm,834,1d59005f47a7fb74352d9309abeb81dbabe40da2d6d3eb34da778027a82b698d
infected,iris_zz_r3_q2_s1__t_controlled_s1012.qasm,834,c55219d93d7b16a6b4b4074b0ef90e2db70770b80dff11204debfcec5ca6fdce
infected,iris_zz_r3_q2_s1__t_idle_s1011.qasm,834,4db6d89f4f6024ed3783c5a955eac95ab549d6df68110cca3abbf156aa9f9b4b
infected,iris_zz_r3_q2_s1__t_random_s1010.qasm,834,635008fc13766bfbde1a0b2b1659b49394fa3331ca4db3c77e71a7d6c91d13e7
infected,iris_zz_r3_q2_s1__x_controlled_s1022.qasm,834,e8bd9d5894acb4a0bd353b616b571dc0c0299b6c5f1879668fc003812dec7462
infected,iris_zz_r3_q2_s1__x_idle_s1021.qasm,834,43b498c1396c69da6c29d140d897e3ada0bb1cdd0332fca7541b9f0d965ff694
infected,iris_zz_r3_q2_s1__x_random_s1020.qasm,834,5a02fedba07ff8b7e99254b5825371485afc6b56700e810d90bd63f640607e61
infected,iris_zz_r3_q2_s1__y_controlled_s1032.qasm,834,33a18c42c4e0a646c79fe2935a5da39d545e782afac9f6a005f38dea8be5e432
infected,iris_zz_r3_q2_s1__y_idle_s1031.qasm,834,e3504f72d5a6346a7bac81181b2f24ae1b31294d88b7d59495e42eec5d19c6a8
infected,iris_zz_r3_q2_s1__y_random_s1030.qasm,834,4f40026b8b2c32cfde8e93e058bbe90d471caff4e8fcb64794ae84f301533936
infected,iris_zz_r3_q2_s1__z_controlled_s1042.qasm,834,4218eb473bbad6566e3711379f8c857b568b34427943340cf7ca3cb0d81a7d2b
infected,iris_zz_r3_q2_s1__z_idle_s1041.qasm,834,ddb3dbf4b2adb5595af283f1c1ceafa942befac58cdfcf536107fffe5a3cbd9b
infected,iris_zz_r3_q2_s1__z_random_s1040.qasm,834,f12d9d7c6659381f575ddcc9d820cae84b7867c3f28741f4c27e668e28c7c502
infected,iris_zz_r3_q2_s2__h_controlled_s2002.qasm,829,b07da174fda1aab0354c77355e4f84216b5b03f787083dae1a9731660717b9a2
infected,iris_zz_r3_q2_s2__h_idle_s2001.qasm,829,4a3c84c3f4b8fa957b274faf7f57f4074862013daf011f3efe873925c22e1126
infected,iris_zz_r3_q2_s2__h_random_s2000.qasm,829,58317137a9b51f99dc2d9ce05afaa2eeac8e32917fb6c5b339c94988e79c3917
infected,iris_zz_r3_q2_s2__t_controlled_s2012.qasm,829,2655d9dead43c8828b6c18b3ebd72457802ae82da765c91685efd501108fe9c7
infected,iris_zz_r3_q2_s2__t_idle_s2011.qasm,829,44375bb733996adba619953d74c46cfdd93d7e49b127c6ca23afebc51106b6d6
infected,iris_zz_r3_q2_s2__t_random_s2010.qasm,829,38eca008ae1b2b878eaf449875680f4f8bc1eb1fc005cf99b394964a4e502142
infected,iris_zz_r3_q2_s2__x_controlled_s2022.qasm,829,751291cff015c63e288ab47de1138260d607a0cb8530feba6ec4ee46cddb081f
infected,iris_zz_r3_q2_s2__x_idle_s2021.qasm,829,fd8f9610956a49cb863bace986a521f69a2192d709b12b7de77a9f61d7d4f4f4
infected,iris_zz_r3_q2_s2__x_random_s2020.qasm,829,4f8d1b9a39d2f1df1ec579642079fca74ccee65b3c55a91ac33f0e28f60cf829
infected,iris_zz_r3_q2_s2__y_controlled_s2032.qasm,829,939a9c93eb1c132f93a4856229eef357f940933fb3c8da1596e33508c807c47f
infected,iris_zz_r3_q2_s2__y_idle_s2031.qasm,829,515d509b1cf573c1d84b00aeb1f0a0bf5eff782f9a2c03b66c2fe2e2b53ad40f
infected,iris_zz_r3_q2_s2__y_random_s2030.qasm,829,c0edb8d03281ce991d078f37c65b5baac2fa06462513ff1a6e60fc1e00795070
infected,iris_zz_r3_q2_s2__z_controlled_s2042.qasm,829,5e558bdc26de33f14e1aea97c809e081f26a430e3f16745c80458768fbc18cd1
infected,iris_zz_r3_q2_s2__z_idle_s2041.qasm,829,697b9ceb4fa7eadd2ec9f4540e9a92eb4bf3301f3fa43fb50128c80ef976bc8f
infected,iris_zz_r3_q2_s2__z_random_s2040.qasm,829,44fed5d9223773b513e21def29403695e33a8a4250cf0bb9d98ac7409c16a218
infected,iris_zz_r3_q4_s0__h_controlled_s2.qasm,1819,449d0eb9219332962d67eb3b1df10610d2741b0f63368e09f279b4fa56ef993d
infected,iris_zz_r3_q4_s0__h_idle_s1.qasm,1819,9cf3cbf0ddc76ad47e7ffaedbd966333a0d2dbd63defc7105870b69f4f427a69
infected,iris_zz_r3_q4_s0__h_random_s0.qasm,1819,d7afd975de541203a112e541d785cb77167aa37110d6935f6d08ebf1c403a9c6
infected,iris_zz_r3_q4_s0__t_controlled_s12.qasm,1819,87081fafd5df971b324244ce4e2d89e579160608736b4ab6090c0d38f6bcf484
infected,iris_zz_r3_q4_s0__t_idle_s11.qasm,1819,f6217f931aa05628ab67bd7ba277da2fa844256dffbc7fd9cddbbdef90062c2d
infected,iris_zz_r3_q4_s0__t_random_s10.qasm,1819,780aec2ec56258fa5f8c9589d95c6243225ae035e509d69a4cd876c6b3e469d9
infected,iris_zz_r3_q4_s0__x_controlled_s22.qasm,1819,17d3f1c50f8ceeec27b1ebe70c5c18a5ed1107fc7b77b21baeaecb2c1255e422
infected,iris_zz_r3_q4_s0__x_idle_s21.qasm,1819,72f843d53d966d1b62c1f6c6bf45a28e0c0dee748308f2864e9132c1daaa2aaf
infected,iris_zz_r3_q4_s0__x_random_s20.qasm,1819,5f644d5506f95dbd41136b2197cedc22329a63c911c2a16f3236e042e4ef7de7
infected,iris_zz_r3_q4_s0__y_controlled_s32.qasm,1819,a23d9e56fdb1a270fae551961d964dc01ab5755e8890a5cfe23e22322e1e88da
infected,iris_zz_r3_q4_s0__y_idle_s31.qasm,1819,e2e2a77ff9b09dd67f4a592ab12ef1212791c57bfdaf6dbca84d218ded24b778
infected,iris_zz_r3_q4_s0__y_random_s30.qasm,1819,b349c24dab9465b82eb36883711bcd7dfa7b8d82744b8845fdb24dd4ebc2bf75
infected,iris_zz_r3_q4_s0__z_controlled_s42.qasm,1819,4056032696640339c47416de9f9575d6bc6e72eef4727aee3c2ef9f3efec9de1
infected,iris_zz_r3_q4_s0__z_idle_s41.qasm,1819,e2d4181d1c28a81ee2dfbac89b0b57fb5a88e3b238e23d808a9d245276bbf2e2
infected,iris_zz_r3_q4_s0__z_random_s40.qasm,1819,a152659f89f6dd9dd7aaa8fa207f4ac9a4c00ce2b918462dc509b586ce5cd93a
infected,iris_zz_r3_q4_s1__h_controlled_s1002.qasm,1820,d8cde8583fb00b1e2d9a65a55287f455b788663d1d064a0c5c2ffb28780565a3
infected,iris_zz_r3_q4_s1__h_idle_s1001.qasm,1820,697729ff058e932c17904f2ffc0a40290515ee057bc1bc07bce14ecefb870ac9
infected,iris_zz_r3_q4_s1__h_random_s1000.qasm,1820,d8cde8583fb00b1e2d9a65a55287f455b788663d1d064a0c5c2ffb28780565a3
infected,iris_zz_r3_q4_s1__t_controlled_s1012.qasm,1820,991510c16cd19c7d8b3dc6443ce159466c601049e430693f8b27a09c78805d75
infected,iris_zz_r3_q4_s1__t_idle_s1011.qasm,1820,3a82ad4930877f21cfc73bca11df2ad4a9692be9c2b26779dede1fdb1a2ddc7f
infected,iris_zz_r3_q4_s1__t_random_s1010.qasm,1820,a73252f55fe30a10ca327850fceaf11dd0cdb095827543d8409ba4c497b6726e
infected,iris_zz_r3_q4_s1__x_controlled_s1022.qasm,1820,072601cb7c036b1cfb1cf71323ab2d021169f79205226fb57c4cedcbb5de7ed7
infected,iris_zz_r3_q4_s1__x_idle_s1021.qasm,1820,a74dfa2422d2430a7639bb58b30e23883e35970c3020d6227d858d9b88efef72
infected,iris_zz_r3_q4_s1__x_random_s1020.qasm,1820,b56a7bb90ada37ca7798336947406c02ee694fcd4215eeaf49b1998342d8a5c1
infected,iris_zz_r3_q4_s1__y_controlled_s1032.qasm,1820,59a88e9c6ead92184782d307286b1350fe3e8f78997befd5f4e808136aca6aba
infected,iris_zz_r3_q4_s1__y_idle_s1031.qasm,1820,c29072d127f24c98620198d823208dcd820f1741cea0c7ab0adcd21268881500
infected,iris_zz_r3_q4_s1__y_random_s1030.qasm,1820,ccd1abb98bf174199c2c5f21b39b3da4dd2b81a4f6bdcb06649e612c1bb574ba
infected,iris_zz_r3_q4_s1__z_controlled_s1042.qasm,1820,5fb3a57a320e42970b9b6dffdfde89c48ce927491421d74388a8e97d7975c994
infected,iris_zz_r3_q4_s1__z_idle_s1041.qasm,1820,a3f7ef910b1906dd7c721a09eb6c4a93617ec3c11428283cadd19756b212d228
infected,iris_zz_r3_q4_s1__z_random_s1040.qasm,1820,33a730adbedd7afdd5200045d0b75214f39e0e75e5c6ee7338c1265e0873ebd3
infected,iris_zz_r3_q4_s2__h_controlled_s2002.qasm,1824,d36e6ea82167411b1b2eb92bac0f9a84e1b85e05d3dee9d708f57d319bdf8a64
infected,iris_zz_r3_q4_s2__h_idle_s2001.qasm,1824,73bb360834dbfcadb4be3746911a94f1ac55e3d7349971cf003b1d4caf01b26c
infected,iris_zz_r3_q4_s2__h_random_s2000.qasm,1824,973ae17a5e360e6f023c5b5ee5aba61b6f7b568d3b2dc35d01d25b07ab8c304f
infected,iris_zz_r3_q4_s2__t_controlled_s2012.qasm,1824,698d4b6f95e84bb35c0946baa70fa0031fd0e42cbdb35ba4a0823ef1c6126934
infected,iris_zz_r3_q4_s2__t_idle_s2011.qasm,1824,d4706148856ee2145622bf8cbca50aa6a100a973578e00d48d900147c5948683
infected,iris_zz_r3_q4_s2__t_random_s2010.qasm,1824,8b364159d95fa2dafd5728ff2d8664534c7d9f1a1dedc2477e6e75145a204cc8
infected,iris_zz_r3_q4_s2__x_controlled_s2022.qasm,1824,f5f6fcac7bf243648a4a2b76fd2502726fcd3cc6c551db073469b74ad52afbcb
infected,iris_zz_r3_q4_s2__x_idle_s2021.qasm,1824,b264f57eacf06893f6f1aa9bead25d44ff10c7ed50a70f6f797e0a937af615c1
infected,iris_zz_r3_q4_s2__x_random_s2020.qasm,1824,e9aad973fc96ed1b42e63167310e68abe952b55b76da5bc67bfde293fb573a82
infected,iris_zz_r3_q4_s2__y_controlled_s2032.qasm,1824,96c51229a9777e2a4d4b9be9484da951bda731d6ca1a616a0cb861049f486d6b
infected,iris_zz_r3_q4_s2__y_idle_s2031.qasm,1824,ebca5aaa31e55186e2eacafdf2d29ec30184a3c4b1c920aacd0f6ae85bef1e9c
infected,iris_zz_r3_q4_s2__y_random_s2030.qasm,1824,5fd1ee768327d12302b2d6e75cef966a368739fac3a260ba006e42a03f3dd230
infected,iris_zz_r3_q4_s2__z_controlled_s2042.qasm,1824,b0d1218716f6344a1dce8beae8a919003ad4d34298ceac0d6f7c19e764bac620
infected,iris_zz_r3_q4_s2__z_idle_s2041.qasm,1824,a1b03270e74018e2130c38d87ebf5ecd22d7541f15aafa4dafcd2ed8424febde
infected,iris_zz_r3_q4_s2__z_random_s2040.qasm,1824,9de9a5ad9e1a100ad36937ad9bb241035658ab5a0dbc9ea83dcb645d65c6e520
