gate,mode,seed,position,qubit,op_position,placement,depth_before,depth_after,depth_delta,size_before,size_after,size_delta,n_qubits,n_clbits,family,model_id,dataset,encoding,ansatz_reps,qasm_file
h,random,0,,1,5,random,8,9,1,15,16,1,2,2,vqc-zfm-realamp,iris_z_r1_q2_s0,iris,z,1,iris_z_r1_q2_s0__h_random_s0.qasm
h,idle,1,,1,7,idle,8,9,1,15,16,1,2,2,vqc-zfm-realamp,iris_z_r1_q2_s0,iris,z,1,iris_z_r1_q2_s0__h_idle_s1.qasm
h,controlled,2,,0,4,interface,8,9,1,15,16,1,2,2,vqc-zfm-realamp,iris_z_r1_q2_s0,iris,z,1,iris_z_r1_q2_s0__h_controlled_s2.qasm
t,random,10,,1,8,random,8,9,1,15,16,1,2,2,vqc-zfm-realamp,iris_z_r1_q2_s0,iris,z,1,iris_z_r1_q2_s0__t_random_s10.qasm
t,idle,11,,0,7,idle,8,9,1,15,16,1,2,2,vqc-zfm-realamp,iris_z_r1_q2_s0,iris,z,1,iris_z_r1_q2_s0__t_idle_s11.qasm
t,controlled,12,,0,4,interface,8,9,1,15,16,1,2,2,vqc-zfm-realamp,iris_z_r1_q2_s0,iris,z,1,iris_z_r1_q2_s0__t_controlled_s12.qasm
x,random,20,,1,2,random,8,9,1,15,16,1,2,2,vqc-zfm-realamp,iris_z_r1_q2_s0,iris,z,1,iris_z_r1_q2_s0__x_random_s20.qasm
x,idle,21,,1,7,idle,8,9,1,15,16,1,2,2,vqc-zfm-realamp,iris_z_r1_q2_s0,iris,z,1,iris_z_r1_q2_s0__x_idle_s21.qasm
x,controlled,22,,0,4,interface,8,9,1,15,16,1,2,2,vqc-zfm-realamp,iris_z_r1_q2_s0,iris,z,1,iris_z_r1_q2_s0__x_controlled_s22.qasm
y,random,30,,0,2,random,8,9,1,15,16,1,2,2,vqc-zfm-realamp,iris_z_r1_q2_s0,iris,z,1,iris_z_r1_q2_s0__y_random_s30.qasm
y,idle,31,,0,7,idle,8,9,1,15,16,1,2,2,vqc-zfm-realamp,iris_z_r1_q2_s0,iris,z,1,iris_z_r1_q2_s0__y_idle_s31.qasm
y,controlled,32,,0,4,interface,8,9,1,15,16,1,2,2,vqc-zfm-realamp,iris_z_r1_q2_s0,iris,z,1,iris_z_r1_q2_s0__y_controlled_s32.qasm
z,random,40,,1,6,random,8,9,1,15,16,1,2,2,vqc-zfm-realamp,iris_z_r1_q2_s0,iris,z,1,iris_z_r1_q2_s0__z_random_s40.qasm
z,idle,41,,0,7,idle,8,9,1,15,16,1,2,2,vqc-zfm-realamp,iris_z_r1_q2_s0,iris,z,1,iris_z_r1_q2_s0__z_idle_s41.qasm
z,controlled,42,,0,4,interface,8,9,1,15,16,1,2,2,vqc-zfm-realamp,iris_z_r1_q2_s0,iris,z,1,iris_z_r1_q2_s0__z_controlled_s42.qasm
h,random,1000,,0,4,random,8,9,1,15,16,1,2,2,vqc-zfm-realamp,iris_z_r1_q2_s1,iris,z,1,iris_z_r1_q2_s1__h_random_s1000.qasm
h,idle,1001,,1,7,idle,8,9,1,15,16,1,2,2,vqc-zfm-realamp,iris_z_r1_q2_s1,iris,z,1,iris_z_r1_q2_s1__h_idle_s1001.qasm
h,controlled,1002,,0,4,interface,8,9,1,15,16,1,2,2,vqc-zfm-realamp,iris_z_r1_q2_s1,iris,z,1,iris_z_r1_q2_s1__h_controlled_s1002.qasm
t,random,1010,,1,0,random,8,9,1,15,16,1,2,2,vqc-zfm-realamp,iris_z_r1_q2_s1,iris,z,1,iris_z_r1_q2_s1__t_random_s1010.qasm
t,idle,1011,,1,7,idle,8,9,1,15,16,1,2,2,vqc-zfm-realamp,iris_z_r1_q2_s1,iris,z,1,iris_z_r1_q2_s1__t_idle_s1011.qasm
t,controlled,1012,,0,4,interface,8,9,1,15,16,1,2,2,vqc-zfm-realamp,iris_z_r1_q2_s1,iris,z,1,iris_z_r1_q2_s1__t_controlled_s1012.qasm
x,random,1020,,1,5,random,8,9,1,15,16,1,2,2,vqc-zfm-realamp,iris_z_r1_q2_s1,iris,z,1,iris_z_r1_q2_s1__x_random_s1020.qasm
x,idle,1021,,0,7,idle,8,9,1,15,16,1,2,2,vqc-zfm-realamp,iris_z_r1_q2_s1,iris,z,1,iris_z_r1_q2_s1__x_idle_s1021.qasm
x,controlled,1022,,0,4,interface,8,9,1,15,16,1,2,2,vqc-zfm-realamp,iris_z_r1_q2_s1,iris,z,1,iris_z_r1_q2_s1__x_controlled_s1022.qasm
y,random,1030,,0,2,random,8,9,1,15,16,1,2,2,vqc-zfm-realamp,iris_z_r1_q2_s1,iris,z,1,iris_z_r1_q2_s1__y_random_s1030.qasm
y,idle,1031,,1,7,idle,8,9,1,15,16,1,2,2,vqc-zfm-realamp,iris_z_r1_q2_s1,iris,z,1,iris_z_r1_q2_s1__y_idle_s1031.qasm
y,controlled,1032,,0,4,interface,8,9,1,15,16,1,2,2,vqc-zfm-realamp,iris_z_r1_q2_s1,iris,z,1,iris_z_r1_q2_s1__y_controlled_s1032.qasm
z,random,1040,,0,7,random,8,9,1,15,16,1,2,2,vqc-zfm-realamp,iris_z_r1_q2_s1,iris,z,1,iris_z_r1_q2_s1__z_random_s1040.qasm
z,idle,1041,,1,7,idle,8,9,1,15,16,1,2,2,vqc-zfm-realamp,iris_z_r1_q2_s1,iris,z,1,iris_z_r1_q2_s1__z_idle_s1041.qasm
z,controlled,1042,,0,4,interface,8,9,1,15,16,1,2,2,vqc-zfm-realamp,iris_z_r1_q2_s1,iris,z,1,iris_z_r1_q2_s1__z_controlled_s1042.qasm
h,random,2000,,0,5,random,8,9,1,15,16,1,2,2,vqc-zfm-realamp,iris_z_r1_q2_s2,iris,z,1,iris_z_r1_q2_s2__h_random_s2000.qasm
h,idle,2001,,0,7,idle,8,9,1,15,16,1,2,2,vqc-zfm-realamp,iris_z_r1_q2_s2,iris,z,1,iris_z_r1_q2_s2__h_idle_s2001.qasm
h,controlled,2002,,0,4,interface,8,9,1,15,16,1,2,2,vqc-zfm-realamp,iris_z_r1_q2_s2,iris,z,1,iris_z_r1_q2_s2__h_controlled_s2002.qasm
t,random,2010,,1,2,random,8,9,1,15,16,1,2,2,vqc-zfm-realamp,iris_z_r1_q2_s2,iris,z,1,iris_z_r1_q2_s2__t_random_s2010.qasm
t,idle,2011,,0,7,idle,8,9,1,15,16,1,2,2,vqc-zfm-realamp,iris_z_r1_q2_s2,iris,z,1,iris_z_r1_q2_s2__t_idle_s2011.qasm
t,controlled,2012,,0,4,interface,8,9,1,15,16,1,2,2,vqc-zfm-realamp,iris_z_r1_q2_s2,iris,z,1,iris_z_r1_q2_s2__t_controlled_s2012.qasm
x,random,2020,,0,4,random,8,9,1,15,16,1,2,2,vqc-zfm-realamp,iris_z_r1_q2_s2,iris,z,1,iris_z_r1_q2_s2__x_random_s2020.qasm
x,idle,2021,,1,7,idle,8,9,1,15,16,1,2,2,vqc-zfm-realamp,iris_z_r1_q2_s2,iris,z,1,iris_z_r1_q2_s2__x_idle_s2021.qasm
x,controlled,2022,,0,4,interface,8,9,1,15,16,1,2,2,vqc-zfm-realamp,iris_z_r1_q2_s2,iris,z,1,iris_z_r1_q2_s2__x_controlled_s2022.qasm
y,random,2030,,0,3,random,8,9,1,15,16,1,2,2,vqc-zfm-realamp,iris_z_r1_q2_s2,iris,z,1,iris_z_r1_q2_s2__y_random_s2030.qasm
y,idle,2031,,0,7,idle,8,9,1,15,16,1,2,2,vqc-zfm-realamp,iris_z_r1_q2_s2,iris,z,1,iris_z_r1_q2_s2__y_idle_s2031.qasm
y,controlled,2032,,0,4,interface,8,9,1,15,16,1,2,2,vqc-zfm-realamp,iris_z_r1_q2_s2,iris,z,1,iris_z_r1_q2_s2__y_controlled_s2032.qasm
z,random,2040,,1,6,random,8,9,1,15,16,1,2,2,vqc-zfm-realamp,iris_z_r1_q2_s2,iris,z,1,iris_z_r1_q2_s2__z_random_s2040.qasm
z,idle,2041,,0,7,idle,8,9,1,15,16,1,2,2,vqc-zfm-realamp,iris_z_r1_q2_s2,iris,z,1,iris_z_r1_q2_s2__z_idle_s2041.qasm
z,controlled,2042,,0,4,interface,8,9,1,15,16,1,2,2,vqc-zfm-realamp,iris_z_r1_q2_s2,iris,z,1,iris_z_r1_q2_s2__z_controlled_s2042.qasm
h,random,0,,3,5,random,10,11,1,31,32,1,4,4,vqc-zfm-realamp,iris_z_r1_q4_s0,iris,z,1,iris_z_r1_q4_s0__h_random_s0.qasm
h,idle,1,,0,7,idle,10,11,1,31,32,1,4,4,vqc-zfm-realamp,iris_z_r1_q4_s0,iris,z,1,iris_z_r1_q4_s0__h_idle_s1.qasm
h,controlled,2,,0,4,interface,10,10,0,31,32,1,4,4,vqc-zfm-realamp,iris_z_r1_q4_s0,iris,z,1,iris_z_r1_q4_s0__h_controlled_s2.qasm
t,random,10,,3,8,random,10,10,0,31,32,1,4,4,vqc-zfm-realamp,iris_z_r1_q4_s0,iris,z,1,iris_z_r1_q4_s0__t_random_s10.qasm
t,idle,11,,1,5,idle,10,10,0,31,32,1,4,4,vqc-zfm-realamp,iris_z_r1_q4_s0,iris,z,1,iris_z_r1_q4_s0__t_idle_s11.qasm
t,controlled,12,,0,4,interface,10,10,0,31,32,1,4,4,vqc-zfm-realamp,iris_z_r1_q4_s0,iris,z,1,iris_z_r1_q4_s0__t_controlled_s12.qasm
x,random,20,,3,2,random,10,11,1,31,32,1,4,4,vqc-zfm-realamp,iris_z_r1_q4_s0,iris,z,1,iris_z_r1_q4_s0__x_random_s20.qasm
x,idle,21,,2,8,idle,10,10,0,31,32,1,4,4,vqc-zfm-realamp,iris_z_r1_q4_s0,iris,z,1,iris_z_r1_q4_s0__x_idle_s21.qasm
x,controlled,22,,0,4,interface,10,10,0,31,32,1,4,4,vqc-zfm-realamp,iris_z_r1_q4_s0,iris,z,1,iris_z_r1_q4_s0__x_controlled_s22.qasm
y,random,30,,0,2,random,10,10,0,31,32,1,4,4,vqc-zfm-realamp,iris_z_r1_q4_s0,iris,z,1,iris_z_r1_q4_s0__y_random_s30.qasm
y,idle,31,,1,8,idle,10,11,1,31,32,1,4,4,vqc-zfm-realamp,iris_z_r1_q4_s0,iris,z,1,iris_z_r1_q4_s0__y_idle_s31.qasm
y,controlled,32,,0,4,interface,10,10,0,31,32,1,4,4,vqc-zfm-realamp,iris_z_r1_q4_s0,iris,z,1,iris_z_r1_q4_s0__y_controlled_s32.qasm
z,random,40,,2,7,random,10,10,0,31,32,1,4,4,vqc-zfm-realamp,iris_z_r1_q4_s0,iris,z,1,iris_z_r1_q4_s0__z_random_s40.qasm
z,idle,41,,3,7,idle,10,10,0,31,32,1,4,4,vqc-zfm-realamp,iris_z_r1_q4_s0,iris,z,1,iris_z_r1_q4_s0__z_idle_s41.qasm
z,controlled,42,,0,4,interface,10,10,0,31,32,1,4,4,vqc-zfm-realamp,iris_z_r1_q4_s0,iris,z,1,iris_z_r1_q4_s0__z_controlled_s42.qasm
h,random,1000,,0,4,random,10,10,0,31,32,1,4,4,vqc-zfm-realamp,iris_z_r1_q4_s1,iris,z,1,iris_z_r1_q4_s1__h_random_s1000.qasm
h,idle,1001,,2,8,idle,10,10,0,31,32,1,4,4,vqc-zfm-realamp,iris_z_r1_q4_s1,iris,z,1,iris_z_r1_q4_s1__h_idle_s1001.qasm
h,controlled,1002,,0,4,interface,10,10,0,31,32,1,4,4,vqc-zfm-realamp,iris_z_r1_q4_s1,iris,z,1,iris_z_r1_q4_s1__h_controlled_s1002.qasm
t,random,1010,,2,0,random,10,11,1,31,32,1,4,4,vqc-zfm-realamp,iris_z_r1_q4_s1,iris,z,1,iris_z_r1_q4_s1__t_random_s1010.qasm
t,idle,1011,,2,8,idle,10,10,0,31,32,1,4,4,vqc-zfm-realamp,iris_z_r1_q4_s1,iris,z,1,iris_z_r1_q4_s1__t_idle_s1011.qasm
t,controlled,1012,,0,4,interface,10,10,0,31,32,1,4,4,vqc-zfm-realamp,iris_z_r1_q4_s1,iris,z,1,iris_z_r1_q4_s1__t_controlled_s1012.qasm
x,random,1020,,3,5,random,10,11,1,31,32,1,4,4,vqc-zfm-realamp,iris_z_r1_q4_s1,iris,z,1,iris_z_r1_q4_s1__x_random_s1020.qasm
x,idle,1021,,0,5,idle,10,10,0,31,32,1,4,4,vqc-zfm-realamp,iris_z_r1_q4_s1,iris,z,1,iris_z_r1_q4_s1__x_idle_s1021.qasm
x,controlled,1022,,0,4,interface,10,10,0,31,32,1,4,4,vqc-zfm-realamp,iris_z_r1_q4_s1,iris,z,1,iris_z_r1_q4_s1__x_controlled_s1022.qasm
y,random,1030,,1,2,random,10,10,0,31,32,1,4,4,vqc-zfm-realamp,iris_z_r1_q4_s1,iris,z,1,iris_z_r1_q4_s1__y_random_s1030.qasm
y,idle,1031,,2,8,idle,10,10,0,31,32,1,4,4,vqc-zfm-realamp,iris_z_r1_q4_s1,iris,z,1,iris_z_r1_q4_s1__y_idle_s1031.qasm
y,controlled,1032,,0,4,interface,10,10,0,31,32,1,4,4,vqc-zfm-realamp,iris_z_r1_q4_s1,iris,z,1,iris_z_r1_q4_s1__y_controlled_s1032.qasm
z,random,1040,,1,8,random,10,11,1,31,32,1,4,4,vqc-zfm-realamp,iris_z_r1_q4_s1,iris,z,1,iris_z_r1_q4_s1__z_random_s1040.qasm
z,idle,1041,,2,8,idle,10,10,0,31,32,1,4,4,vqc-zfm-realamp,iris_z_r1_q4_s1,iris,z,1,iris_z_r1_q4_s1__z_idle_s1041.qasm
z,controlled,1042,,0,4,interface,10,10,0,31,32,1,4,4,vqc-zfm-realamp,iris_z_r1_q4_s1,iris,z,1,iris_z_r1_q4_s1__z_controlled_s1042.qasm
h,random,2000,,0,5,random,10,10,0,31,32,1,4,4,vqc-zfm-realamp,iris_z_r1_q4_s2,iris,z,1,iris_z_r1_q4_s2__h_random_s2000.qasm
h,idle,2001,,0,5,idle,10,10,0,31,32,1,4,4,vqc-zfm-realamp,iris_z_r1_q4_s2,iris,z,1,iris_z_r1_q4_s2__h_idle_s2001.qasm
h,controlled,2002,,0,4,interface,10,10,0,31,32,1,4,4,vqc-zfm-realamp,iris_z_r1_q4_s2,iris,z,1,iris_z_r1_q4_s2__h_controlled_s2002.qasm
t,random,2010,,3,2,random,10,11,1,31,32,1,4,4,vqc-zfm-realamp,iris_z_r1_q4_s2,iris,z,1,iris_z_r1_q4_s2__t_random_s2010.qasm
t,idle,2011,,3,7,idle,10,10,0,31,32,1,4,4,vqc-zfm-realamp,iris_z_r1_q4_s2,iris,z,1,iris_z_r1_q4_s2__t_idle_s2011.qasm
t,controlled,2012,,0,4,interface,10,10,0,31,32,1,4,4,vqc-zfm-realamp,iris_z_r1_q4_s2,iris,z,1,iris_z_r1_q4_s2__t_controlled_s2012.qasm
x,random,2020,,0,4,random,10,10,0,31,32,1,4,4,vqc-zfm-realamp,iris_z_r1_q4_s2,iris,z,1,iris_z_r1_q4_s2__x_random_s2020.qasm
x,idle,2021,,0,7,idle,10,11,1,31,32,1,4,4,vqc-zfm-realamp,iris_z_r1_q4_s2,iris,z,1,iris_z_r1_q4_s2__x_idle_s2021.qasm
x,controlled,2022,,0,4,interface,10,10,0,31,32,1,4,4,vqc-zfm-realamp,iris_z_r1_q4_s2,iris,z,1,iris_z_r1_q4_s2__x_controlled_s2022.qasm
y,random,2030,,0,3,random,10,10,0,31,32,1,4,4,vqc-zfm-realamp,iris_z_r1_q4_s2,iris,z,1,iris_z_r1_q4_s2__y_random_s2030.qasm
y,idle,2031,,2,8,idle,10,10,0,31,32,1,4,4,vqc-zfm-realamp,iris_z_r1_q4_s2,iris,z,1,iris_z_r1_q4_s2__y_idle_s2031.qasm
y,controlled,2032,,0,4,interface,10,10,0,31,32,1,4,4,vqc-zfm-realamp,iris_z_r1_q4_s2,iris,z,1,iris_z_r1_q4_s2__y_controlled_s2032.qasm
z,random,2040,,2,6,random,10,11,1,31,32,1,4,4,vqc-zfm-realamp,iris_z_r1_q4_s2,iris,z,1,iris_z_r1_q4_s2__z_random_s2040.qasm
z,idle,2041,,1,8,idle,10,11,1,31,32,1,4,4,vqc-zfm-realamp,iris_z_r1_q4_s2,iris,z,1,iris_z_r1_q4_s2__z_idle_s2041.qasm
z,controlled,2042,,0,4,interface,10,10,0,31,32,1,4,4,vqc-zfm-realamp,iris_z_r1_q4_s2,iris,z,1,iris_z_r1_q4_s2__z_controlled_s2042.qasm
h,random,0,,1,7,random,10,11,1,18,19,1,2,2,vqc-zfm-realamp,iris_z_r2_q2_s0,iris,z,2,iris_z_r2_q2_s0__h_random_s0.qasm
h,idle,1,,1,9,idle,10,11,1,18,19,1,2,2,vqc-zfm-realamp,iris_z_r2_q2_s0,iris,z,2,iris_z_r2_q2_s0__h_idle_s1.qasm
h,controlled,2,,0,4,interface,10,11,1,18,19,1,2,2,vqc-zfm-realamp,iris_z_r2_q2_s0,iris,z,2,iris_z_r2_q2_s0__h_controlled_s2.qasm
t,random,10,,1,10,random,10,11,1,18,19,1,2,2,vqc-zfm-realamp,iris_z_r2_q2_s0,iris,z,2,iris_z_r2_q2_s0__t_random_s10.qasm
t,idle,11,,0,9,idle,10,11,1,18,19,1,2,2,vqc-zfm-realamp,iris_z_r2_q2_s0,iris,z,2,iris_z_r2_q2_s0__t_idle_s11.qasm
t,controlled,12,,0,4,interface,10,11,1,18,19,1,2,2,vqc-zfm-realamp,iris_z_r2_q2_s0,iris,z,2,iris_z_r2_q2_s0__t_controlled_s12.qasm
x,random,20,,1,3,random,10,11,1,18,19,1,2,2,vqc-zfm-realamp,iris_z_r2_q2_s0,iris,z,2,iris_z_r2_q2_s0__x_random_s20.qasm
x,idle,21,,1,9,idle,10,11,1,18,19,1,2,2,vqc-zfm-realamp,iris_z_r2_q2_s0,iris,z,2,iris_z_r2_q2_s0__x_idle_s21.qasm
x,controlled,22,,0,4,interface,10,11,1,18,19,1,2,2,vqc-zfm-realamp,iris_z_r2_q2_s0,iris,z,2,iris_z_r2_q2_s0__x_controlled_s22.qasm
y,random,30,,0,2,random,10,11,1,18,19,1,2,2,vqc-zfm-realamp,iris_z_r2_q2_s0,iris,z,2,iris_z_r2_q2_s0__y_random_s30.qasm
y,idle,31,,0,9,idle,10,11,1,18,19,1,2,2,vqc-zfm-realamp,iris_z_r2_q2_s0,iris,z,2,iris_z_r2_q2_s0__y_idle_s31.qasm
y,controlled,32,,0,4,interface,10,11,1,18,19,1,2,2,vqc-zfm-realamp,iris_z_r2_q2_s0,iris,z,2,iris_z_r2_q2_s0__y_controlled_s32.qasm
z,random,40,,1,8,random,10,11,1,18,19,1,2,2,vqc-zfm-realamp,iris_z_r2_q2_s0,iris,z,2,iris_z_r2_q2_s0__z_random_s40.qasm
z,idle,41,,0,9,idle,10,11,1,18,19,1,2,2,vqc-zfm-realamp,iris_z_r2_q2_s0,iris,z,2,iris_z_r2_q2_s0__z_idle_s41.qasm
z,controlled,42,,0,4,interface,10,11,1,18,19,1,2,2,vqc-zfm-realamp,iris_z_r2_q2_s0,iris,z,2,iris_z_r2_q2_s0__z_controlled_s42.qasm
h,random,1000,,0,5,random,10,11,1,18,19,1,2,2,vqc-zfm-realamp,iris_z_r2_q2_s1,iris,z,2,iris_z_r2_q2_s1__h_random_s1000.qasm
h,idle,1001,,1,9,idle,10,11,1,18,19,1,2,2,vqc-zfm-realamp,iris_z_r2_q2_s1,iris,z,2,iris_z_r2_q2_s1__h_idle_s1001.qasm
h,controlled,1002,,0,4,interface,10,11,1,18,19,1,2,2,vqc-zfm-realamp,iris_z_r2_q2_s1,iris,z,2,iris_z_r2_q2_s1__h_controlled_s1002.qasm
t,random,1010,,1,1,random,10,11,1,18,19,1,2,2,vqc-zfm-realamp,iris_z_r2_q2_s1,iris,z,2,iris_z_r2_q2_s1__t_random_s1010.qasm
t,idle,1011,,1,9,idle,10,11,1,18,19,1,2,2,vqc-zfm-realamp,iris_z_r2_q2_s1,iris,z,2,iris_z_r2_q2_s1__t_idle_s1011.qasm
t,controlled,1012,,0,4,interface,10,11,1,18,19,1,2,2,vqc-zfm-realamp,iris_z_r2_q2_s1,iris,z,2,iris_z_r2_q2_s1__t_controlled_s1012.qasm
x,random,1020,,1,6,random,10,11,1,18,19,1,2,2,vqc-zfm-realamp,iris_z_r2_q2_s1,iris,z,2,iris_z_r2_q2_s1__x_random_s1020.qasm
x,idle,1021,,0,9,idle,10,11,1,18,19,1,2,2,vqc-zfm-realamp,iris_z_r2_q2_s1,iris,z,2,iris_z_r2_q2_s1__x_idle_s1021.qasm
x,controlled,1022,,0,4,interface,10,11,1,18,19,1,2,2,vqc-zfm-realamp,iris_z_r2_q2_s1,iris,z,2,iris_z_r2_q2_s1__x_controlled_s1022.qasm
y,random,1030,,0,2,random,10,11,1,18,19,1,2,2,vqc-zfm-realamp,iris_z_r2_q2_s1,iris,z,2,iris_z_r2_q2_s1__y_random_s1030.qasm
y,idle,1031,,1,9,idle,10,11,1,18,19,1,2,2,vqc-zfm-realamp,iris_z_r2_q2_s1,iris,z,2,iris_z_r2_q2_s1__y_idle_s1031.qasm
y,controlled,1032,,0,4,interface,10,11,1,18,19,1,2,2,vqc-zfm-realamp,iris_z_r2_q2_s1,iris,z,2,iris_z_r2_q2_s1__y_controlled_s1032.qasm
z,random,1040,,0,9,random,10,11,1,18,19,1,2,2,vqc-zfm-realamp,iris_z_r2_q2_s1,iris,z,2,iris_z_r2_q2_s1__z_random_s1040.qasm
z,idle,1041,,1,9,idle,10,11,1,18,19,1,2,2,vqc-zfm-realamp,iris_z_r2_q2_s1,iris,z,2,iris_z_r2_q2_s1__z_idle_s1041.qasm
z,controlled,1042,,0,4,interface,10,11,1,18,19,1,2,2,vqc-zfm-realamp,iris_z_r2_q2_s1,iris,z,2,iris_z_r2_q2_s1__z_controlled_s1042.qasm
h,random,2000,,0,6,random,10,11,1,18,19,1,2,2,vqc-zfm-realamp,iris_z_r2_q2_s2,iris,z,2,iris_z_r2_q2_s2__h_random_s2000.qasm
h,idle,2001,,0,9,idle,10,11,1,18,19,1,2,2,vqc-zfm-realamp,iris_z_r2_q2_s2,iris,z,2,iris_z_r2_q2_s2__h_idle_s2001.qasm
h,controlled,2002,,0,4,interface,10,11,1,18,19,1,2,2,vqc-zfm-realamp,iris_z_r2_q2_s2,iris,z,2,iris_z_r2_q2_s2__h_controlled_s2002.qasm
t,random,2010,,1,2,random,10,11,1,18,19,1,2,2,vqc-zfm-realamp,iris_z_r2_q2_s2,iris,z,2,iris_z_r2_q2_s2__t_random_s2010.qasm
t,idle,2011,,0,9,idle,10,11,1,18,19,1,2,2,vqc-zfm-realamp,iris_z_r2_q2_s2,iris,z,2,iris_z_r2_q2_s2__t_idle_s2011.qasm
t,controlled,2012,,0,4,interface,10,11,1,18,19,1,2,2,vqc-zfm-realamp,iris_z_r2_q2_s2,iris,z,2,iris_z_r2_q2_s2__t_controlled_s2012.qasm
x,random,2020,,0,5,random,10,11,1,18,19,1,2,2,vqc-zfm-realamp,iris_z_r2_q2_s2,iris,z,2,iris_z_r2_q2_s2__x_random_s2020.qasm
x,idle,2021,,1,9,idle,10,11,1,18,19,1,2,2,vqc-zfm-realamp,iris_z_r2_q2_s2,iris,z,2,iris_z_r2_q2_s2__x_idle_s2021.qasm
x,controlled,2022,,0,4,interface,10,11,1,18,19,1,2,2,vqc-zfm-realamp,iris_z_r2_q2_s2,iris,z,2,iris_z_r2_q2_s2__x_controlled_s2022.qasm
y,random,2030,,0,4,random,10,11,1,18,19,1,2,2,vqc-zfm-realamp,iris_z_r2_q2_s2,iris,z,2,iris_z_r2_q2_s2__y_random_s2030.qasm
y,idle,2031,,0,9,idle,10,11,1,18,19,1,2,2,vqc-zfm-realamp,iris_z_r2_q2_s2,iris,z,2,iris_z_r2_q2_s2__y_idle_s2031.qasm
y,controlled,2032,,0,4,interface,10,11,1,18,19,1,2,2,vqc-zfm-realamp,iris_z_r2_q2_s2,iris,z,2,iris_z_r2_q2_s2__y_controlled_s2032.qasm
z,random,2040,,1,7,random,10,11,1,18,19,1,2,2,vqc-zfm-realamp,iris_z_r2_q2_s2,iris,z,2,iris_z_r2_q2_s2__z_random_s2040.qasm
z,idle,2041,,0,9,idle,10,11,1,18,19,1,2,2,vqc-zfm-realamp,iris_z_r2_q2_s2,iris,z,2,iris_z_r2_q2_s2__z_idle_s2041.qasm
z,controlled,2042,,0,4,interface,10,11,1,18,19,1,2,2,vqc-zfm-realamp,iris_z_r2_q2_s2,iris,z,2,iris_z_r2_q2_s2__z_controlled_s2042.qasm
h,random,0,,3,7,random,13,13,0,38,39,1,4,4,vqc-zfm-realamp,iris_z_r2_q4_s0,iris,z,2,iris_z_r2_q4_s0__h_random_s0.qasm
h,idle,1,,3,9,idle,13,13,0,38,39,1,4,4,vqc-zfm-realamp,iris_z_r2_q4_s0,iris,z,2,iris_z_r2_q4_s0__h_idle_s1.qasm
h,controlled,2,,0,4,interface,13,13,0,38,39,1,4,4,vqc-zfm-realamp,iris_z_r2_q4_s0,iris,z,2,iris_z_r2_q4_s0__h_controlled_s2.qasm
t,random,10,,3,10,random,13,13,0,38,39,1,4,4,vqc-zfm-realamp,iris_z_r2_q4_s0,iris,z,2,iris_z_r2_q4_s0__t_random_s10.qasm
t,idle,11,,0,5,idle,13,13,0,38,39,1,4,4,vqc-zfm-realamp,iris_z_r2_q4_s0,iris,z,2,iris_z_r2_q4_s0__t_idle_s11.qasm
t,controlled,12,,0,4,interface,13,13,0,38,39,1,4,4,vqc-zfm-realamp,iris_z_r2_q4_s0,iris,z,2,iris_z_r2_q4_s0__t_controlled_s12.qasm
x,random,20,,3,3,random,13,14,1,38,39,1,4,4,vqc-zfm-realamp,iris_z_r2_q4_s0,iris,z,2,iris_z_r2_q4_s0__x_random_s20.qasm
x,idle,21,,0,7,idle,13,13,0,38,39,1,4,4,vqc-zfm-realamp,iris_z_r2_q4_s0,iris,z,2,iris_z_r2_q4_s0__x_idle_s21.qasm
x,controlled,22,,0,4,interface,13,13,0,38,39,1,4,4,vqc-zfm-realamp,iris_z_r2_q4_s0,iris,z,2,iris_z_r2_q4_s0__x_controlled_s22.qasm
y,random,30,,0,2,random,13,13,0,38,39,1,4,4,vqc-zfm-realamp,iris_z_r2_q4_s0,iris,z,2,iris_z_r2_q4_s0__y_random_s30.qasm
y,idle,31,,0,9,idle,13,14,1,38,39,1,4,4,vqc-zfm-realamp,iris_z_r2_q4_s0,iris,z,2,iris_z_r2_q4_s0__y_idle_s31.qasm
y,controlled,32,,0,4,interface,13,13,0,38,39,1,4,4,vqc-zfm-realamp,iris_z_r2_q4_s0,iris,z,2,iris_z_r2_q4_s0__y_controlled_s32.qasm
z,random,40,,2,9,random,13,14,1,38,39,1,4,4,vqc-zfm-realamp,iris_z_r2_q4_s0,iris,z,2,iris_z_r2_q4_s0__z_random_s40.qasm
z,idle,41,,2,11,idle,13,13,0,38,39,1,4,4,vqc-zfm-realamp,iris_z_r2_q4_s0,iris,z,2,iris_z_r2_q4_s0__z_idle_s41.qasm
z,controlled,42,,0,4,interface,13,13,0,38,39,1,4,4,vqc-zfm-realamp,iris_z_r2_q4_s0,iris,z,2,iris_z_r2_q4_s0__z_controlled_s42.qasm
h,random,1000,,0,5,random,13,13,0,38,39,1,4,4,vqc-zfm-realamp,iris_z_r2_q4_s1,iris,z,2,iris_z_r2_q4_s1__h_random_s1000.qasm
h,idle,1001,,2,11,idle,13,13,0,38,39,1,4,4,vqc-zfm-realamp,iris_z_r2_q4_s1,iris,z,2,iris_z_r2_q4_s1__h_idle_s1001.qasm
h,controlled,1002,,0,4,interface,13,13,0,38,39,1,4,4,vqc-zfm-realamp,iris_z_r2_q4_s1,iris,z,2,iris_z_r2_q4_s1__h_controlled_s1002.qasm
t,random,1010,,2,1,random,13,14,1,38,39,1,4,4,vqc-zfm-realamp,iris_z_r2_q4_s1,iris,z,2,iris_z_r2_q4_s1__t_random_s1010.qasm
t,idle,1011,,0,7,idle,13,13,0,38,39,1,4,4,vqc-zfm-realamp,iris_z_r2_q4_s1,iris,z,2,iris_z_r2_q4_s1__t_idle_s1011.qasm
t,controlled,1012,,0,4,interface,13,13,0,38,39,1,4,4,vqc-zfm-realamp,iris_z_r2_q4_s1,iris,z,2,iris_z_r2_q4_s1__t_controlled_s1012.qasm
x,random,1020,,3,6,random,13,13,0,38,39,1,4,4,vqc-zfm-realamp,iris_z_r2_q4_s1,iris,z,2,iris_z_r2_q4_s1__x_random_s1020.qasm
x,idle,1021,,0,5,idle,13,13,0,38,39,1,4,4,vqc-zfm-realamp,iris_z_r2_q4_s1,iris,z,2,iris_z_r2_q4_s1__x_idle_s1021.qasm
x,controlled,1022,,0,4,interface,13,13,0,38,39,1,4,4,vqc-zfm-realamp,iris_z_r2_q4_s1,iris,z,2,iris_z_r2_q4_s1__x_controlled_s1022.qasm
y,random,1030,,1,3,random,13,13,0,38,39,1,4,4,vqc-zfm-realamp,iris_z_r2_q4_s1,iris,z,2,iris_z_r2_q4_s1__y_random_s1030.qasm
y,idle,1031,,2,11,idle,13,13,0,38,39,1,4,4,vqc-zfm-realamp,iris_z_r2_q4_s1,iris,z,2,iris_z_r2_q4_s1__y_idle_s1031.qasm
y,controlled,1032,,0,4,interface,13,13,0,38,39,1,4,4,vqc-zfm-realamp,iris_z_r2_q4_s1,iris,z,2,iris_z_r2_q4_s1__y_controlled_s1032.qasm
z,random,1040,,1,10,random,13,14,1,38,39,1,4,4,vqc-zfm-realamp,iris_z_r2_q4_s1,iris,z,2,iris_z_r2_q4_s1__z_random_s1040.qasm
z,idle,1041,,2,11,idle,13,13,0,38,39,1,4,4,vqc-zfm-realamp,iris_z_r2_q4_s1,iris,z,2,iris_z_r2_q4_s1__z_idle_s1041.qasm
z,controlled,1042,,0,4,interface,13,13,0,38,39,1,4,4,vqc-zfm-realamp,iris_z_r2_q4_s1,iris,z,2,iris_z_r2_q4_s1__z_controlled_s1042.qasm
h,random,2000,,0,6,random,13,13,0,38,39,1,4,4,vqc-zfm-realamp,iris_z_r2_q4_s2,iris,z,2,iris_z_r2_q4_s2__h_random_s2000.qasm
h,idle,2001,,0,5,idle,13,13,0,38,39,1,4,4,vqc-zfm-realamp,iris_z_r2_q4_s2,iris,z,2,iris_z_r2_q4_s2__h_idle_s2001.qasm
h,controlled,2002,,0,4,interface,13,13,0,38,39,1,4,4,vqc-zfm-realamp,iris_z_r2_q4_s2,iris,z,2,iris_z_r2_q4_s2__h_controlled_s2002.qasm
t,random,2010,,3,2,random,13,14,1,38,39,1,4,4,vqc-zfm-realamp,iris_z_r2_q4_s2,iris,z,2,iris_z_r2_q4_s2__t_random_s2010.qasm
t,idle,2011,,3,9,idle,13,13,0,38,39,1,4,4,vqc-zfm-realamp,iris_z_r2_q4_s2,iris,z,2,iris_z_r2_q4_s2__t_idle_s2011.qasm
t,controlled,2012,,0,4,interface,13,13,0,38,39,1,4,4,vqc-zfm-realamp,iris_z_r2_q4_s2,iris,z,2,iris_z_r2_q4_s2__t_controlled_s2012.qasm
x,random,2020,,0,5,random,13,13,0,38,39,1,4,4,vqc-zfm-realamp,iris_z_r2_q4_s2,iris,z,2,iris_z_r2_q4_s2__x_random_s2020.qasm
x,idle,2021,,0,9,idle,13,14,1,38,39,1,4,4,vqc-zfm-realamp,iris_z_r2_q4_s2,iris,z,2,iris_z_r2_q4_s2__x_idle_s2021.qasm
x,controlled,2022,,0,4,interface,13,13,0,38,39,1,4,4,vqc-zfm-realamp,iris_z_r2_q4_s2,iris,z,2,iris_z_r2_q4_s2__x_controlled_s2022.qasm
y,random,2030,,0,4,random,13,13,0,38,39,1,4,4,vqc-zfm-realamp,iris_z_r2_q4_s2,iris,z,2,iris_z_r2_q4_s2__y_random_s2030.qasm
y,idle,2031,,1,11,idle,13,14,1,38,39,1,4,4,vqc-zfm-realamp,iris_z_r2_q4_s2,iris,z,2,iris_z_r2_q4_s2__y_idle_s2031.qasm
y,controlled,2032,,0,4,interface,13,13,0,38,39,1,4,4,vqc-zfm-realamp,iris_z_r2_q4_s2,iris,z,2,iris_z_r2_q4_s2__y_controlled_s2032.qasm
z,random,2040,,2,8,random,13,14,1,38,39,1,4,4,vqc-zfm-realamp,iris_z_r2_q4_s2,iris,z,2,iris_z_r2_q4_s2__z_random_s2040.qasm
z,idle,2041,,0,9,idle,13,14,1,38,39,1,4,4,vqc-zfm-realamp,iris_z_r2_q4_s2,iris,z,2,iris_z_r2_q4_s2__z_idle_s2041.qasm
z,controlled,2042,,0,4,interface,13,13,0,38,39,1,4,4,vqc-zfm-realamp,iris_z_r2_q4_s2,iris,z,2,iris_z_r2_q4_s2__z_controlled_s2042.qasm
h,random,0,,1,8,random,12,13,1,21,22,1,2,2,vqc-zfm-realamp,iris_z_r3_q2_s0,iris,z,3,iris_z_r3_q2_s0__h_random_s0.qasm
h,idle,1,,1,11,idle,12,13,1,21,22,1,2,2,vqc-zfm-realamp,iris_z_r3_q2_s0,iris,z,3,iris_z_r3_q2_s0__h_idle_s1.qasm
h,controlled,2,,0,4,interface,12,13,1,21,22,1,2,2,vqc-zfm-realamp,iris_z_r3_q2_s0,iris,z,3,iris_z_r3_q2_s0__h_controlled_s2.qasm
t,random,10,,1,12,random,12,13,1,21,22,1,2,2,vqc-zfm-realamp,iris_z_r3_q2_s0,iris,z,3,iris_z_r3_q2_s0__t_random_s10.qasm
t,idle,11,,0,11,idle,12,13,1,21,22,1,2,2,vqc-zfm-realamp,iris_z_r3_q2_s0,iris,z,3,iris_z_r3_q2_s0__t_idle_s11.qasm
t,controlled,12,,0,4,interface,12,13,1,21,22,1,2,2,vqc-zfm-realamp,iris_z_r3_q2_s0,iris,z,3,iris_z_r3_q2_s0__t_controlled_s12.qasm
x,random,20,,1,3,random,12,13,1,21,22,1,2,2,vqc-zfm-realamp,iris_z_r3_q2_s0,iris,z,3,iris_z_r3_q2_s0__x_random_s20.qasm
x,idle,21,,1,11,idle,12,13,1,21,22,1,2,2,vqc-zfm-realamp,iris_z_r3_q2_s0,iris,z,3,iris_z_r3_q2_s0__x_idle_s21.qasm
x,controlled,22,,0,4,interface,12,13,1,21,22,1,2,2,vqc-zfm-realamp,iris_z_r3_q2_s0,iris,z,3,iris_z_r3_q2_s0__x_controlled_s22.qasm
y,random,30,,0,3,random,12,13,1,21,22,1,2,2,vqc-zfm-realamp,iris_z_r3_q2_s0,iris,z,3,iris_z_r3_q2_s0__y_random_s30.qasm
y,idle,31,,0,11,idle,12,13,1,21,22,1,2,2,vqc-zfm-realamp,iris_z_r3_q2_s0,iris,z,3,iris_z_r3_q2_s0__y_idle_s31.qasm
y,controlled,32,,0,4,interface,12,13,1,21,22,1,2,2,vqc-zfm-realamp,iris_z_r3_q2_s0,iris,z,3,iris_z_r3_q2_s0__y_controlled_s32.qasm
z,random,40,,1,9,random,12,13,1,21,22,1,2,2,vqc-zfm-realamp,iris_z_r3_q2_s0,iris,z,3,iris_z_r3_q2_s0__z_random_s40.qasm
z,idle,41,,0,11,idle,12,13,1,21,22,1,2,2,vqc-zfm-realamp,iris_z_r3_q2_s0,iris,z,3,iris_z_r3_q2_s0__z_idle_s41.qasm
z,controlled,42,,0,4,interface,12,13,1,21,22,1,2,2,vqc-zfm-realamp,iris_z_r3_q2_s0,iris,z,3,iris_z_r3_q2_s0__z_controlled_s42.qasm
h,random,1000,,0,6,random,12,13,1,21,22,1,2,2,vqc-zfm-realamp,iris_z_r3_q2_s1,iris,z,3,iris_z_r3_q2_s1__h_random_s1000.qasm
h,idle,1001,,1,11,idle,12,13,1,21,22,1,2,2,vqc-zfm-realamp,iris_z_r3_q2_s1,iris,z,3,iris_z_r3_q2_s1__h_idle_s1001.qasm
h,controlled,1002,,0,4,interface,12,13,1,21,22,1,2,2,vqc-zfm-realamp,iris_z_r3_q2_s1,iris,z,3,iris_z_r3_q2_s1__h_controlled_s1002.qasm
t,random,1010,,1,1,random,12,13,1,21,22,1,2,2,vqc-zfm-realamp,iris_z_r3_q2_s1,iris,z,3,iris_z_r3_q2_s1__t_random_s1010.qasm
t,idle,1011,,1,11,idle,12,13,1,21,22,1,2,2,vqc-zfm-realamp,iris_z_r3_q2_s1,iris,z,3,iris_z_r3_q2_s1__t_idle_s1011.qasm
t,controlled,1012,,0,4,interface,12,13,1,21,22,1,2,2,vqc-zfm-realamp,iris_z_r3_q2_s1,iris,z,3,iris_z_r3_q2_s1__t_controlled_s1012.qasm
x,random,1020,,1,7,random,12,13,1,21,22,1,2,2,vqc-zfm-realamp,iris_z_r3_q2_s1,iris,z,3,iris_z_r3_q2_s1__x_random_s1020.qasm
x,idle,1021,,0,11,idle,12,13,1,21,22,1,2,2,vqc-zfm-realamp,iris_z_r3_q2_s1,iris,z,3,iris_z_r3_q2_s1__x_idle_s1021.qasm
x,controlled,1022,,0,4,interface,12,13,1,21,22,1,2,2,vqc-zfm-realamp,iris_z_r3_q2_s1,iris,z,3,iris_z_r3_q2_s1__x_controlled_s1022.qasm
y,random,1030,,0,3,random,12,13,1,21,22,1,2,2,vqc-zfm-realamp,iris_z_r3_q2_s1,iris,z,3,iris_z_r3_q2_s1__y_random_s1030.qasm
y,idle,1031,,1,11,idle,12,13,1,21,22,1,2,2,vqc-zfm-realamp,iris_z_r3_q2_s1,iris,z,3,iris_z_r3_q2_s1__y_idle_s1031.qasm
y,controlled,1032,,0,4,interface,12,13,1,21,22,1,2,2,vqc-zfm-realamp,iris_z_r3_q2_s1,iris,z,3,iris_z_r3_q2_s1__y_controlled_s1032.qasm
z,random,1040,,0,10,random,12,13,1,21,22,1,2,2,vqc-zfm-realamp,iris_z_r3_q2_s1,iris,z,3,iris_z_r3_q2_s1__z_random_s1040.qasm
z,idle,1041,,1,11,idle,12,13,1,21,22,1,2,2,vqc-zfm-realamp,iris_z_r3_q2_s1,iris,z,3,iris_z_r3_q2_s1__z_idle_s1041.qasm
z,controlled,1042,,0,4,interface,12,13,1,21,22,1,2,2,vqc-zfm-realamp,iris_z_r3_q2_s1,iris,z,3,iris_z_r3_q2_s1__z_controlled_s1042.qasm
h,random,2000,,0,7,random,12,13,1,21,22,1,2,2,vqc-zfm-realamp,iris_z_r3_q2_s2,iris,z,3,iris_z_r3_q2_s2__h_random_s2000.qasm
h,idle,2001,,0,11,idle,12,13,1,21,22,1,2,2,vqc-zfm-realamp,iris_z_r3_q2_s2,iris,z,3,iris_z_r3_q2_s2__h_idle_s2001.qasm
h,controlled,2002,,0,4,interface,12,13,1,21,22,1,2,2,vqc-zfm-realamp,iris_z_r3_q2_s2,iris,z,3,iris_z_r3_q2_s2__h_controlled_s2002.qasm
t,random,2010,,1,3,random,12,13,1,21,22,1,2,2,vqc-zfm-realamp,iris_z_r3_q2_s2,iris,z,3,iris_z_r3_q2_s2__t_random_s2010.qasm
t,idle,2011,,0,11,idle,12,13,1,21,22,1,2,2,vqc-zfm-realamp,iris_z_r3_q2_s2,iris,z,3,iris_z_r3_q2_s2__t_idle_s2011.qasm
t,controlled,2012,,0,4,interface,12,13,1,21,22,1,2,2,vqc-zfm-realamp,iris_z_r3_q2_s2,iris,z,3,iris_z_r3_q2_s2__t_controlled_s2012.qasm
x,random,2020,,0,6,random,12,13,1,21,22,1,2,2,vqc-zfm-realamp,iris_z_r3_q2_s2,iris,z,3,iris_z_r3_q2_s2__x_random_s2020.qasm
x,idle,2021,,1,11,idle,12,13,1,21,22,1,2,2,vqc-zfm-realamp,iris_z_r3_q2_s2,iris,z,3,iris_z_r3_q2_s2__x_idle_s2021.qasm
x,controlled,2022,,0,4,interface,12,13,1,21,22,1,2,2,vqc-zfm-realamp,iris_z_r3_q2_s2,iris,z,3,iris_z_r3_q2_s2__x_controlled_s2022.qasm
y,random,2030,,0,5,random,12,13,1,21,22,1,2,2,vqc-zfm-realamp,iris_z_r3_q2_s2,iris,z,3,iris_z_r3_q2_s2__y_random_s2030.qasm
y,idle,2031,,0,11,idle,12,13,1,21,22,1,2,2,vqc-zfm-realamp,iris_z_r3_q2_s2,iris,z,3,iris_z_r3_q2_s2__y_idle_s2031.qasm
y,controlled,2032,,0,4,interface,12,13,1,21,22,1,2,2,vqc-zfm-realamp,iris_z_r3_q2_s2,iris,z,3,iris_z_r3_q2_s2__y_controlled_s2032.qasm
z,random,2040,,1,8,random,12,13,1,21,22,1,2,2,vqc-zfm-realamp,iris_z_r3_q2_s2,iris,z,3,iris_z_r3_q2_s2__z_random_s2040.qasm
z,idle,2041,,0,11,idle,12,13,1,21,22,1,2,2,vqc-zfm-realamp,iris_z_r3_q2_s2,iris,z,3,iris_z_r3_q2_s2__z_idle_s2041.qasm
z,controlled,2042,,0,4,interface,12,13,1,21,22,1,2,2,vqc-zfm-realamp,iris_z_r3_q2_s2,iris,z,3,iris_z_r3_q2_s2__z_controlled_s2042.qasm
h,random,0,,3,8,random,16,16,0,45,46,1,4,4,vqc-zfm-realamp,iris_z_r3_q4_s0,iris,z,3,iris_z_r3_q4_s0__h_random_s0.qasm
h,idle,1,,2,14,idle,16,16,0,45,46,1,4,4,vqc-zfm-realamp,iris_z_r3_q4_s0,iris,z,3,iris_z_r3_q4_s0__h_idle_s1.qasm
h,controlled,2,,0,4,interface,16,16,0,45,46,1,4,4,vqc-zfm-realamp,iris_z_r3_q4_s0,iris,z,3,iris_z_r3_q4_s0__h_controlled_s2.qasm
t,random,10,,3,12,random,16,16,0,45,46,1,4,4,vqc-zfm-realamp,iris_z_r3_q4_s0,iris,z,3,iris_z_r3_q4_s0__t_random_s10.qasm
t,idle,11,,0,5,idle,16,16,0,45,46,1,4,4,vqc-zfm-realamp,iris_z_r3_q4_s0,iris,z,3,iris_z_r3_q4_s0__t_idle_s11.qasm
t,controlled,12,,0,4,interface,16,16,0,45,46,1,4,4,vqc-zfm-realamp,iris_z_r3_q4_s0,iris,z,3,iris_z_r3_q4_s0__t_controlled_s12.qasm
x,random,20,,3,3,random,16,17,1,45,46,1,4,4,vqc-zfm-realamp,iris_z_r3_q4_s0,iris,z,3,iris_z_r3_q4_s0__x_random_s20.qasm
x,idle,21,,3,9,idle,16,16,0,45,46,1,4,4,vqc-zfm-realamp,iris_z_r3_q4_s0,iris,z,3,iris_z_r3_q4_s0__x_idle_s21.qasm
x,controlled,22,,0,4,interface,16,16,0,45,46,1,4,4,vqc-zfm-realamp,iris_z_r3_q4_s0,iris,z,3,iris_z_r3_q4_s0__x_controlled_s22.qasm
y,random,30,,0,3,random,16,16,0,45,46,1,4,4,vqc-zfm-realamp,iris_z_r3_q4_s0,iris,z,3,iris_z_r3_q4_s0__y_random_s30.qasm
y,idle,31,,3,11,idle,16,16,0,45,46,1,4,4,vqc-zfm-realamp,iris_z_r3_q4_s0,iris,z,3,iris_z_r3_q4_s0__y_idle_s31.qasm
y,controlled,32,,0,4,interface,16,16,0,45,46,1,4,4,vqc-zfm-realamp,iris_z_r3_q4_s0,iris,z,3,iris_z_r3_q4_s0__y_controlled_s32.qasm
z,random,40,,2,11,random,16,17,1,45,46,1,4,4,vqc-zfm-realamp,iris_z_r3_q4_s0,iris,z,3,iris_z_r3_q4_s0__z_random_s40.qasm
z,idle,41,,1,14,idle,16,17,1,45,46,1,4,4,vqc-zfm-realamp,iris_z_r3_q4_s0,iris,z,3,iris_z_r3_q4_s0__z_idle_s41.qasm
z,controlled,42,,0,4,interface,16,16,0,45,46,1,4,4,vqc-zfm-realamp,iris_z_r3_q4_s0,iris,z,3,iris_z_r3_q4_s0__z_controlled_s42.qasm
h,random,1000,,0,6,random,16,16,0,45,46,1,4,4,vqc-zfm-realamp,iris_z_r3_q4_s1,iris,z,3,iris_z_r3_q4_s1__h_random_s1000.qasm
h,idle,1001,,2,14,idle,16,16,0,45,46,1,4,4,vqc-zfm-realamp,iris_z_r3_q4_s1,iris,z,3,iris_z_r3_q4_s1__h_idle_s1001.qasm
h,controlled,1002,,0,4,interface,16,16,0,45,46,1,4,4,vqc-zfm-realamp,iris_z_r3_q4_s1,iris,z,3,iris_z_r3_q4_s1__h_controlled_s1002.qasm
t,random,1010,,2,1,random,16,17,1,45,46,1,4,4,vqc-zfm-realamp,iris_z_r3_q4_s1,iris,z,3,iris_z_r3_q4_s1__t_random_s1010.qasm
t,idle,1011,,3,9,idle,16,16,0,45,46,1,4,4,vqc-zfm-realamp,iris_z_r3_q4_s1,iris,z,3,iris_z_r3_q4_s1__t_idle_s1011.qasm
t,controlled,1012,,0,4,interface,16,16,0,45,46,1,4,4,vqc-zfm-realamp,iris_z_r3_q4_s1,iris,z,3,iris_z_r3_q4_s1__t_controlled_s1012.qasm
x,random,1020,,3,7,random,16,16,0,45,46,1,4,4,vqc-zfm-realamp,iris_z_r3_q4_s1,iris,z,3,iris_z_r3_q4_s1__x_random_s1020.qasm
x,idle,1021,,3,7,idle,16,16,0,45,46,1,4,4,vqc-zfm-realamp,iris_z_r3_q4_s1,iris,z,3,iris_z_r3_q4_s1__x_idle_s1021.qasm
x,controlled,1022,,0,4,interface,16,16,0,45,46,1,4,4,vqc-zfm-realamp,iris_z_r3_q4_s1,iris,z,3,iris_z_r3_q4_s1__x_controlled_s1022.qasm
y,random,1030,,1,3,random,16,16,0,45,46,1,4,4,vqc-zfm-realamp,iris_z_r3_q4_s1,iris,z,3,iris_z_r3_q4_s1__y_random_s1030.qasm
y,idle,1031,,2,14,idle,16,16,0,45,46,1,4,4,vqc-zfm-realamp,iris_z_r3_q4_s1,iris,z,3,iris_z_r3_q4_s1__y_idle_s1031.qasm
y,controlled,1032,,0,4,interface,16,16,0,45,46,1,4,4,vqc-zfm-realamp,iris_z_r3_q4_s1,iris,z,3,iris_z_r3_q4_s1__y_controlled_s1032.qasm
z,random,1040,,1,13,random,16,17,1,45,46,1,4,4,vqc-zfm-realamp,iris_z_r3_q4_s1,iris,z,3,iris_z_r3_q4_s1__z_random_s1040.qasm
z,idle,1041,,1,14,idle,16,17,1,45,46,1,4,4,vqc-zfm-realamp,iris_z_r3_q4_s1,iris,z,3,iris_z_r3_q4_s1__z_idle_s1041.qasm
z,controlled,1042,,0,4,interface,16,16,0,45,46,1,4,4,vqc-zfm-realamp,iris_z_r3_q4_s1,iris,z,3,iris_z_r3_q4_s1__z_controlled_s1042.qasm
h,random,2000,,0,7,random,16,16,0,45,46,1,4,4,vqc-zfm-realamp,iris_z_r3_q4_s2,iris,z,3,iris_z_r3_q4_s2__h_random_s2000.qasm
h,idle,2001,,0,5,idle,16,16,0,45,46,1,4,4,vqc-zfm-realamp,iris_z_r3_q4_s2,iris,z,3,iris_z_r3_q4_s2__h_idle_s2001.qasm
h,controlled,2002,,0,4,interface,16,16,0,45,46,1,4,4,vqc-zfm-realamp,iris_z_r3_q4_s2,iris,z,3,iris_z_r3_q4_s2__h_controlled_s2002.qasm
t,random,2010,,3,3,random,16,17,1,45,46,1,4,4,vqc-zfm-realamp,iris_z_r3_q4_s2,iris,z,3,iris_z_r3_q4_s2__t_random_s2010.qasm
t,idle,2011,,2,14,idle,16,16,0,45,46,1,4,4,vqc-zfm-realamp,iris_z_r3_q4_s2,iris,z,3,iris_z_r3_q4_s2__t_idle_s2011.qasm
t,controlled,2012,,0,4,interface,16,16,0,45,46,1,4,4,vqc-zfm-realamp,iris_z_r3_q4_s2,iris,z,3,iris_z_r3_q4_s2__t_controlled_s2012.qasm
x,random,2020,,0,6,random,16,16,0,45,46,1,4,4,vqc-zfm-realamp,iris_z_r3_q4_s2,iris,z,3,iris_z_r3_q4_s2__x_random_s2020.qasm
x,idle,2021,,3,11,idle,16,16,0,45,46,1,4,4,vqc-zfm-realamp,iris_z_r3_q4_s2,iris,z,3,iris_z_r3_q4_s2__x_idle_s2021.qasm
x,controlled,2022,,0,4,interface,16,16,0,45,46,1,4,4,vqc-zfm-realamp,iris_z_r3_q4_s2,iris,z,3,iris_z_r3_q4_s2__x_controlled_s2022.qasm
y,random,2030,,0,5,random,16,16,0,45,46,1,4,4,vqc-zfm-realamp,iris_z_r3_q4_s2,iris,z,3,iris_z_r3_q4_s2__y_random_s2030.qasm
y,idle,2031,,0,11,idle,16,17,1,45,46,1,4,4,vqc-zfm-realamp,iris_z_r3_q4_s2,iris,z,3,iris_z_r3_q4_s2__y_idle_s2031.qasm
y,controlled,2032,,0,4,interface,16,16,0,45,46,1,4,4,vqc-zfm-realamp,iris_z_r3_q4_s2,iris,z,3,iris_z_r3_q4_s2__y_controlled_s2032.qasm
z,random,2040,,2,11,random,16,17,1,45,46,1,4,4,vqc-zfm-realamp,iris_z_r3_q4_s2,iris,z,3,iris_z_r3_q4_s2__z_random_s2040.qasm
z,idle,2041,,3,11,idle,16,16,0,45,46,1,4,4,vqc-zfm-realamp,iris_z_r3_q4_s2,iris,z,3,iris_z_r3_q4_s2__z_idle_s2041.qasm
z,controlled,2042,,0,4,interface,16,16,0,45,46,1,4,4,vqc-zfm-realamp,iris_z_r3_q4_s2,iris,z,3,iris_z_r3_q4_s2__z_controlled_s2042.qasm
h,random,0,,1,9,random,14,15,1,21,22,1,2,2,vqc-zzfm-realamp,iris_zz_r1_q2_s0,iris,zz,1,iris_zz_r1_q2_s0__h_random_s0.qasm
h,idle,1,,0,11,idle,14,15,1,21,22,1,2,2,vqc-zzfm-realamp,iris_zz_r1_q2_s0,iris,zz,1,iris_zz_r1_q2_s0__h_idle_s1.qasm
h,controlled,2,,0,8,interface,14,15,1,21,22,1,2,2,vqc-zzfm-realamp,iris_zz_r1_q2_s0,iris,zz,1,iris_zz_r1_q2_s0__h_controlled_s2.qasm
t,random,10,,1,14,random,14,15,1,21,22,1,2,2,vqc-zzfm-realamp,iris_zz_r1_q2_s0,iris,zz,1,iris_zz_r1_q2_s0__t_random_s10.qasm
t,idle,11,,0,3,idle,14,14,0,21,22,1,2,2,vqc-zzfm-realamp,iris_zz_r1_q2_s0,iris,zz,1,iris_zz_r1_q2_s0__t_idle_s11.qasm
t,controlled,12,,0,8,interface,14,15,1,21,22,1,2,2,vqc-zzfm-realamp,iris_zz_r1_q2_s0,iris,zz,1,iris_zz_r1_q2_s0__t_controlled_s12.qasm
x,random,20,,1,4,random,14,15,1,21,22,1,2,2,vqc-zzfm-realamp,iris_zz_r1_q2_s0,iris,zz,1,iris_zz_r1_q2_s0__x_random_s20.qasm
x,idle,21,,0,7,idle,14,14,0,21,22,1,2,2,vqc-zzfm-realamp,iris_zz_r1_q2_s0,iris,zz,1,iris_zz_r1_q2_s0__x_idle_s21.qasm
x,controlled,22,,0,8,interface,14,15,1,21,22,1,2,2,vqc-zzfm-realamp,iris_zz_r1_q2_s0,iris,zz,1,iris_zz_r1_q2_s0__x_controlled_s22.qasm
y,random,30,,0,3,random,14,14,0,21,22,1,2,2,vqc-zzfm-realamp,iris_zz_r1_q2_s0,iris,zz,1,iris_zz_r1_q2_s0__y_random_s30.qasm
y,idle,31,,1,13,idle,14,15,1,21,22,1,2,2,vqc-zzfm-realamp,iris_zz_r1_q2_s0,iris,zz,1,iris_zz_r1_q2_s0__y_idle_s31.qasm
y,controlled,32,,0,8,interface,14,15,1,21,22,1,2,2,vqc-zzfm-realamp,iris_zz_r1_q2_s0,iris,zz,1,iris_zz_r1_q2_s0__y_controlled_s32.qasm
z,random,40,,1,10,random,14,15,1,21,22,1,2,2,vqc-zzfm-realamp,iris_zz_r1_q2_s0,iris,zz,1,iris_zz_r1_q2_s0__z_random_s40.qasm
z,idle,41,,1,13,idle,14,15,1,21,22,1,2,2,vqc-zzfm-realamp,iris_zz_r1_q2_s0,iris,zz,1,iris_zz_r1_q2_s0__z_idle_s41.qasm
z,controlled,42,,0,8,interface,14,15,1,21,22,1,2,2,vqc-zzfm-realamp,iris_zz_r1_q2_s0,iris,zz,1,iris_zz_r1_q2_s0__z_controlled_s42.qasm
h,random,1000,,0,6,random,14,15,1,21,22,1,2,2,vqc-zzfm-realamp,iris_zz_r1_q2_s1,iris,zz,1,iris_zz_r1_q2_s1__h_random_s1000.qasm
h,idle,1001,,1,13,idle,14,15,1,21,22,1,2,2,vqc-zzfm-realamp,iris_zz_r1_q2_s1,iris,zz,1,iris_zz_r1_q2_s1__h_idle_s1001.qasm
h,controlled,1002,,0,8,interface,14,15,1,21,22,1,2,2,vqc-zzfm-realamp,iris_zz_r1_q2_s1,iris,zz,1,iris_zz_r1_q2_s1__h_controlled_s1002.qasm
t,random,1010,,1,1,random,14,15,1,21,22,1,2,2,vqc-zzfm-realamp,iris_zz_r1_q2_s1,iris,zz,1,iris_zz_r1_q2_s1__t_random_s1010.qasm
t,idle,1011,,0,7,idle,14,14,0,21,22,1,2,2,vqc-zzfm-realamp,iris_zz_r1_q2_s1,iris,zz,1,iris_zz_r1_q2_s1__t_idle_s1011.qasm
t,controlled,1012,,0,8,interface,14,15,1,21,22,1,2,2,vqc-zzfm-realamp,iris_zz_r1_q2_s1,iris,zz,1,iris_zz_r1_q2_s1__t_controlled_s1012.qasm
x,random,1020,,1,8,random,14,15,1,21,22,1,2,2,vqc-zzfm-realamp,iris_zz_r1_q2_s1,iris,zz,1,iris_zz_r1_q2_s1__x_random_s1020.qasm
x,idle,1021,,0,7,idle,14,14,0,21,22,1,2,2,vqc-zzfm-realamp,iris_zz_r1_q2_s1,iris,zz,1,iris_zz_r1_q2_s1__x_idle_s1021.qasm
x,controlled,1022,,0,8,interface,14,15,1,21,22,1,2,2,vqc-zzfm-realamp,iris_zz_r1_q2_s1,iris,zz,1,iris_zz_r1_q2_s1__x_controlled_s1022.qasm
y,random,1030,,0,3,random,14,14,0,21,22,1,2,2,vqc-zzfm-realamp,iris_zz_r1_q2_s1,iris,zz,1,iris_zz_r1_q2_s1__y_random_s1030.qasm
y,idle,1031,,1,13,idle,14,15,1,21,22,1,2,2,vqc-zzfm-realamp,iris_zz_r1_q2_s1,iris,zz,1,iris_zz_r1_q2_s1__y_idle_s1031.qasm
y,controlled,1032,,0,8,interface,14,15,1,21,22,1,2,2,vqc-zzfm-realamp,iris_zz_r1_q2_s1,iris,zz,1,iris_zz_r1_q2_s1__y_controlled_s1032.qasm
z,random,1040,,0,10,random,14,15,1,21,22,1,2,2,vqc-zzfm-realamp,iris_zz_r1_q2_s1,iris,zz,1,iris_zz_r1_q2_s1__z_random_s1040.qasm
z,idle,1041,,1,13,idle,14,15,1,21,22,1,2,2,vqc-zzfm-realamp,iris_zz_r1_q2_s1,iris,zz,1,iris_zz_r1_q2_s1__z_idle_s1041.qasm
z,controlled,1042,,0,8,interface,14,15,1,21,22,1,2,2,vqc-zzfm-realamp,iris_zz_r1_q2_s1,iris,zz,1,iris_zz_r1_q2_s1__z_controlled_s1042.qasm
h,random,2000,,0,7,random,14,14,0,21,22,1,2,2,vqc-zzfm-realamp,iris_zz_r1_q2_s2,iris,zz,1,iris_zz_r1_q2_s2__h_random_s2000.qasm
h,idle,2001,,0,3,idle,14,14,0,21,22,1,2,2,vqc-zzfm-realamp,iris_zz_r1_q2_s2,iris,zz,1,iris_zz_r1_q2_s2__h_idle_s2001.qasm
h,controlled,2002,,0,8,interface,14,15,1,21,22,1,2,2,vqc-zzfm-realamp,iris_zz_r1_q2_s2,iris,zz,1,iris_zz_r1_q2_s2__h_controlled_s2002.qasm
t,random,2010,,1,3,random,14,15,1,21,22,1,2,2,vqc-zzfm-realamp,iris_zz_r1_q2_s2,iris,zz,1,iris_zz_r1_q2_s2__t_random_s2010.qasm
t,idle,2011,,0,11,idle,14,15,1,21,22,1,2,2,vqc-zzfm-realamp,iris_zz_r1_q2_s2,iris,zz,1,iris_zz_r1_q2_s2__t_idle_s2011.qasm
t,controlled,2012,,0,8,interface,14,15,1,21,22,1,2,2,vqc-zzfm-realamp,iris_zz_r1_q2_s2,iris,zz,1,iris_zz_r1_q2_s2__t_controlled_s2012.qasm
x,random,2020,,0,6,random,14,15,1,21,22,1,2,2,vqc-zzfm-realamp,iris_zz_r1_q2_s2,iris,zz,1,iris_zz_r1_q2_s2__x_random_s2020.qasm
x,idle,2021,,0,11,idle,14,15,1,21,22,1,2,2,vqc-zzfm-realamp,iris_zz_r1_q2_s2,iris,zz,1,iris_zz_r1_q2_s2__x_idle_s2021.qasm
x,controlled,2022,,0,8,interface,14,15,1,21,22,1,2,2,vqc-zzfm-realamp,iris_zz_r1_q2_s2,iris,zz,1,iris_zz_r1_q2_s2__x_controlled_s2022.qasm
y,random,2030,,0,5,random,14,15,1,21,22,1,2,2,vqc-zzfm-realamp,iris_zz_r1_q2_s2,iris,zz,1,iris_zz_r1_q2_s2__y_random_s2030.qasm
y,idle,2031,,1,13,idle,14,15,1,21,22,1,2,2,vqc-zzfm-realamp,iris_zz_r1_q2_s2,iris,zz,1,iris_zz_r1_q2_s2__y_idle_s2031.qasm
y,controlled,2032,,0,8,interface,14,15,1,21,22,1,2,2,vqc-zzfm-realamp,iris_zz_r1_q2_s2,iris,zz,1,iris_zz_r1_q2_s2__y_controlled_s2032.qasm
z,random,2040,,1,10,random,14,15,1,21,22,1,2,2,vqc-zzfm-realamp,iris_zz_r1_q2_s2,iris,zz,1,iris_zz_r1_q2_s2__z_random_s2040.qasm
z,idle,2041,,1,13,idle,14,15,1,21,22,1,2,2,vqc-zzfm-realamp,iris_zz_r1_q2_s2,iris,zz,1,iris_zz_r1_q2_s2__z_idle_s2041.qasm
z,controlled,2042,,0,8,interface,14,15,1,21,22,1,2,2,vqc-zzfm-realamp,iris_zz_r1_q2_s2,iris,zz,1,iris_zz_r1_q2_s2__z_controlled_s2042.qasm
h,random,0,,3,9,random,25,26,1,49,50,1,4,4,vqc-zzfm-realamp,iris_zz_r1_q4_s0,iris,zz,1,iris_zz_r1_q4_s0__h_random_s0.qasm
h,idle,1,,0,9,idle,25,25,0,49,50,1,4,4,vqc-zzfm-realamp,iris_zz_r1_q4_s0,iris,zz,1,iris_zz_r1_q4_s0__h_idle_s1.qasm
h,controlled,2,,0,8,interface,25,25,0,49,50,1,4,4,vqc-zzfm-realamp,iris_zz_r1_q4_s0,iris,zz,1,iris_zz_r1_q4_s0__h_controlled_s2.qasm
t,random,10,,3,14,random,25,25,0,49,50,1,4,4,vqc-zzfm-realamp,iris_zz_r1_q4_s0,iris,zz,1,iris_zz_r1_q4_s0__t_random_s10.qasm
t,idle,11,,2,2,idle,25,25,0,49,50,1,4,4,vqc-zzfm-realamp,iris_zz_r1_q4_s0,iris,zz,1,iris_zz_r1_q4_s0__t_idle_s11.qasm
t,controlled,12,,0,8,interface,25,25,0,49,50,1,4,4,vqc-zzfm-realamp,iris_zz_r1_q4_s0,iris,zz,1,iris_zz_r1_q4_s0__t_controlled_s12.qasm
x,random,20,,3,4,random,25,26,1,49,50,1,4,4,vqc-zzfm-realamp,iris_zz_r1_q4_s0,iris,zz,1,iris_zz_r1_q4_s0__x_random_s20.qasm
x,idle,21,,0,6,idle,25,25,0,49,50,1,4,4,vqc-zzfm-realamp,iris_zz_r1_q4_s0,iris,zz,1,iris_zz_r1_q4_s0__x_idle_s21.qasm
x,controlled,22,,0,8,interface,25,25,0,49,50,1,4,4,vqc-zzfm-realamp,iris_zz_r1_q4_s0,iris,zz,1,iris_zz_r1_q4_s0__x_controlled_s22.qasm
y,random,30,,0,3,random,25,25,0,49,50,1,4,4,vqc-zzfm-realamp,iris_zz_r1_q4_s0,iris,zz,1,iris_zz_r1_q4_s0__y_random_s30.qasm
y,idle,31,,1,15,idle,25,25,0,49,50,1,4,4,vqc-zzfm-realamp,iris_zz_r1_q4_s0,iris,zz,1,iris_zz_r1_q4_s0__y_idle_s31.qasm
y,controlled,32,,0,8,interface,25,25,0,49,50,1,4,4,vqc-zzfm-realamp,iris_zz_r1_q4_s0,iris,zz,1,iris_zz_r1_q4_s0__y_controlled_s32.qasm
z,random,40,,2,14,random,25,26,1,49,50,1,4,4,vqc-zzfm-realamp,iris_zz_r1_q4_s0,iris,zz,1,iris_zz_r1_q4_s0__z_random_s40.qasm
z,idle,41,,1,15,idle,25,25,0,49,50,1,4,4,vqc-zzfm-realamp,iris_zz_r1_q4_s0,iris,zz,1,iris_zz_r1_q4_s0__z_idle_s41.qasm
z,controlled,42,,0,8,interface,25,25,0,49,50,1,4,4,vqc-zzfm-realamp,iris_zz_r1_q4_s0,iris,zz,1,iris_zz_r1_q4_s0__z_controlled_s42.qasm
h,random,1000,,0,6,random,25,25,0,49,50,1,4,4,vqc-zzfm-realamp,iris_zz_r1_q4_s1,iris,zz,1,iris_zz_r1_q4_s1__h_random_s1000.qasm
h,idle,1001,,3,13,idle,25,25,0,49,50,1,4,4,vqc-zzfm-realamp,iris_zz_r1_q4_s1,iris,zz,1,iris_zz_r1_q4_s1__h_idle_s1001.qasm
h,controlled,1002,,0,8,interface,25,25,0,49,50,1,4,4,vqc-zzfm-realamp,iris_zz_r1_q4_s1,iris,zz,1,iris_zz_r1_q4_s1__h_controlled_s1002.qasm
t,random,1010,,2,1,random,25,25,0,49,50,1,4,4,vqc-zzfm-realamp,iris_zz_r1_q4_s1,iris,zz,1,iris_zz_r1_q4_s1__t_random_s1010.qasm
t,idle,1011,,0,6,idle,25,25,0,49,50,1,4,4,vqc-zzfm-realamp,iris_zz_r1_q4_s1,iris,zz,1,iris_zz_r1_q4_s1__t_idle_s1011.qasm
t,controlled,1012,,0,8,interface,25,25,0,49,50,1,4,4,vqc-zzfm-realamp,iris_zz_r1_q4_s1,iris,zz,1,iris_zz_r1_q4_s1__t_controlled_s1012.qasm
x,random,1020,,3,8,random,25,26,1,49,50,1,4,4,vqc-zzfm-realamp,iris_zz_r1_q4_s1,iris,zz,1,iris_zz_r1_q4_s1__x_random_s1020.qasm
x,idle,1021,,3,2,idle,25,25,0,49,50,1,4,4,vqc-zzfm-realamp,iris_zz_r1_q4_s1,iris,zz,1,iris_zz_r1_q4_s1__x_idle_s1021.qasm
x,controlled,1022,,0,8,interface,25,25,0,49,50,1,4,4,vqc-zzfm-realamp,iris_zz_r1_q4_s1,iris,zz,1,iris_zz_r1_q4_s1__x_controlled_s1022.qasm
y,random,1030,,1,4,random,25,26,1,49,50,1,4,4,vqc-zzfm-realamp,iris_zz_r1_q4_s1,iris,zz,1,iris_zz_r1_q4_s1__y_random_s1030.qasm
y,idle,1031,,3,13,idle,25,25,0,49,50,1,4,4,vqc-zzfm-realamp,iris_zz_r1_q4_s1,iris,zz,1,iris_zz_r1_q4_s1__y_idle_s1031.qasm
y,controlled,1032,,0,8,interface,25,25,0,49,50,1,4,4,vqc-zzfm-realamp,iris_zz_r1_q4_s1,iris,zz,1,iris_zz_r1_q4_s1__y_controlled_s1032.qasm
z,random,1040,,1,16,random,25,26,1,49,50,1,4,4,vqc-zzfm-realamp,iris_zz_r1_q4_s1,iris,zz,1,iris_zz_r1_q4_s1__z_random_s1040.qasm
z,idle,1041,,2,18,idle,25,25,0,49,50,1,4,4,vqc-zzfm-realamp,iris_zz_r1_q4_s1,iris,zz,1,iris_zz_r1_q4_s1__z_idle_s1041.qasm
z,controlled,1042,,0,8,interface,25,25,0,49,50,1,4,4,vqc-zzfm-realamp,iris_zz_r1_q4_s1,iris,zz,1,iris_zz_r1_q4_s1__z_controlled_s1042.qasm
h,random,2000,,0,7,random,25,25,0,49,50,1,4,4,vqc-zzfm-realamp,iris_zz_r1_q4_s2,iris,zz,1,iris_zz_r1_q4_s2__h_random_s2000.qasm
h,idle,2001,,2,2,idle,25,25,0,49,50,1,4,4,vqc-zzfm-realamp,iris_zz_r1_q4_s2,iris,zz,1,iris_zz_r1_q4_s2__h_idle_s2001.qasm
h,controlled,2002,,0,8,interface,25,25,0,49,50,1,4,4,vqc-zzfm-realamp,iris_zz_r1_q4_s2,iris,zz,1,iris_zz_r1_q4_s2__h_controlled_s2002.qasm
t,random,2010,,3,3,random,25,26,1,49,50,1,4,4,vqc-zzfm-realamp,iris_zz_r1_q4_s2,iris,zz,1,iris_zz_r1_q4_s2__t_random_s2010.qasm
t,idle,2011,,1,15,idle,25,25,0,49,50,1,4,4,vqc-zzfm-realamp,iris_zz_r1_q4_s2,iris,zz,1,iris_zz_r1_q4_s2__t_idle_s2011.qasm
t,controlled,2012,,0,8,interface,25,25,0,49,50,1,4,4,vqc-zzfm-realamp,iris_zz_r1_q4_s2,iris,zz,1,iris_zz_r1_q4_s2__t_controlled_s2012.qasm
x,random,2020,,0,6,random,25,25,0,49,50,1,4,4,vqc-zzfm-realamp,iris_zz_r1_q4_s2,iris,zz,1,iris_zz_r1_q4_s2__x_random_s2020.qasm
x,idle,2021,,3,13,idle,25,25,0,49,50,1,4,4,vqc-zzfm-realamp,iris_zz_r1_q4_s2,iris,zz,1,iris_zz_r1_q4_s2__x_idle_s2021.qasm
x,controlled,2022,,0,8,interface,25,25,0,49,50,1,4,4,vqc-zzfm-realamp,iris_zz_r1_q4_s2,iris,zz,1,iris_zz_r1_q4_s2__x_controlled_s2022.qasm
y,random,2030,,0,5,random,25,25,0,49,50,1,4,4,vqc-zzfm-realamp,iris_zz_r1_q4_s2,iris,zz,1,iris_zz_r1_q4_s2__y_random_s2030.qasm
y,idle,2031,,0,9,idle,25,25,0,49,50,1,4,4,vqc-zzfm-realamp,iris_zz_r1_q4_s2,iris,zz,1,iris_zz_r1_q4_s2__y_idle_s2031.qasm
y,controlled,2032,,0,8,interface,25,25,0,49,50,1,4,4,vqc-zzfm-realamp,iris_zz_r1_q4_s2,iris,zz,1,iris_zz_r1_q4_s2__y_controlled_s2032.qasm
z,random,2040,,2,13,random,25,25,0,49,50,1,4,4,vqc-zzfm-realamp,iris_zz_r1_q4_s2,iris,zz,1,iris_zz_r1_q4_s2__z_random_s2040.qasm
z,idle,2041,,0,9,idle,25,25,0,49,50,1,4,4,vqc-zzfm-realamp,iris_zz_r1_q4_s2,iris,zz,1,iris_zz_r1_q4_s2__z_idle_s2041.qasm
z,controlled,2042,,0,8,interface,25,25,0,49,50,1,4,4,vqc-zzfm-realamp,iris_zz_r1_q4_s2,iris,zz,1,iris_zz_r1_q4_s2__z_controlled_s2042.qasm
h,random,0,,1,10,random,16,17,1,24,25,1,2,2,vqc-zzfm-realamp,iris_zz_r2_q2_s0,iris,zz,2,iris_zz_r2_q2_s0__h_random_s0.qasm
h,idle,1,,0,13,idle,16,17,1,24,25,1,2,2,vqc-zzfm-realamp,iris_zz_r2_q2_s0,iris,zz,2,iris_zz_r2_q2_s0__h_idle_s1.qasm
h,controlled,2,,0,8,interface,16,17,1,24,25,1,2,2,vqc-zzfm-realamp,iris_zz_r2_q2_s0,iris,zz,2,iris_zz_r2_q2_s0__h_controlled_s2.qasm
t,random,10,,1,16,random,16,17,1,24,25,1,2,2,vqc-zzfm-realamp,iris_zz_r2_q2_s0,iris,zz,2,iris_zz_r2_q2_s0__t_random_s10.qasm
t,idle,11,,0,3,idle,16,16,0,24,25,1,2,2,vqc-zzfm-realamp,iris_zz_r2_q2_s0,iris,zz,2,iris_zz_r2_q2_s0__t_idle_s11.qasm
t,controlled,12,,0,8,interface,16,17,1,24,25,1,2,2,vqc-zzfm-realamp,iris_zz_r2_q2_s0,iris,zz,2,iris_zz_r2_q2_s0__t_controlled_s12.qasm
x,random,20,,1,4,random,16,17,1,24,25,1,2,2,vqc-zzfm-realamp,iris_zz_r2_q2_s0,iris,zz,2,iris_zz_r2_q2_s0__x_random_s20.qasm
x,idle,21,,0,7,idle,16,16,0,24,25,1,2,2,vqc-zzfm-realamp,iris_zz_r2_q2_s0,iris,zz,2,iris_zz_r2_q2_s0__x_idle_s21.qasm
x,controlled,22,,0,8,interface,16,17,1,24,25,1,2,2,vqc-zzfm-realamp,iris_zz_r2_q2_s0,iris,zz,2,iris_zz_r2_q2_s0__x_controlled_s22.qasm
y,random,30,,0,3,random,16,16,0,24,25,1,2,2,vqc-zzfm-realamp,iris_zz_r2_q2_s0,iris,zz,2,iris_zz_r2_q2_s0__y_random_s30.qasm
y,idle,31,,1,15,idle,16,17,1,24,25,1,2,2,vqc-zzfm-realamp,iris_zz_r2_q2_s0,iris,zz,2,iris_zz_r2_q2_s0__y_idle_s31.qasm
y,controlled,32,,0,8,interface,16,17,1,24,25,1,2,2,vqc-zzfm-realamp,iris_zz_r2_q2_s0,iris,zz,2,iris_zz_r2_q2_s0__y_controlled_s32.qasm
z,random,40,,1,12,random,16,17,1,24,25,1,2,2,vqc-zzfm-realamp,iris_zz_r2_q2_s0,iris,zz,2,iris_zz_r2_q2_s0__z_random_s40.qasm
z,idle,41,,1,15,idle,16,17,1,24,25,1,2,2,vqc-zzfm-realamp,iris_zz_r2_q2_s0,iris,zz,2,iris_zz_r2_q2_s0__z_idle_s41.qasm
z,controlled,42,,0,8,interface,16,17,1,24,25,1,2,2,vqc-zzfm-realamp,iris_zz_r2_q2_s0,iris,zz,2,iris_zz_r2_q2_s0__z_controlled_s42.qasm
h,random,1000,,0,7,random,16,16,0,24,25,1,2,2,vqc-zzfm-realamp,iris_zz_r2_q2_s1,iris,zz,2,iris_zz_r2_q2_s1__h_random_s1000.qasm
h,idle,1001,,1,15,idle,16,17,1,24,25,1,2,2,vqc-zzfm-realamp,iris_zz_r2_q2_s1,iris,zz,2,iris_zz_r2_q2_s1__h_idle_s1001.qasm
h,controlled,1002,,0,8,interface,16,17,1,24,25,1,2,2,vqc-zzfm-realamp,iris_zz_r2_q2_s1,iris,zz,2,iris_zz_r2_q2_s1__h_controlled_s1002.qasm
t,random,1010,,1,1,random,16,17,1,24,25,1,2,2,vqc-zzfm-realamp,iris_zz_r2_q2_s1,iris,zz,2,iris_zz_r2_q2_s1__t_random_s1010.qasm
t,idle,1011,,0,7,idle,16,16,0,24,25,1,2,2,vqc-zzfm-realamp,iris_zz_r2_q2_s1,iris,zz,2,iris_zz_r2_q2_s1__t_idle_s1011.qasm
t,controlled,1012,,0,8,interface,16,17,1,24,25,1,2,2,vqc-zzfm-realamp,iris_zz_r2_q2_s1,iris,zz,2,iris_zz_r2_q2_s1__t_controlled_s1012.qasm
x,random,1020,,1,9,random,16,17,1,24,25,1,2,2,vqc-zzfm-realamp,iris_zz_r2_q2_s1,iris,zz,2,iris_zz_r2_q2_s1__x_random_s1020.qasm
x,idle,1021,,0,7,idle,16,16,0,24,25,1,2,2,vqc-zzfm-realamp,iris_zz_r2_q2_s1,iris,zz,2,iris_zz_r2_q2_s1__x_idle_s1021.qasm
x,controlled,1022,,0,8,interface,16,17,1,24,25,1,2,2,vqc-zzfm-realamp,iris_zz_r2_q2_s1,iris,zz,2,iris_zz_r2_q2_s1__x_controlled_s1022.qasm
y,random,1030,,0,3,random,16,16,0,24,25,1,2,2,vqc-zzfm-realamp,iris_zz_r2_q2_s1,iris,zz,2,iris_zz_r2_q2_s1__y_random_s1030.qasm
y,idle,1031,,1,15,idle,16,17,1,24,25,1,2,2,vqc-zzfm-realamp,iris_zz_r2_q2_s1,iris,zz,2,iris_zz_r2_q2_s1__y_idle_s1031.qasm
y,controlled,1032,,0,8,interface,16,17,1,24,25,1,2,2,vqc-zzfm-realamp,iris_zz_r2_q2_s1,iris,zz,2,iris_zz_r2_q2_s1__y_controlled_s1032.qasm
z,random,1040,,0,12,random,16,17,1,24,25,1,2,2,vqc-zzfm-realamp,iris_zz_r2_q2_s1,iris,zz,2,iris_zz_r2_q2_s1__z_random_s1040.qasm
z,idle,1041,,1,15,idle,16,17,1,24,25,1,2,2,vqc-zzfm-realamp,iris_zz_r2_q2_s1,iris,zz,2,iris_zz_r2_q2_s1__z_idle_s1041.qasm
z,controlled,1042,,0,8,interface,16,17,1,24,25,1,2,2,vqc-zzfm-realamp,iris_zz_r2_q2_s1,iris,zz,2,iris_zz_r2_q2_s1__z_controlled_s1042.qasm
h,random,2000,,0,8,random,16,17,1,24,25,1,2,2,vqc-zzfm-realamp,iris_zz_r2_q2_s2,iris,zz,2,iris_zz_r2_q2_s2__h_random_s2000.qasm
h,idle,2001,,0,3,idle,16,16,0,24,25,1,2,2,vqc-zzfm-realamp,iris_zz_r2_q2_s2,iris,zz,2,iris_zz_r2_q2_s2__h_idle_s2001.qasm
h,controlled,2002,,0,8,interface,16,17,1,24,25,1,2,2,vqc-zzfm-realamp,iris_zz_r2_q2_s2,iris,zz,2,iris_zz_r2_q2_s2__h_controlled_s2002.qasm
t,random,2010,,1,4,random,16,17,1,24,25,1,2,2,vqc-zzfm-realamp,iris_zz_r2_q2_s2,iris,zz,2,iris_zz_r2_q2_s2__t_random_s2010.qasm
t,idle,2011,,0,13,idle,16,17,1,24,25,1,2,2,vqc-zzfm-realamp,iris_zz_r2_q2_s2,iris,zz,2,iris_zz_r2_q2_s2__t_idle_s2011.qasm
t,controlled,2012,,0,8,interface,16,17,1,24,25,1,2,2,vqc-zzfm-realamp,iris_zz_r2_q2_s2,iris,zz,2,iris_zz_r2_q2_s2__t_controlled_s2012.qasm
x,random,2020,,0,7,random,16,16,0,24,25,1,2,2,vqc-zzfm-realamp,iris_zz_r2_q2_s2,iris,zz,2,iris_zz_r2_q2_s2__x_random_s2020.qasm
x,idle,2021,,0,13,idle,16,17,1,24,25,1,2,2,vqc-zzfm-realamp,iris_zz_r2_q2_s2,iris,zz,2,iris_zz_r2_q2_s2__x_idle_s2021.qasm
x,controlled,2022,,0,8,interface,16,17,1,24,25,1,2,2,vqc-zzfm-realamp,iris_zz_r2_q2_s2,iris,zz,2,iris_zz_r2_q2_s2__x_controlled_s2022.qasm
y,random,2030,,0,5,random,16,17,1,24,25,1,2,2,vqc-zzfm-realamp,iris_zz_r2_q2_s2,iris,zz,2,iris_zz_r2_q2_s2__y_random_s2030.qasm
y,idle,2031,,1,15,idle,16,17,1,24,25,1,2,2,vqc-zzfm-realamp,iris_zz_r2_q2_s2,iris,zz,2,iris_zz_r2_q2_s2__y_idle_s2031.qasm
y,controlled,2032,,0,8,interface,16,17,1,24,25,1,2,2,vqc-zzfm-realamp,iris_zz_r2_q2_s2,iris,zz,2,iris_zz_r2_q2_s2__y_controlled_s2032.qasm
z,random,2040,,1,11,random,16,17,1,24,25,1,2,2,vqc-zzfm-realamp,iris_zz_r2_q2_s2,iris,zz,2,iris_zz_r2_q2_s2__z_random_s2040.qasm
z,idle,2041,,1,15,idle,16,17,1,24,25,1,2,2,vqc-zzfm-realamp,iris_zz_r2_q2_s2,iris,zz,2,iris_zz_r2_q2_s2__z_idle_s2041.qasm
z,controlled,2042,,0,8,interface,16,17,1,24,25,1,2,2,vqc-zzfm-realamp,iris_zz_r2_q2_s2,iris,zz,2,iris_zz_r2_q2_s2__z_controlled_s2042.qasm
h,random,0,,3,10,random,28,29,1,56,57,1,4,4,vqc-zzfm-realamp,iris_zz_r2_q4_s0,iris,zz,2,iris_zz_r2_q4_s0__h_random_s0.qasm
h,idle,1,,3,7,idle,28,28,0,56,57,1,4,4,vqc-zzfm-realamp,iris_zz_r2_q4_s0,iris,zz,2,iris_zz_r2_q4_s0__h_idle_s1.qasm
h,controlled,2,,0,8,interface,28,28,0,56,57,1,4,4,vqc-zzfm-realamp,iris_zz_r2_q4_s0,iris,zz,2,iris_zz_r2_q4_s0__h_controlled_s2.qasm
t,random,10,,3,16,random,28,28,0,56,57,1,4,4,vqc-zzfm-realamp,iris_zz_r2_q4_s0,iris,zz,2,iris_zz_r2_q4_s0__t_random_s10.qasm
t,idle,11,,3,2,idle,28,28,0,56,57,1,4,4,vqc-zzfm-realamp,iris_zz_r2_q4_s0,iris,zz,2,iris_zz_r2_q4_s0__t_idle_s11.qasm
t,controlled,12,,0,8,interface,28,28,0,56,57,1,4,4,vqc-zzfm-realamp,iris_zz_r2_q4_s0,iris,zz,2,iris_zz_r2_q4_s0__t_controlled_s12.qasm
x,random,20,,3,4,random,28,29,1,56,57,1,4,4,vqc-zzfm-realamp,iris_zz_r2_q4_s0,iris,zz,2,iris_zz_r2_q4_s0__x_random_s20.qasm
x,idle,21,,0,6,idle,28,28,0,56,57,1,4,4,vqc-zzfm-realamp,iris_zz_r2_q4_s0,iris,zz,2,iris_zz_r2_q4_s0__x_idle_s21.qasm
x,controlled,22,,0,8,interface,28,28,0,56,57,1,4,4,vqc-zzfm-realamp,iris_zz_r2_q4_s0,iris,zz,2,iris_zz_r2_q4_s0__x_controlled_s22.qasm
y,random,30,,0,3,random,28,28,0,56,57,1,4,4,vqc-zzfm-realamp,iris_zz_r2_q4_s0,iris,zz,2,iris_zz_r2_q4_s0__y_random_s30.qasm
y,idle,31,,2,13,idle,28,28,0,56,57,1,4,4,vqc-zzfm-realamp,iris_zz_r2_q4_s0,iris,zz,2,iris_zz_r2_q4_s0__y_idle_s31.qasm
y,controlled,32,,0,8,interface,28,28,0,56,57,1,4,4,vqc-zzfm-realamp,iris_zz_r2_q4_s0,iris,zz,2,iris_zz_r2_q4_s0__y_controlled_s32.qasm
z,random,40,,2,16,random,28,29,1,56,57,1,4,4,vqc-zzfm-realamp,iris_zz_r2_q4_s0,iris,zz,2,iris_zz_r2_q4_s0__z_random_s40.qasm
z,idle,41,,0,9,idle,28,28,0,56,57,1,4,4,vqc-zzfm-realamp,iris_zz_r2_q4_s0,iris,zz,2,iris_zz_r2_q4_s0__z_idle_s41.qasm
z,controlled,42,,0,8,interface,28,28,0,56,57,1,4,4,vqc-zzfm-realamp,iris_zz_r2_q4_s0,iris,zz,2,iris_zz_r2_q4_s0__z_controlled_s42.qasm
h,random,1000,,0,7,random,28,28,0,56,57,1,4,4,vqc-zzfm-realamp,iris_zz_r2_q4_s1,iris,zz,2,iris_zz_r2_q4_s1__h_random_s1000.qasm
h,idle,1001,,3,15,idle,28,28,0,56,57,1,4,4,vqc-zzfm-realamp,iris_zz_r2_q4_s1,iris,zz,2,iris_zz_r2_q4_s1__h_idle_s1001.qasm
h,controlled,1002,,0,8,interface,28,28,0,56,57,1,4,4,vqc-zzfm-realamp,iris_zz_r2_q4_s1,iris,zz,2,iris_zz_r2_q4_s1__h_controlled_s1002.qasm
t,random,1010,,2,2,random,28,28,0,56,57,1,4,4,vqc-zzfm-realamp,iris_zz_r2_q4_s1,iris,zz,2,iris_zz_r2_q4_s1__t_random_s1010.qasm
t,idle,1011,,0,6,idle,28,28,0,56,57,1,4,4,vqc-zzfm-realamp,iris_zz_r2_q4_s1,iris,zz,2,iris_zz_r2_q4_s1__t_idle_s1011.qasm
t,controlled,1012,,0,8,interface,28,28,0,56,57,1,4,4,vqc-zzfm-realamp,iris_zz_r2_q4_s1,iris,zz,2,iris_zz_r2_q4_s1__t_controlled_s1012.qasm
x,random,1020,,3,9,random,28,29,1,56,57,1,4,4,vqc-zzfm-realamp,iris_zz_r2_q4_s1,iris,zz,2,iris_zz_r2_q4_s1__x_random_s1020.qasm
x,idle,1021,,3,2,idle,28,28,0,56,57,1,4,4,vqc-zzfm-realamp,iris_zz_r2_q4_s1,iris,zz,2,iris_zz_r2_q4_s1__x_idle_s1021.qasm
x,controlled,1022,,0,8,interface,28,28,0,56,57,1,4,4,vqc-zzfm-realamp,iris_zz_r2_q4_s1,iris,zz,2,iris_zz_r2_q4_s1__x_controlled_s1022.qasm
y,random,1030,,1,5,random,28,29,1,56,57,1,4,4,vqc-zzfm-realamp,iris_zz_r2_q4_s1,iris,zz,2,iris_zz_r2_q4_s1__y_random_s1030.qasm
y,idle,1031,,3,15,idle,28,28,0,56,57,1,4,4,vqc-zzfm-realamp,iris_zz_r2_q4_s1,iris,zz,2,iris_zz_r2_q4_s1__y_idle_s1031.qasm
y,controlled,1032,,0,8,interface,28,28,0,56,57,1,4,4,vqc-zzfm-realamp,iris_zz_r2_q4_s1,iris,zz,2,iris_zz_r2_q4_s1__y_controlled_s1032.qasm
z,random,1040,,1,19,random,28,29,1,56,57,1,4,4,vqc-zzfm-realamp,iris_zz_r2_q4_s1,iris,zz,2,iris_zz_r2_q4_s1__z_random_s1040.qasm
z,idle,1041,,2,21,idle,28,28,0,56,57,1,4,4,vqc-zzfm-realamp,iris_zz_r2_q4_s1,iris,zz,2,iris_zz_r2_q4_s1__z_idle_s1041.qasm
z,controlled,1042,,0,8,interface,28,28,0,56,57,1,4,4,vqc-zzfm-realamp,iris_zz_r2_q4_s1,iris,zz,2,iris_zz_r2_q4_s1__z_controlled_s1042.qasm
h,random,2000,,0,8,random,28,28,0,56,57,1,4,4,vqc-zzfm-realamp,iris_zz_r2_q4_s2,iris,zz,2,iris_zz_r2_q4_s2__h_random_s2000.qasm
h,idle,2001,,2,2,idle,28,28,0,56,57,1,4,4,vqc-zzfm-realamp,iris_zz_r2_q4_s2,iris,zz,2,iris_zz_r2_q4_s2__h_idle_s2001.qasm
h,controlled,2002,,0,8,interface,28,28,0,56,57,1,4,4,vqc-zzfm-realamp,iris_zz_r2_q4_s2,iris,zz,2,iris_zz_r2_q4_s2__h_controlled_s2002.qasm
t,random,2010,,3,4,random,28,29,1,56,57,1,4,4,vqc-zzfm-realamp,iris_zz_r2_q4_s2,iris,zz,2,iris_zz_r2_q4_s2__t_random_s2010.qasm
t,idle,2011,,0,9,idle,28,28,0,56,57,1,4,4,vqc-zzfm-realamp,iris_zz_r2_q4_s2,iris,zz,2,iris_zz_r2_q4_s2__t_idle_s2011.qasm
t,controlled,2012,,0,8,interface,28,28,0,56,57,1,4,4,vqc-zzfm-realamp,iris_zz_r2_q4_s2,iris,zz,2,iris_zz_r2_q4_s2__t_controlled_s2012.qasm
x,random,2020,,0,7,random,28,28,0,56,57,1,4,4,vqc-zzfm-realamp,iris_zz_r2_q4_s2,iris,zz,2,iris_zz_r2_q4_s2__x_random_s2020.qasm
x,idle,2021,,0,11,idle,28,28,0,56,57,1,4,4,vqc-zzfm-realamp,iris_zz_r2_q4_s2,iris,zz,2,iris_zz_r2_q4_s2__x_idle_s2021.qasm
x,controlled,2022,,0,8,interface,28,28,0,56,57,1,4,4,vqc-zzfm-realamp,iris_zz_r2_q4_s2,iris,zz,2,iris_zz_r2_q4_s2__x_controlled_s2022.qasm
y,random,2030,,0,5,random,28,28,0,56,57,1,4,4,vqc-zzfm-realamp,iris_zz_r2_q4_s2,iris,zz,2,iris_zz_r2_q4_s2__y_random_s2030.qasm
y,idle,2031,,1,15,idle,28,28,0,56,57,1,4,4,vqc-zzfm-realamp,iris_zz_r2_q4_s2,iris,zz,2,iris_zz_r2_q4_s2__y_idle_s2031.qasm
y,controlled,2032,,0,8,interface,28,28,0,56,57,1,4,4,vqc-zzfm-realamp,iris_zz_r2_q4_s2,iris,zz,2,iris_zz_r2_q4_s2__y_controlled_s2032.qasm
z,random,2040,,2,15,random,28,29,1,56,57,1,4,4,vqc-zzfm-realamp,iris_zz_r2_q4_s2,iris,zz,2,iris_zz_r2_q4_s2__z_random_s2040.qasm
z,idle,2041,,0,9,idle,28,28,0,56,57,1,4,4,vqc-zzfm-realamp,iris_zz_r2_q4_s2,iris,zz,2,iris_zz_r2_q4_s2__z_idle_s2041.qasm
z,controlled,2042,,0,8,interface,28,28,0,56,57,1,4,4,vqc-zzfm-realamp,iris_zz_r2_q4_s2,iris,zz,2,iris_zz_r2_q4_s2__z_controlled_s2042.qasm
h,random,0,,1,12,random,18,19,1,27,28,1,2,2,vqc-zzfm-realamp,iris_zz_r3_q2_s0,iris,zz,3,iris_zz_r3_q2_s0__h_random_s0.qasm
h,idle,1,,0,15,idle,18,19,1,27,28,1,2,2,vqc-zzfm-realamp,iris_zz_r3_q2_s0,iris,zz,3,iris_zz_r3_q2_s0__h_idle_s1.qasm
h,controlled,2,,0,8,interface,18,19,1,27,28,1,2,2,vqc-zzfm-realamp,iris_zz_r3_q2_s0,iris,zz,3,iris_zz_r3_q2_s0__h_controlled_s2.qasm
t,random,10,,1,18,random,18,19,1,27,28,1,2,2,vqc-zzfm-realamp,iris_zz_r3_q2_s0,iris,zz,3,iris_zz_r3_q2_s0__t_random_s10.qasm
t,idle,11,,0,3,idle,18,18,0,27,28,1,2,2,vqc-zzfm-realamp,iris_zz_r3_q2_s0,iris,zz,3,iris_zz_r3_q2_s0__t_idle_s11.qasm
t,controlled,12,,0,8,interface,18,19,1,27,28,1,2,2,vqc-zzfm-realamp,iris_zz_r3_q2_s0,iris,zz,3,iris_zz_r3_q2_s0__t_controlled_s12.qasm
x,random,20,,1,5,random,18,19,1,27,28,1,2,2,vqc-zzfm-realamp,iris_zz_r3_q2_s0,iris,zz,3,iris_zz_r3_q2_s0__x_random_s20.qasm
x,idle,21,,0,7,idle,18,18,0,27,28,1,2,2,vqc-zzfm-realamp,iris_zz_r3_q2_s0,iris,zz,3,iris_zz_r3_q2_s0__x_idle_s21.qasm
x,controlled,22,,0,8,interface,18,19,1,27,28,1,2,2,vqc-zzfm-realamp,iris_zz_r3_q2_s0,iris,zz,3,iris_zz_r3_q2_s0__x_controlled_s22.qasm
y,random,30,,0,4,random,18,19,1,27,28,1,2,2,vqc-zzfm-realamp,iris_zz_r3_q2_s0,iris,zz,3,iris_zz_r3_q2_s0__y_random_s30.qasm
y,idle,31,,1,17,idle,18,19,1,27,28,1,2,2,vqc-zzfm-realamp,iris_zz_r3_q2_s0,iris,zz,3,iris_zz_r3_q2_s0__y_idle_s31.qasm
y,controlled,32,,0,8,interface,18,19,1,27,28,1,2,2,vqc-zzfm-realamp,iris_zz_r3_q2_s0,iris,zz,3,iris_zz_r3_q2_s0__y_controlled_s32.qasm
z,random,40,,1,13,random,18,19,1,27,28,1,2,2,vqc-zzfm-realamp,iris_zz_r3_q2_s0,iris,zz,3,iris_zz_r3_q2_s0__z_random_s40.qasm
z,idle,41,,1,17,idle,18,19,1,27,28,1,2,2,vqc-zzfm-realamp,iris_zz_r3_q2_s0,iris,zz,3,iris_zz_r3_q2_s0__z_idle_s41.qasm
z,controlled,42,,0,8,interface,18,19,1,27,28,1,2,2,vqc-zzfm-realamp,iris_zz_r3_q2_s0,iris,zz,3,iris_zz_r3_q2_s0__z_controlled_s42.qasm
h,random,1000,,0,8,random,18,19,1,27,28,1,2,2,vqc-zzfm-realamp,iris_zz_r3_q2_s1,iris,zz,3,iris_zz_r3_q2_s1__h_random_s1000.qasm
h,idle,1001,,1,17,idle,18,19,1,27,28,1,2,2,vqc-zzfm-realamp,iris_zz_r3_q2_s1,iris,zz,3,iris_zz_r3_q2_s1__h_idle_s1001.qasm
h,controlled,1002,,0,8,interface,18,19,1,27,28,1,2,2,vqc-zzfm-realamp,iris_zz_r3_q2_s1,iris,zz,3,iris_zz_r3_q2_s1__h_controlled_s1002.qasm
t,random,1010,,1,1,random,18,19,1,27,28,1,2,2,vqc-zzfm-realamp,iris_zz_r3_q2_s1,iris,zz,3,iris_zz_r3_q2_s1__t_random_s1010.qasm
t,idle,1011,,0,7,idle,18,18,0,27,28,1,2,2,vqc-zzfm-realamp,iris_zz_r3_q2_s1,iris,zz,3,iris_zz_r3_q2_s1__t_idle_s1011.qasm
t,controlled,1012,,0,8,interface,18,19,1,27,28,1,2,2,vqc-zzfm-realamp,iris_zz_r3_q2_s1,iris,zz,3,iris_zz_r3_q2_s1__t_controlled_s1012.qasm
x,random,1020,,1,10,random,18,19,1,27,28,1,2,2,vqc-zzfm-realamp,iris_zz_r3_q2_s1,iris,zz,3,iris_zz_r3_q2_s1__x_random_s1020.qasm
x,idle,1021,,0,7,idle,18,18,0,27,28,1,2,2,vqc-zzfm-realamp,iris_zz_r3_q2_s1,iris,zz,3,iris_zz_r3_q2_s1__x_idle_s1021.qasm
x,controlled,1022,,0,8,interface,18,19,1,27,28,1,2,2,vqc-zzfm-realamp,iris_zz_r3_q2_s1,iris,zz,3,iris_zz_r3_q2_s1__x_controlled_s1022.qasm
y,random,1030,,0,4,random,18,19,1,27,28,1,2,2,vqc-zzfm-realamp,iris_zz_r3_q2_s1,iris,zz,3,iris_zz_r3_q2_s1__y_random_s1030.qasm
y,idle,1031,,1,17,idle,18,19,1,27,28,1,2,2,vqc-zzfm-realamp,iris_zz_r3_q2_s1,iris,zz,3,iris_zz_r3_q2_s1__y_idle_s1031.qasm
y,controlled,1032,,0,8,interface,18,19,1,27,28,1,2,2,vqc-zzfm-realamp,iris_zz_r3_q2_s1,iris,zz,3,iris_zz_r3_q2_s1__y_controlled_s1032.qasm
z,random,1040,,0,14,random,18,19,1,27,28,1,2,2,vqc-zzfm-realamp,iris_zz_r3_q2_s1,iris,zz,3,iris_zz_r3_q2_s1__z_random_s1040.qasm
z,idle,1041,,1,17,idle,18,19,1,27,28,1,2,2,vqc-zzfm-realamp,iris_zz_r3_q2_s1,iris,zz,3,iris_zz_r3_q2_s1__z_idle_s1041.qasm
z,controlled,1042,,0,8,interface,18,19,1,27,28,1,2,2,vqc-zzfm-realamp,iris_zz_r3_q2_s1,iris,zz,3,iris_zz_r3_q2_s1__z_controlled_s1042.qasm
h,random,2000,,0,9,random,18,19,1,27,28,1,2,2,vqc-zzfm-realamp,iris_zz_r3_q2_s2,iris,zz,3,iris_zz_r3_q2_s2__h_random_s2000.qasm
h,idle,2001,,0,3,idle,18,18,0,27,28,1,2,2,vqc-zzfm-realamp,iris_zz_r3_q2_s2,iris,zz,3,iris_zz_r3_q2_s2__h_idle_s2001.qasm
h,controlled,2002,,0,8,interface,18,19,1,27,28,1,2,2,vqc-zzfm-realamp,iris_zz_r3_q2_s2,iris,zz,3,iris_zz_r3_q2_s2__h_controlled_s2002.qasm
t,random,2010,,1,4,random,18,19,1,27,28,1,2,2,vqc-zzfm-realamp,iris_zz_r3_q2_s2,iris,zz,3,iris_zz_r3_q2_s2__t_random_s2010.qasm
t,idle,2011,,0,15,idle,18,19,1,27,28,1,2,2,vqc-zzfm-realamp,iris_zz_r3_q2_s2,iris,zz,3,iris_zz_r3_q2_s2__t_idle_s2011.qasm
t,controlled,2012,,0,8,interface,18,19,1,27,28,1,2,2,vqc-zzfm-realamp,iris_zz_r3_q2_s2,iris,zz,3,iris_zz_r3_q2_s2__t_controlled_s2012.qasm
x,random,2020,,0,7,random,18,18,0,27,28,1,2,2,vqc-zzfm-realamp,iris_zz_r3_q2_s2,iris,zz,3,iris_zz_r3_q2_s2__x_random_s2020.qasm
x,idle,2021,,0,15,idle,18,19,1,27,28,1,2,2,vqc-zzfm-realamp,iris_zz_r3_q2_s2,iris,zz,3,iris_zz_r3_q2_s2__x_idle_s2021.qasm
x,controlled,2022,,0,8,interface,18,19,1,27,28,1,2,2,vqc-zzfm-realamp,iris_zz_r3_q2_s2,iris,zz,3,iris_zz_r3_q2_s2__x_controlled_s2022.qasm
y,random,2030,,0,6,random,18,19,1,27,28,1,2,2,vqc-zzfm-realamp,iris_zz_r3_q2_s2,iris,zz,3,iris_zz_r3_q2_s2__y_random_s2030.qasm
y,idle,2031,,1,17,idle,18,19,1,27,28,1,2,2,vqc-zzfm-realamp,iris_zz_r3_q2_s2,iris,zz,3,iris_zz_r3_q2_s2__y_idle_s2031.qasm
y,controlled,2032,,0,8,interface,18,19,1,27,28,1,2,2,vqc-zzfm-realamp,iris_zz_r3_q2_s2,iris,zz,3,iris_zz_r3_q2_s2__y_controlled_s2032.qasm
z,random,2040,,1,13,random,18,19,1,27,28,1,2,2,vqc-zzfm-realamp,iris_zz_r3_q2_s2,iris,zz,3,iris_zz_r3_q2_s2__z_random_s2040.qasm
z,idle,2041,,1,17,idle,18,19,1,27,28,1,2,2,vqc-zzfm-realamp,iris_zz_r3_q2_s2,iris,zz,3,iris_zz_r3_q2_s2__z_idle_s2041.qasm
z,controlled,2042,,0,8,interface,18,19,1,27,28,1,2,2,vqc-zzfm-realamp,iris_zz_r3_q2_s2,iris,zz,3,iris_zz_r3_q2_s2__z_controlled_s2042.qasm
h,random,0,,3,12,random,31,31,0,63,64,1,4,4,vqc-zzfm-realamp,iris_zz_r3_q4_s0,iris,zz,3,iris_zz_r3_q4_s0__h_random_s0.qasm
h,idle,1,,0,9,idle,31,31,0,63,64,1,4,4,vqc-zzfm-realamp,iris_zz_r3_q4_s0,iris,zz,3,iris_zz_r3_q4_s0__h_idle_s1.qasm
h,controlled,2,,0,8,interface,31,31,0,63,64,1,4,4,vqc-zzfm-realamp,iris_zz_r3_q4_s0,iris,zz,3,iris_zz_r3_q4_s0__h_controlled_s2.qasm
t,random,10,,3,18,random,31,31,0,63,64,1,4,4,vqc-zzfm-realamp,iris_zz_r3_q4_s0,iris,zz,3,iris_zz_r3_q4_s0__t_random_s10.qasm
t,idle,11,,3,2,idle,31,31,0,63,64,1,4,4,vqc-zzfm-realamp,iris_zz_r3_q4_s0,iris,zz,3,iris_zz_r3_q4_s0__t_idle_s11.qasm
t,controlled,12,,0,8,interface,31,31,0,63,64,1,4,4,vqc-zzfm-realamp,iris_zz_r3_q4_s0,iris,zz,3,iris_zz_r3_q4_s0__t_controlled_s12.qasm
x,random,20,,3,5,random,31,31,0,63,64,1,4,4,vqc-zzfm-realamp,iris_zz_r3_q4_s0,iris,zz,3,iris_zz_r3_q4_s0__x_random_s20.qasm
x,idle,21,,2,6,idle,31,31,0,63,64,1,4,4,vqc-zzfm-realamp,iris_zz_r3_q4_s0,iris,zz,3,iris_zz_r3_q4_s0__x_idle_s21.qasm
x,controlled,22,,0,8,interface,31,31,0,63,64,1,4,4,vqc-zzfm-realamp,iris_zz_r3_q4_s0,iris,zz,3,iris_zz_r3_q4_s0__x_controlled_s22.qasm
y,random,30,,0,4,random,31,31,0,63,64,1,4,4,vqc-zzfm-realamp,iris_zz_r3_q4_s0,iris,zz,3,iris_zz_r3_q4_s0__y_random_s30.qasm
y,idle,31,,0,9,idle,31,31,0,63,64,1,4,4,vqc-zzfm-realamp,iris_zz_r3_q4_s0,iris,zz,3,iris_zz_r3_q4_s0__y_idle_s31.qasm
y,controlled,32,,0,8,interface,31,31,0,63,64,1,4,4,vqc-zzfm-realamp,iris_zz_r3_q4_s0,iris,zz,3,iris_zz_r3_q4_s0__y_controlled_s32.qasm
z,random,40,,2,18,random,31,32,1,63,64,1,4,4,vqc-zzfm-realamp,iris_zz_r3_q4_s0,iris,zz,3,iris_zz_r3_q4_s0__z_random_s40.qasm
z,idle,41,,1,15,idle,31,31,0,63,64,1,4,4,vqc-zzfm-realamp,iris_zz_r3_q4_s0,iris,zz,3,iris_zz_r3_q4_s0__z_idle_s41.qasm
z,controlled,42,,0,8,interface,31,31,0,63,64,1,4,4,vqc-zzfm-realamp,iris_zz_r3_q4_s0,iris,zz,3,iris_zz_r3_q4_s0__z_controlled_s42.qasm
h,random,1000,,0,8,random,31,31,0,63,64,1,4,4,vqc-zzfm-realamp,iris_zz_r3_q4_s1,iris,zz,3,iris_zz_r3_q4_s1__h_random_s1000.qasm
h,idle,1001,,3,17,idle,31,31,0,63,64,1,4,4,vqc-zzfm-realamp,iris_zz_r3_q4_s1,iris,zz,3,iris_zz_r3_q4_s1__h_idle_s1001.qasm
h,controlled,1002,,0,8,interface,31,31,0,63,64,1,4,4,vqc-zzfm-realamp,iris_zz_r3_q4_s1,iris,zz,3,iris_zz_r3_q4_s1__h_controlled_s1002.qasm
t,random,1010,,2,2,random,31,31,0,63,64,1,4,4,vqc-zzfm-realamp,iris_zz_r3_q4_s1,iris,zz,3,iris_zz_r3_q4_s1__t_random_s1010.qasm
t,idle,1011,,0,6,idle,31,31,0,63,64,1,4,4,vqc-zzfm-realamp,iris_zz_r3_q4_s1,iris,zz,3,iris_zz_r3_q4_s1__t_idle_s1011.qasm
t,controlled,1012,,0,8,interface,31,31,0,63,64,1,4,4,vqc-zzfm-realamp,iris_zz_r3_q4_s1,iris,zz,3,iris_zz_r3_q4_s1__t_controlled_s1012.qasm
x,random,1020,,3,10,random,31,32,1,63,64,1,4,4,vqc-zzfm-realamp,iris_zz_r3_q4_s1,iris,zz,3,iris_zz_r3_q4_s1__x_random_s1020.qasm
x,idle,1021,,1,6,idle,31,31,0,63,64,1,4,4,vqc-zzfm-realamp,iris_zz_r3_q4_s1,iris,zz,3,iris_zz_r3_q4_s1__x_idle_s1021.qasm
x,controlled,1022,,0,8,interface,31,31,0,63,64,1,4,4,vqc-zzfm-realamp,iris_zz_r3_q4_s1,iris,zz,3,iris_zz_r3_q4_s1__x_controlled_s1022.qasm
y,random,1030,,1,6,random,31,31,0,63,64,1,4,4,vqc-zzfm-realamp,iris_zz_r3_q4_s1,iris,zz,3,iris_zz_r3_q4_s1__y_random_s1030.qasm
y,idle,1031,,3,17,idle,31,31,0,63,64,1,4,4,vqc-zzfm-realamp,iris_zz_r3_q4_s1,iris,zz,3,iris_zz_r3_q4_s1__y_idle_s1031.qasm
y,controlled,1032,,0,8,interface,31,31,0,63,64,1,4,4,vqc-zzfm-realamp,iris_zz_r3_q4_s1,iris,zz,3,iris_zz_r3_q4_s1__y_controlled_s1032.qasm
z,random,1040,,1,21,random,31,32,1,63,64,1,4,4,vqc-zzfm-realamp,iris_zz_r3_q4_s1,iris,zz,3,iris_zz_r3_q4_s1__z_random_s1040.qasm
z,idle,1041,,2,24,idle,31,31,0,63,64,1,4,4,vqc-zzfm-realamp,iris_zz_r3_q4_s1,iris,zz,3,iris_zz_r3_q4_s1__z_idle_s1041.qasm
z,controlled,1042,,0,8,interface,31,31,0,63,64,1,4,4,vqc-zzfm-realamp,iris_zz_r3_q4_s1,iris,zz,3,iris_zz_r3_q4_s1__z_controlled_s1042.qasm
h,random,2000,,0,9,random,31,31,0,63,64,1,4,4,vqc-zzfm-realamp,iris_zz_r3_q4_s2,iris,zz,3,iris_zz_r3_q4_s2__h_random_s2000.qasm
h,idle,2001,,2,2,idle,31,31,0,63,64,1,4,4,vqc-zzfm-realamp,iris_zz_r3_q4_s2,iris,zz,3,iris_zz_r3_q4_s2__h_idle_s2001.qasm
h,controlled,2002,,0,8,interface,31,31,0,63,64,1,4,4,vqc-zzfm-realamp,iris_zz_r3_q4_s2,iris,zz,3,iris_zz_r3_q4_s2__h_controlled_s2002.qasm
t,random,2010,,3,4,random,31,32,1,63,64,1,4,4,vqc-zzfm-realamp,iris_zz_r3_q4_s2,iris,zz,3,iris_zz_r3_q4_s2__t_random_s2010.qasm
t,idle,2011,,3,13,idle,31,31,0,63,64,1,4,4,vqc-zzfm-realamp,iris_zz_r3_q4_s2,iris,zz,3,iris_zz_r3_q4_s2__t_idle_s2011.qasm
t,controlled,2012,,0,8,interface,31,31,0,63,64,1,4,4,vqc-zzfm-realamp,iris_zz_r3_q4_s2,iris,zz,3,iris_zz_r3_q4_s2__t_controlled_s2012.qasm
x,random,2020,,0,7,random,31,31,0,63,64,1,4,4,vqc-zzfm-realamp,iris_zz_r3_q4_s2,iris,zz,3,iris_zz_r3_q4_s2__x_random_s2020.qasm
x,idle,2021,,0,13,idle,31,31,0,63,64,1,4,4,vqc-zzfm-realamp,iris_zz_r3_q4_s2,iris,zz,3,iris_zz_r3_q4_s2__x_idle_s2021.qasm
x,controlled,2022,,0,8,interface,31,31,0,63,64,1,4,4,vqc-zzfm-realamp,iris_zz_r3_q4_s2,iris,zz,3,iris_zz_r3_q4_s2__x_controlled_s2022.qasm
y,random,2030,,0,6,random,31,31,0,63,64,1,4,4,vqc-zzfm-realamp,iris_zz_r3_q4_s2,iris,zz,3,iris_zz_r3_q4_s2__y_random_s2030.qasm
y,idle,2031,,0,9,idle,31,31,0,63,64,1,4,4,vqc-zzfm-realamp,iris_zz_r3_q4_s2,iris,zz,3,iris_zz_r3_q4_s2__y_idle_s2031.qasm
y,controlled,2032,,0,8,interface,31,31,0,63,64,1,4,4,vqc-zzfm-realamp,iris_zz_r3_q4_s2,iris,zz,3,iris_zz_r3_q4_s2__y_controlled_s2032.qasm
z,random,2040,,2,17,random,31,32,1,63,64,1,4,4,vqc-zzfm-realamp,iris_zz_r3_q4_s2,iris,zz,3,iris_zz_r3_q4_s2__z_random_s2040.qasm
z,idle,2041,,1,15,idle,31,31,0,63,64,1,4,4,vqc-zzfm-realamp,iris_zz_r3_q4_s2,iris,zz,3,iris_zz_r3_q4_s2__z_idle_s2041.qasm
z,controlled,2042,,0,8,interface,31,31,0,63,64,1,4,4,vqc-zzfm-realamp,iris_zz_r3_q4_s2,iris,zz,3,iris_zz_r3_q4_s2__z_controlled_s2042.qasm
h,random,0,,1,5,random,8,9,1,15,16,1,2,2,vqc-zfm-realamp,digits01_z_r1_q2_s0,digits01,z,1,digits01_z_r1_q2_s0__h_random_s0.qasm
h,idle,1,,1,7,idle,8,9,1,15,16,1,2,2,vqc-zfm-realamp,digits01_z_r1_q2_s0,digits01,z,1,digits01_z_r1_q2_s0__h_idle_s1.qasm
h,controlled,2,,0,4,interface,8,9,1,15,16,1,2,2,vqc-zfm-realamp,digits01_z_r1_q2_s0,digits01,z,1,digits01_z_r1_q2_s0__h_controlled_s2.qasm
t,random,10,,1,8,random,8,9,1,15,16,1,2,2,vqc-zfm-realamp,digits01_z_r1_q2_s0,digits01,z,1,digits01_z_r1_q2_s0__t_random_s10.qasm
t,idle,11,,0,7,idle,8,9,1,15,16,1,2,2,vqc-zfm-realamp,digits01_z_r1_q2_s0,digits01,z,1,digits01_z_r1_q2_s0__t_idle_s11.qasm
t,controlled,12,,0,4,interface,8,9,1,15,16,1,2,2,vqc-zfm-realamp,digits01_z_r1_q2_s0,digits01,z,1,digits01_z_r1_q2_s0__t_controlled_s12.qasm
x,random,20,,1,2,random,8,9,1,15,16,1,2,2,vqc-zfm-realamp,digits01_z_r1_q2_s0,digits01,z,1,digits01_z_r1_q2_s0__x_random_s20.qasm
x,idle,21,,1,7,idle,8,9,1,15,16,1,2,2,vqc-zfm-realamp,digits01_z_r1_q2_s0,digits01,z,1,digits01_z_r1_q2_s0__x_idle_s21.qasm
x,controlled,22,,0,4,interface,8,9,1,15,16,1,2,2,vqc-zfm-realamp,digits01_z_r1_q2_s0,digits01,z,1,digits01_z_r1_q2_s0__x_controlled_s22.qasm
y,random,30,,0,2,random,8,9,1,15,16,1,2,2,vqc-zfm-realamp,digits01_z_r1_q2_s0,digits01,z,1,digits01_z_r1_q2_s0__y_random_s30.qasm
y,idle,31,,0,7,idle,8,9,1,15,16,1,2,2,vqc-zfm-realamp,digits01_z_r1_q2_s0,digits01,z,1,digits01_z_r1_q2_s0__y_idle_s31.qasm
y,controlled,32,,0,4,interface,8,9,1,15,16,1,2,2,vqc-zfm-realamp,digits01_z_r1_q2_s0,digits01,z,1,digits01_z_r1_q2_s0__y_controlled_s32.qasm
z,random,40,,1,6,random,8,9,1,15,16,1,2,2,vqc-zfm-realamp,digits01_z_r1_q2_s0,digits01,z,1,digits01_z_r1_q2_s0__z_random_s40.qasm
z,idle,41,,0,7,idle,8,9,1,15,16,1,2,2,vqc-zfm-realamp,digits01_z_r1_q2_s0,digits01,z,1,digits01_z_r1_q2_s0__z_idle_s41.qasm
z,controlled,42,,0,4,interface,8,9,1,15,16,1,2,2,vqc-zfm-realamp,digits01_z_r1_q2_s0,digits01,z,1,digits01_z_r1_q2_s0__z_controlled_s42.qasm
h,random,1000,,0,4,random,8,9,1,15,16,1,2,2,vqc-zfm-realamp,digits01_z_r1_q2_s1,digits01,z,1,digits01_z_r1_q2_s1__h_random_s1000.qasm
h,idle,1001,,1,7,idle,8,9,1,15,16,1,2,2,vqc-zfm-realamp,digits01_z_r1_q2_s1,digits01,z,1,digits01_z_r1_q2_s1__h_idle_s1001.qasm
h,controlled,1002,,0,4,interface,8,9,1,15,16,1,2,2,vqc-zfm-realamp,digits01_z_r1_q2_s1,digits01,z,1,digits01_z_r1_q2_s1__h_controlled_s1002.qasm
t,random,1010,,1,0,random,8,9,1,15,16,1,2,2,vqc-zfm-realamp,digits01_z_r1_q2_s1,digits01,z,1,digits01_z_r1_q2_s1__t_random_s1010.qasm
t,idle,1011,,1,7,idle,8,9,1,15,16,1,2,2,vqc-zfm-realamp,digits01_z_r1_q2_s1,digits01,z,1,digits01_z_r1_q2_s1__t_idle_s1011.qasm
t,controlled,1012,,0,4,interface,8,9,1,15,16,1,2,2,vqc-zfm-realamp,digits01_z_r1_q2_s1,digits01,z,1,digits01_z_r1_q2_s1__t_controlled_s1012.qasm
x,random,1020,,1,5,random,8,9,1,15,16,1,2,2,vqc-zfm-realamp,digits01_z_r1_q2_s1,digits01,z,1,digits01_z_r1_q2_s1__x_random_s1020.qasm
x,idle,1021,,0,7,idle,8,9,1,15,16,1,2,2,vqc-zfm-realamp,digits01_z_r1_q2_s1,digits01,z,1,digits01_z_r1_q2_s1__x_idle_s1021.qasm
x,controlled,1022,,0,4,interface,8,9,1,15,16,1,2,2,vqc-zfm-realamp,digits01_z_r1_q2_s1,digits01,z,1,digits01_z_r1_q2_s1__x_controlled_s1022.qasm
y,random,1030,,0,2,random,8,9,1,15,16,1,2,2,vqc-zfm-realamp,digits01_z_r1_q2_s1,digits01,z,1,digits01_z_r1_q2_s1__y_random_s1030.qasm
y,idle,1031,,1,7,idle,8,9,1,15,16,1,2,2,vqc-zfm-realamp,digits01_z_r1_q2_s1,digits01,z,1,digits01_z_r1_q2_s1__y_idle_s1031.qasm
y,controlled,1032,,0,4,interface,8,9,1,15,16,1,2,2,vqc-zfm-realamp,digits01_z_r1_q2_s1,digits01,z,1,digits01_z_r1_q2_s1__y_controlled_s1032.qasm
z,random,1040,,0,7,random,8,9,1,15,16,1,2,2,vqc-zfm-realamp,digits01_z_r1_q2_s1,digits01,z,1,digits01_z_r1_q2_s1__z_random_s1040.qasm
z,idle,1041,,1,7,idle,8,9,1,15,16,1,2,2,vqc-zfm-realamp,digits01_z_r1_q2_s1,digits01,z,1,digits01_z_r1_q2_s1__z_idle_s1041.qasm
z,controlled,1042,,0,4,interface,8,9,1,15,16,1,2,2,vqc-zfm-realamp,digits01_z_r1_q2_s1,digits01,z,1,digits01_z_r1_q2_s1__z_controlled_s1042.qasm
h,random,2000,,0,5,random,8,9,1,15,16,1,2,2,vqc-zfm-realamp,digits01_z_r1_q2_s2,digits01,z,1,digits01_z_r1_q2_s2__h_random_s2000.qasm
h,idle,2001,,0,7,idle,8,9,1,15,16,1,2,2,vqc-zfm-realamp,digits01_z_r1_q2_s2,digits01,z,1,digits01_z_r1_q2_s2__h_idle_s2001.qasm
h,controlled,2002,,0,4,interface,8,9,1,15,16,1,2,2,vqc-zfm-realamp,digits01_z_r1_q2_s2,digits01,z,1,digits01_z_r1_q2_s2__h_controlled_s2002.qasm
t,random,2010,,1,2,random,8,9,1,15,16,1,2,2,vqc-zfm-realamp,digits01_z_r1_q2_s2,digits01,z,1,digits01_z_r1_q2_s2__t_random_s2010.qasm
t,idle,2011,,0,7,idle,8,9,1,15,16,1,2,2,vqc-zfm-realamp,digits01_z_r1_q2_s2,digits01,z,1,digits01_z_r1_q2_s2__t_idle_s2011.qasm
t,controlled,2012,,0,4,interface,8,9,1,15,16,1,2,2,vqc-zfm-realamp,digits01_z_r1_q2_s2,digits01,z,1,digits01_z_r1_q2_s2__t_controlled_s2012.qasm
x,random,2020,,0,4,random,8,9,1,15,16,1,2,2,vqc-zfm-realamp,digits01_z_r1_q2_s2,digits01,z,1,digits01_z_r1_q2_s2__x_random_s2020.qasm
x,idle,2021,,1,7,idle,8,9,1,15,16,1,2,2,vqc-zfm-realamp,digits01_z_r1_q2_s2,digits01,z,1,digits01_z_r1_q2_s2__x_idle_s2021.qasm
x,controlled,2022,,0,4,interface,8,9,1,15,16,1,2,2,vqc-zfm-realamp,digits01_z_r1_q2_s2,digits01,z,1,digits01_z_r1_q2_s2__x_controlled_s2022.qasm
y,random,2030,,0,3,random,8,9,1,15,16,1,2,2,vqc-zfm-realamp,digits01_z_r1_q2_s2,digits01,z,1,digits01_z_r1_q2_s2__y_random_s2030.qasm
y,idle,2031,,0,7,idle,8,9,1,15,16,1,2,2,vqc-zfm-realamp,digits01_z_r1_q2_s2,digits01,z,1,digits01_z_r1_q2_s2__y_idle_s2031.qasm
y,controlled,2032,,0,4,interface,8,9,1,15,16,1,2,2,vqc-zfm-realamp,digits01_z_r1_q2_s2,digits01,z,1,digits01_z_r1_q2_s2__y_controlled_s2032.qasm
z,random,2040,,1,6,random,8,9,1,15,16,1,2,2,vqc-zfm-realamp,digits01_z_r1_q2_s2,digits01,z,1,digits01_z_r1_q2_s2__z_random_s2040.qasm
z,idle,2041,,0,7,idle,8,9,1,15,16,1,2,2,vqc-zfm-realamp,digits01_z_r1_q2_s2,digits01,z,1,digits01_z_r1_q2_s2__z_idle_s2041.qasm
z,controlled,2042,,0,4,interface,8,9,1,15,16,1,2,2,vqc-zfm-realamp,digits01_z_r1_q2_s2,digits01,z,1,digits01_z_r1_q2_s2__z_controlled_s2042.qasm
h,random,0,,3,5,random,10,11,1,31,32,1,4,4,vqc-zfm-realamp,digits01_z_r1_q4_s0,digits01,z,1,digits01_z_r1_q4_s0__h_random_s0.qasm
h,idle,1,,0,7,idle,10,11,1,31,32,1,4,4,vqc-zfm-realamp,digits01_z_r1_q4_s0,digits01,z,1,digits01_z_r1_q4_s0__h_idle_s1.qasm
h,controlled,2,,0,4,interface,10,10,0,31,32,1,4,4,vqc-zfm-realamp,digits01_z_r1_q4_s0,digits01,z,1,digits01_z_r1_q4_s0__h_controlled_s2.qasm
t,random,10,,3,8,random,10,10,0,31,32,1,4,4,vqc-zfm-realamp,digits01_z_r1_q4_s0,digits01,z,1,digits01_z_r1_q4_s0__t_random_s10.qasm
t,idle,11,,1,5,idle,10,10,0,31,32,1,4,4,vqc-zfm-realamp,digits01_z_r1_q4_s0,digits01,z,1,digits01_z_r1_q4_s0__t_idle_s11.qasm
t,controlled,12,,0,4,interface,10,10,0,31,32,1,4,4,vqc-zfm-realamp,digits01_z_r1_q4_s0,digits01,z,1,digits01_z_r1_q4_s0__t_controlled_s12.qasm
x,random,20,,3,2,random,10,11,1,31,32,1,4,4,vqc-zfm-realamp,digits01_z_r1_q4_s0,digits01,z,1,digits01_z_r1_q4_s0__x_random_s20.qasm
x,idle,21,,2,8,idle,10,10,0,31,32,1,4,4,vqc-zfm-realamp,digits01_z_r1_q4_s0,digits01,z,1,digits01_z_r1_q4_s0__x_idle_s21.qasm
x,controlled,22,,0,4,interface,10,10,0,31,32,1,4,4,vqc-zfm-realamp,digits01_z_r1_q4_s0,digits01,z,1,digits01_z_r1_q4_s0__x_controlled_s22.qasm
y,random,30,,0,2,random,10,10,0,31,32,1,4,4,vqc-zfm-realamp,digits01_z_r1_q4_s0,digits01,z,1,digits01_z_r1_q4_s0__y_random_s30.qasm
y,idle,31,,1,8,idle,10,11,1,31,32,1,4,4,vqc-zfm-realamp,digits01_z_r1_q4_s0,digits01,z,1,digits01_z_r1_q4_s0__y_idle_s31.qasm
y,controlled,32,,0,4,interface,10,10,0,31,32,1,4,4,vqc-zfm-realamp,digits01_z_r1_q4_s0,digits01,z,1,digits01_z_r1_q4_s0__y_controlled_s32.qasm
z,random,40,,2,7,random,10,10,0,31,32,1,4,4,vqc-zfm-realamp,digits01_z_r1_q4_s0,digits01,z,1,digits01_z_r1_q4_s0__z_random_s40.qasm
z,idle,41,,3,7,idle,10,10,0,31,32,1,4,4,vqc-zfm-realamp,digits01_z_r1_q4_s0,digits01,z,1,digits01_z_r1_q4_s0__z_idle_s41.qasm
z,controlled,42,,0,4,interface,10,10,0,31,32,1,4,4,vqc-zfm-realamp,digits01_z_r1_q4_s0,digits01,z,1,digits01_z_r1_q4_s0__z_controlled_s42.qasm
h,random,1000,,0,4,random,10,10,0,31,32,1,4,4,vqc-zfm-realamp,digits01_z_r1_q4_s1,digits01,z,1,digits01_z_r1_q4_s1__h_random_s1000.qasm
h,idle,1001,,2,8,idle,10,10,0,31,32,1,4,4,vqc-zfm-realamp,digits01_z_r1_q4_s1,digits01,z,1,digits01_z_r1_q4_s1__h_idle_s1001.qasm
h,controlled,1002,,0,4,interface,10,10,0,31,32,1,4,4,vqc-zfm-realamp,digits01_z_r1_q4_s1,digits01,z,1,digits01_z_r1_q4_s1__h_controlled_s1002.qasm
t,random,1010,,2,0,random,10,11,1,31,32,1,4,4,vqc-zfm-realamp,digits01_z_r1_q4_s1,digits01,z,1,digits01_z_r1_q4_s1__t_random_s1010.qasm
t,idle,1011,,2,8,idle,10,10,0,31,32,1,4,4,vqc-zfm-realamp,digits01_z_r1_q4_s1,digits01,z,1,digits01_z_r1_q4_s1__t_idle_s1011.qasm
t,controlled,1012,,0,4,interface,10,10,0,31,32,1,4,4,vqc-zfm-realamp,digits01_z_r1_q4_s1,digits01,z,1,digits01_z_r1_q4_s1__t_controlled_s1012.qasm
x,random,1020,,3,5,random,10,11,1,31,32,1,4,4,vqc-zfm-realamp,digits01_z_r1_q4_s1,digits01,z,1,digits01_z_r1_q4_s1__x_random_s1020.qasm
x,idle,1021,,0,5,idle,10,10,0,31,32,1,4,4,vqc-zfm-realamp,digits01_z_r1_q4_s1,digits01,z,1,digits01_z_r1_q4_s1__x_idle_s1021.qasm
x,controlled,1022,,0,4,interface,10,10,0,31,32,1,4,4,vqc-zfm-realamp,digits01_z_r1_q4_s1,digits01,z,1,digits01_z_r1_q4_s1__x_controlled_s1022.qasm
y,random,1030,,1,2,random,10,10,0,31,32,1,4,4,vqc-zfm-realamp,digits01_z_r1_q4_s1,digits01,z,1,digits01_z_r1_q4_s1__y_random_s1030.qasm
y,idle,1031,,2,8,idle,10,10,0,31,32,1,4,4,vqc-zfm-realamp,digits01_z_r1_q4_s1,digits01,z,1,digits01_z_r1_q4_s1__y_idle_s1031.qasm
y,controlled,1032,,0,4,interface,10,10,0,31,32,1,4,4,vqc-zfm-realamp,digits01_z_r1_q4_s1,digits01,z,1,digits01_z_r1_q4_s1__y_controlled_s1032.qasm
z,random,1040,,1,8,random,10,11,1,31,32,1,4,4,vqc-zfm-realamp,digits01_z_r1_q4_s1,digits01,z,1,digits01_z_r1_q4_s1__z_random_s1040.qasm
z,idle,1041,,2,8,idle,10,10,0,31,32,1,4,4,vqc-zfm-realamp,digits01_z_r1_q4_s1,digits01,z,1,digits01_z_r1_q4_s1__z_idle_s1041.qasm
z,controlled,1042,,0,4,interface,10,10,0,31,32,1,4,4,vqc-zfm-realamp,digits01_z_r1_q4_s1,digits01,z,1,digits01_z_r1_q4_s1__z_controlled_s1042.qasm
h,random,2000,,0,5,random,10,10,0,31,32,1,4,4,vqc-zfm-realamp,digits01_z_r1_q4_s2,digits01,z,1,digits01_z_r1_q4_s2__h_random_s2000.qasm
h,idle,2001,,0,5,idle,10,10,0,31,32,1,4,4,vqc-zfm-realamp,digits01_z_r1_q4_s2,digits01,z,1,digits01_z_r1_q4_s2__h_idle_s2001.qasm
h,controlled,2002,,0,4,interface,10,10,0,31,32,1,4,4,vqc-zfm-realamp,digits01_z_r1_q4_s2,digits01,z,1,digits01_z_r1_q4_s2__h_controlled_s2002.qasm
t,random,2010,,3,2,random,10,11,1,31,32,1,4,4,vqc-zfm-realamp,digits01_z_r1_q4_s2,digits01,z,1,digits01_z_r1_q4_s2__t_random_s2010.qasm
t,idle,2011,,3,7,idle,10,10,0,31,32,1,4,4,vqc-zfm-realamp,digits01_z_r1_q4_s2,digits01,z,1,digits01_z_r1_q4_s2__t_idle_s2011.qasm
t,controlled,2012,,0,4,interface,10,10,0,31,32,1,4,4,vqc-zfm-realamp,digits01_z_r1_q4_s2,digits01,z,1,digits01_z_r1_q4_s2__t_controlled_s2012.qasm
x,random,2020,,0,4,random,10,10,0,31,32,1,4,4,vqc-zfm-realamp,digits01_z_r1_q4_s2,digits01,z,1,digits01_z_r1_q4_s2__x_random_s2020.qasm
x,idle,2021,,0,7,idle,10,11,1,31,32,1,4,4,vqc-zfm-realamp,digits01_z_r1_q4_s2,digits01,z,1,digits01_z_r1_q4_s2__x_idle_s2021.qasm
x,controlled,2022,,0,4,interface,10,10,0,31,32,1,4,4,vqc-zfm-realamp,digits01_z_r1_q4_s2,digits01,z,1,digits01_z_r1_q4_s2__x_controlled_s2022.qasm
y,random,2030,,0,3,random,10,10,0,31,32,1,4,4,vqc-zfm-realamp,digits01_z_r1_q4_s2,digits01,z,1,digits01_z_r1_q4_s2__y_random_s2030.qasm
y,idle,2031,,2,8,idle,10,10,0,31,32,1,4,4,vqc-zfm-realamp,digits01_z_r1_q4_s2,digits01,z,1,digits01_z_r1_q4_s2__y_idle_s2031.qasm
y,controlled,2032,,0,4,interface,10,10,0,31,32,1,4,4,vqc-zfm-realamp,digits01_z_r1_q4_s2,digits01,z,1,digits01_z_r1_q4_s2__y_controlled_s2032.qasm
z,random,2040,,2,6,random,10,11,1,31,32,1,4,4,vqc-zfm-realamp,digits01_z_r1_q4_s2,digits01,z,1,digits01_z_r1_q4_s2__z_random_s2040.qasm
z,idle,2041,,1,8,idle,10,11,1,31,32,1,4,4,vqc-zfm-realamp,digits01_z_r1_q4_s2,digits01,z,1,digits01_z_r1_q4_s2__z_idle_s2041.qasm
z,controlled,2042,,0,4,interface,10,10,0,31,32,1,4,4,vqc-zfm-realamp,digits01_z_r1_q4_s2,digits01,z,1,digits01_z_r1_q4_s2__z_controlled_s2042.qasm
h,random,0,,1,7,random,10,11,1,18,19,1,2,2,vqc-zfm-realamp,digits01_z_r2_q2_s0,digits01,z,2,digits01_z_r2_q2_s0__h_random_s0.qasm
h,idle,1,,1,9,idle,10,11,1,18,19,1,2,2,vqc-zfm-realamp,digits01_z_r2_q2_s0,digits01,z,2,digits01_z_r2_q2_s0__h_idle_s1.qasm
h,controlled,2,,0,4,interface,10,11,1,18,19,1,2,2,vqc-zfm-realamp,digits01_z_r2_q2_s0,digits01,z,2,digits01_z_r2_q2_s0__h_controlled_s2.qasm
t,random,10,,1,10,random,10,11,1,18,19,1,2,2,vqc-zfm-realamp,digits01_z_r2_q2_s0,digits01,z,2,digits01_z_r2_q2_s0__t_random_s10.qasm
t,idle,11,,0,9,idle,10,11,1,18,19,1,2,2,vqc-zfm-realamp,digits01_z_r2_q2_s0,digits01,z,2,digits01_z_r2_q2_s0__t_idle_s11.qasm
t,controlled,12,,0,4,interface,10,11,1,18,19,1,2,2,vqc-zfm-realamp,digits01_z_r2_q2_s0,digits01,z,2,digits01_z_r2_q2_s0__t_controlled_s12.qasm
x,random,20,,1,3,random,10,11,1,18,19,1,2,2,vqc-zfm-realamp,digits01_z_r2_q2_s0,digits01,z,2,digits01_z_r2_q2_s0__x_random_s20.qasm
x,idle,21,,1,9,idle,10,11,1,18,19,1,2,2,vqc-zfm-realamp,digits01_z_r2_q2_s0,digits01,z,2,digits01_z_r2_q2_s0__x_idle_s21.qasm
x,controlled,22,,0,4,interface,10,11,1,18,19,1,2,2,vqc-zfm-realamp,digits01_z_r2_q2_s0,digits01,z,2,digits01_z_r2_q2_s0__x_controlled_s22.qasm
y,random,30,,0,2,random,10,11,1,18,19,1,2,2,vqc-zfm-realamp,digits01_z_r2_q2_s0,digits01,z,2,digits01_z_r2_q2_s0__y_random_s30.qasm
y,idle,31,,0,9,idle,10,11,1,18,19,1,2,2,vqc-zfm-realamp,digits01_z_r2_q2_s0,digits01,z,2,digits01_z_r2_q2_s0__y_idle_s31.qasm
y,controlled,32,,0,4,interface,10,11,1,18,19,1,2,2,vqc-zfm-realamp,digits01_z_r2_q2_s0,digits01,z,2,digits01_z_r2_q2_s0__y_controlled_s32.qasm
z,random,40,,1,8,random,10,11,1,18,19,1,2,2,vqc-zfm-realamp,digits01_z_r2_q2_s0,digits01,z,2,digits01_z_r2_q2_s0__z_random_s40.qasm
z,idle,41,,0,9,idle,10,11,1,18,19,1,2,2,vqc-zfm-realamp,digits01_z_r2_q2_s0,digits01,z,2,digits01_z_r2_q2_s0__z_idle_s41.qasm
z,controlled,42,,0,4,interface,10,11,1,18,19,1,2,2,vqc-zfm-realamp,digits01_z_r2_q2_s0,digits01,z,2,digits01_z_r2_q2_s0__z_controlled_s42.qasm
h,random,1000,,0,5,random,10,11,1,18,19,1,2,2,vqc-zfm-realamp,digits01_z_r2_q2_s1,digits01,z,2,digits01_z_r2_q2_s1__h_random_s1000.qasm
h,idle,1001,,1,9,idle,10,11,1,18,19,1,2,2,vqc-zfm-realamp,digits01_z_r2_q2_s1,digits01,z,2,digits01_z_r2_q2_s1__h_idle_s1001.qasm
h,controlled,1002,,0,4,interface,10,11,1,18,19,1,2,2,vqc-zfm-realamp,digits01_z_r2_q2_s1,digits01,z,2,digits01_z_r2_q2_s1__h_controlled_s1002.qasm
t,random,1010,,1,1,random,10,11,1,18,19,1,2,2,vqc-zfm-realamp,digits01_z_r2_q2_s1,digits01,z,2,digits01_z_r2_q2_s1__t_random_s1010.qasm
t,idle,1011,,1,9,idle,10,11,1,18,19,1,2,2,vqc-zfm-realamp,digits01_z_r2_q2_s1,digits01,z,2,digits01_z_r2_q2_s1__t_idle_s1011.qasm
t,controlled,1012,,0,4,interface,10,11,1,18,19,1,2,2,vqc-zfm-realamp,digits01_z_r2_q2_s1,digits01,z,2,digits01_z_r2_q2_s1__t_controlled_s1012.qasm
x,random,1020,,1,6,random,10,11,1,18,19,1,2,2,vqc-zfm-realamp,digits01_z_r2_q2_s1,digits01,z,2,digits01_z_r2_q2_s1__x_random_s1020.qasm
x,idle,1021,,0,9,idle,10,11,1,18,19,1,2,2,vqc-zfm-realamp,digits01_z_r2_q2_s1,digits01,z,2,digits01_z_r2_q2_s1__x_idle_s1021.qasm
x,controlled,1022,,0,4,interface,10,11,1,18,19,1,2,2,vqc-zfm-realamp,digits01_z_r2_q2_s1,digits01,z,2,digits01_z_r2_q2_s1__x_controlled_s1022.qasm
y,random,1030,,0,2,random,10,11,1,18,19,1,2,2,vqc-zfm-realamp,digits01_z_r2_q2_s1,digits01,z,2,digits01_z_r2_q2_s1__y_random_s1030.qasm
y,idle,1031,,1,9,idle,10,11,1,18,19,1,2,2,vqc-zfm-realamp,digits01_z_r2_q2_s1,digits01,z,2,digits01_z_r2_q2_s1__y_idle_s1031.qasm
y,controlled,1032,,0,4,interface,10,11,1,18,19,1,2,2,vqc-zfm-realamp,digits01_z_r2_q2_s1,digits01,z,2,digits01_z_r2_q2_s1__y_controlled_s1032.qasm
z,random,1040,,0,9,random,10,11,1,18,19,1,2,2,vqc-zfm-realamp,digits01_z_r2_q2_s1,digits01,z,2,digits01_z_r2_q2_s1__z_random_s1040.qasm
z,idle,1041,,1,9,idle,10,11,1,18,19,1,2,2,vqc-zfm-realamp,digits01_z_r2_q2_s1,digits01,z,2,digits01_z_r2_q2_s1__z_idle_s1041.qasm
z,controlled,1042,,0,4,interface,10,11,1,18,19,1,2,2,vqc-zfm-realamp,digits01_z_r2_q2_s1,digits01,z,2,digits01_z_r2_q2_s1__z_controlled_s1042.qasm
h,random,2000,,0,6,random,10,11,1,18,19,1,2,2,vqc-zfm-realamp,digits01_z_r2_q2_s2,digits01,z,2,digits01_z_r2_q2_s2__h_random_s2000.qasm
h,idle,2001,,0,9,idle,10,11,1,18,19,1,2,2,vqc-zfm-realamp,digits01_z_r2_q2_s2,digits01,z,2,digits01_z_r2_q2_s2__h_idle_s2001.qasm
h,controlled,2002,,0,4,interface,10,11,1,18,19,1,2,2,vqc-zfm-realamp,digits01_z_r2_q2_s2,digits01,z,2,digits01_z_r2_q2_s2__h_controlled_s2002.qasm
t,random,2010,,1,2,random,10,11,1,18,19,1,2,2,vqc-zfm-realamp,digits01_z_r2_q2_s2,digits01,z,2,digits01_z_r2_q2_s2__t_random_s2010.qasm
t,idle,2011,,0,9,idle,10,11,1,18,19,1,2,2,vqc-zfm-realamp,digits01_z_r2_q2_s2,digits01,z,2,digits01_z_r2_q2_s2__t_idle_s2011.qasm
t,controlled,2012,,0,4,interface,10,11,1,18,19,1,2,2,vqc-zfm-realamp,digits01_z_r2_q2_s2,digits01,z,2,digits01_z_r2_q2_s2__t_controlled_s2012.qasm
x,random,2020,,0,5,random,10,11,1,18,19,1,2,2,vqc-zfm-realamp,digits01_z_r2_q2_s2,digits01,z,2,digits01_z_r2_q2_s2__x_random_s2020.qasm
x,idle,2021,,1,9,idle,10,11,1,18,19,1,2,2,vqc-zfm-realamp,digits01_z_r2_q2_s2,digits01,z,2,digits01_z_r2_q2_s2__x_idle_s2021.qasm
x,controlled,2022,,0,4,interface,10,11,1,18,19,1,2,2,vqc-zfm-realamp,digits01_z_r2_q2_s2,digits01,z,2,digits01_z_r2_q2_s2__x_controlled_s2022.qasm
y,random,2030,,0,4,random,10,11,1,18,19,1,2,2,vqc-zfm-realamp,digits01_z_r2_q2_s2,digits01,z,2,digits01_z_r2_q2_s2__y_random_s2030.qasm
y,idle,2031,,0,9,idle,10,11,1,18,19,1,2,2,vqc-zfm-realamp,digits01_z_r2_q2_s2,digits01,z,2,digits01_z_r2_q2_s2__y_idle_s2031.qasm
y,controlled,2032,,0,4,interface,10,11,1,18,19,1,2,2,vqc-zfm-realamp,digits01_z_r2_q2_s2,digits01,z,2,digits01_z_r2_q2_s2__y_controlled_s2032.qasm
z,random,2040,,1,7,random,10,11,1,18,19,1,2,2,vqc-zfm-realamp,digits01_z_r2_q2_s2,digits01,z,2,digits01_z_r2_q2_s2__z_random_s2040.qasm
z,idle,2041,,0,9,idle,10,11,1,18,19,1,2,2,vqc-zfm-realamp,digits01_z_r2_q2_s2,digits01,z,2,digits01_z_r2_q2_s2__z_idle_s2041.qasm
z,controlled,2042,,0,4,interface,10,11,1,18,19,1,2,2,vqc-zfm-realamp,digits01_z_r2_q2_s2,digits01,z,2,digits01_z_r2_q2_s2__z_controlled_s2042.qasm
h,random,0,,3,7,random,13,13,0,38,39,1,4,4,vqc-zfm-realamp,digits01_z_r2_q4_s0,digits01,z,2,digits01_z_r2_q4_s0__h_random_s0.qasm
h,idle,1,,3,9,idle,13,13,0,38,39,1,4,4,vqc-zfm-realamp,digits01_z_r2_q4_s0,digits01,z,2,digits01_z_r2_q4_s0__h_idle_s1.qasm
h,controlled,2,,0,4,interface,13,13,0,38,39,1,4,4,vqc-zfm-realamp,digits01_z_r2_q4_s0,digits01,z,2,digits01_z_r2_q4_s0__h_controlled_s2.qasm
t,random,10,,3,10,random,13,13,0,38,39,1,4,4,vqc-zfm-realamp,digits01_z_r2_q4_s0,digits01,z,2,digits01_z_r2_q4_s0__t_random_s10.qasm
t,idle,11,,0,5,idle,13,13,0,38,39,1,4,4,vqc-zfm-realamp,digits01_z_r2_q4_s0,digits01,z,2,digits01_z_r2_q4_s0__t_idle_s11.qasm
t,controlled,12,,0,4,interface,13,13,0,38,39,1,4,4,vqc-zfm-realamp,digits01_z_r2_q4_s0,digits01,z,2,digits01_z_r2_q4_s0__t_controlled_s12.qasm
x,random,20,,3,3,random,13,14,1,38,39,1,4,4,vqc-zfm-realamp,digits01_z_r2_q4_s0,digits01,z,2,digits01_z_r2_q4_s0__x_random_s20.qasm
x,idle,21,,0,7,idle,13,13,0,38,39,1,4,4,vqc-zfm-realamp,digits01_z_r2_q4_s0,digits01,z,2,digits01_z_r2_q4_s0__x_idle_s21.qasm
x,controlled,22,,0,4,interface,13,13,0,38,39,1,4,4,vqc-zfm-realamp,digits01_z_r2_q4_s0,digits01,z,2,digits01_z_r2_q4_s0__x_controlled_s22.qasm
y,random,30,,0,2,random,13,13,0,38,39,1,4,4,vqc-zfm-realamp,digits01_z_r2_q4_s0,digits01,z,2,digits01_z_r2_q4_s0__y_random_s30.qasm
y,idle,31,,0,9,idle,13,14,1,38,39,1,4,4,vqc-zfm-realamp,digits01_z_r2_q4_s0,digits01,z,2,digits01_z_r2_q4_s0__y_idle_s31.qasm
y,controlled,32,,0,4,interface,13,13,0,38,39,1,4,4,vqc-zfm-realamp,digits01_z_r2_q4_s0,digits01,z,2,digits01_z_r2_q4_s0__y_controlled_s32.qasm
z,random,40,,2,9,random,13,14,1,38,39,1,4,4,vqc-zfm-realamp,digits01_z_r2_q4_s0,digits01,z,2,digits01_z_r2_q4_s0__z_random_s40.qasm
z,idle,41,,2,11,idle,13,13,0,38,39,1,4,4,vqc-zfm-realamp,digits01_z_r2_q4_s0,digits01,z,2,digits01_z_r2_q4_s0__z_idle_s41.qasm
z,controlled,42,,0,4,interface,13,13,0,38,39,1,4,4,vqc-zfm-realamp,digits01_z_r2_q4_s0,digits01,z,2,digits01_z_r2_q4_s0__z_controlled_s42.qasm
h,random,1000,,0,5,random,13,13,0,38,39,1,4,4,vqc-zfm-realamp,digits01_z_r2_q4_s1,digits01,z,2,digits01_z_r2_q4_s1__h_random_s1000.qasm
h,idle,1001,,2,11,idle,13,13,0,38,39,1,4,4,vqc-zfm-realamp,digits01_z_r2_q4_s1,digits01,z,2,digits01_z_r2_q4_s1__h_idle_s1001.qasm
h,controlled,1002,,0,4,interface,13,13,0,38,39,1,4,4,vqc-zfm-realamp,digits01_z_r2_q4_s1,digits01,z,2,digits01_z_r2_q4_s1__h_controlled_s1002.qasm
t,random,1010,,2,1,random,13,14,1,38,39,1,4,4,vqc-zfm-realamp,digits01_z_r2_q4_s1,digits01,z,2,digits01_z_r2_q4_s1__t_random_s1010.qasm
t,idle,1011,,0,7,idle,13,13,0,38,39,1,4,4,vqc-zfm-realamp,digits01_z_r2_q4_s1,digits01,z,2,digits01_z_r2_q4_s1__t_idle_s1011.qasm
t,controlled,1012,,0,4,interface,13,13,0,38,39,1,4,4,vqc-zfm-realamp,digits01_z_r2_q4_s1,digits01,z,2,digits01_z_r2_q4_s1__t_controlled_s1012.qasm
x,random,1020,,3,6,random,13,13,0,38,39,1,4,4,vqc-zfm-realamp,digits01_z_r2_q4_s1,digits01,z,2,digits01_z_r2_q4_s1__x_random_s1020.qasm
x,idle,1021,,0,5,idle,13,13,0,38,39,1,4,4,vqc-zfm-realamp,digits01_z_r2_q4_s1,digits01,z,2,digits01_z_r2_q4_s1__x_idle_s1021.qasm
x,controlled,1022,,0,4,interface,13,13,0,38,39,1,4,4,vqc-zfm-realamp,digits01_z_r2_q4_s1,digits01,z,2,digits01_z_r2_q4_s1__x_controlled_s1022.qasm
y,random,1030,,1,3,random,13,13,0,38,39,1,4,4,vqc-zfm-realamp,digits01_z_r2_q4_s1,digits01,z,2,digits01_z_r2_q4_s1__y_random_s1030.qasm
y,idle,1031,,2,11,idle,13,13,0,38,39,1,4,4,vqc-zfm-realamp,digits01_z_r2_q4_s1,digits01,z,2,digits01_z_r2_q4_s1__y_idle_s1031.qasm
y,controlled,1032,,0,4,interface,13,13,0,38,39,1,4,4,vqc-zfm-realamp,digits01_z_r2_q4_s1,digits01,z,2,digits01_z_r2_q4_s1__y_controlled_s1032.qasm
z,random,1040,,1,10,random,13,14,1,38,39,1,4,4,vqc-zfm-realamp,digits01_z_r2_q4_s1,digits01,z,2,digits01_z_r2_q4_s1__z_random_s1040.qasm
z,idle,1041,,2,11,idle,13,13,0,38,39,1,4,4,vqc-zfm-realamp,digits01_z_r2_q4_s1,digits01,z,2,digits01_z_r2_q4_s1__z_idle_s1041.qasm
z,controlled,1042,,0,4,interface,13,13,0,38,39,1,4,4,vqc-zfm-realamp,digits01_z_r2_q4_s1,digits01,z,2,digits01_z_r2_q4_s1__z_controlled_s1042.qasm
h,random,2000,,0,6,random,13,13,0,38,39,1,4,4,vqc-zfm-realamp,digits01_z_r2_q4_s2,digits01,z,2,digits01_z_r2_q4_s2__h_random_s2000.qasm
h,idle,2001,,0,5,idle,13,13,0,38,39,1,4,4,vqc-zfm-realamp,digits01_z_r2_q4_s2,digits01,z,2,digits01_z_r2_q4_s2__h_idle_s2001.qasm
h,controlled,2002,,0,4,interface,13,13,0,38,39,1,4,4,vqc-zfm-realamp,digits01_z_r2_q4_s2,digits01,z,2,digits01_z_r2_q4_s2__h_controlled_s2002.qasm
t,random,2010,,3,2,random,13,14,1,38,39,1,4,4,vqc-zfm-realamp,digits01_z_r2_q4_s2,digits01,z,2,digits01_z_r2_q4_s2__t_random_s2010.qasm
t,idle,2011,,3,9,idle,13,13,0,38,39,1,4,4,vqc-zfm-realamp,digits01_z_r2_q4_s2,digits01,z,2,digits01_z_r2_q4_s2__t_idle_s2011.qasm
t,controlled,2012,,0,4,interface,13,13,0,38,39,1,4,4,vqc-zfm-realamp,digits01_z_r2_q4_s2,digits01,z,2,digits01_z_r2_q4_s2__t_controlled_s2012.qasm
x,random,2020,,0,5,random,13,13,0,38,39,1,4,4,vqc-zfm-realamp,digits01_z_r2_q4_s2,digits01,z,2,digits01_z_r2_q4_s2__x_random_s2020.qasm
x,idle,2021,,0,9,idle,13,14,1,38,39,1,4,4,vqc-zfm-realamp,digits01_z_r2_q4_s2,digits01,z,2,digits01_z_r2_q4_s2__x_idle_s2021.qasm
x,controlled,2022,,0,4,interface,13,13,0,38,39,1,4,4,vqc-zfm-realamp,digits01_z_r2_q4_s2,digits01,z,2,digits01_z_r2_q4_s2__x_controlled_s2022.qasm
y,random,2030,,0,4,random,13,13,0,38,39,1,4,4,vqc-zfm-realamp,digits01_z_r2_q4_s2,digits01,z,2,digits01_z_r2_q4_s2__y_random_s2030.qasm
y,idle,2031,,1,11,idle,13,14,1,38,39,1,4,4,vqc-zfm-realamp,digits01_z_r2_q4_s2,digits01,z,2,digits01_z_r2_q4_s2__y_idle_s2031.qasm
y,controlled,2032,,0,4,interface,13,13,0,38,39,1,4,4,vqc-zfm-realamp,digits01_z_r2_q4_s2,digits01,z,2,digits01_z_r2_q4_s2__y_controlled_s2032.qasm
z,random,2040,,2,8,random,13,14,1,38,39,1,4,4,vqc-zfm-realamp,digits01_z_r2_q4_s2,digits01,z,2,digits01_z_r2_q4_s2__z_random_s2040.qasm
z,idle,2041,,0,9,idle,13,14,1,38,39,1,4,4,vqc-zfm-realamp,digits01_z_r2_q4_s2,digits01,z,2,digits01_z_r2_q4_s2__z_idle_s2041.qasm
z,controlled,2042,,0,4,interface,13,13,0,38,39,1,4,4,vqc-zfm-realamp,digits01_z_r2_q4_s2,digits01,z,2,digits01_z_r2_q4_s2__z_controlled_s2042.qasm
h,random,0,,1,8,random,12,13,1,21,22,1,2,2,vqc-zfm-realamp,digits01_z_r3_q2_s0,digits01,z,3,digits01_z_r3_q2_s0__h_random_s0.qasm
h,idle,1,,1,11,idle,12,13,1,21,22,1,2,2,vqc-zfm-realamp,digits01_z_r3_q2_s0,digits01,z,3,digits01_z_r3_q2_s0__h_idle_s1.qasm
h,controlled,2,,0,4,interface,12,13,1,21,22,1,2,2,vqc-zfm-realamp,digits01_z_r3_q2_s0,digits01,z,3,digits01_z_r3_q2_s0__h_controlled_s2.qasm
t,random,10,,1,12,random,12,13,1,21,22,1,2,2,vqc-zfm-realamp,digits01_z_r3_q2_s0,digits01,z,3,digits01_z_r3_q2_s0__t_random_s10.qasm
t,idle,11,,0,11,idle,12,13,1,21,22,1,2,2,vqc-zfm-realamp,digits01_z_r3_q2_s0,digits01,z,3,digits01_z_r3_q2_s0__t_idle_s11.qasm
t,controlled,12,,0,4,interface,12,13,1,21,22,1,2,2,vqc-zfm-realamp,digits01_z_r3_q2_s0,digits01,z,3,digits01_z_r3_q2_s0__t_controlled_s12.qasm
x,random,20,,1,3,random,12,13,1,21,22,1,2,2,vqc-zfm-realamp,digits01_z_r3_q2_s0,digits01,z,3,digits01_z_r3_q2_s0__x_random_s20.qasm
x,idle,21,,1,11,idle,12,13,1,21,22,1,2,2,vqc-zfm-realamp,digits01_z_r3_q2_s0,digits01,z,3,digits01_z_r3_q2_s0__x_idle_s21.qasm
x,controlled,22,,0,4,interface,12,13,1,21,22,1,2,2,vqc-zfm-realamp,digits01_z_r3_q2_s0,digits01,z,3,digits01_z_r3_q2_s0__x_controlled_s22.qasm
y,random,30,,0,3,random,12,13,1,21,22,1,2,2,vqc-zfm-realamp,digits01_z_r3_q2_s0,digits01,z,3,digits01_z_r3_q2_s0__y_random_s30.qasm
y,idle,31,,0,11,idle,12,13,1,21,22,1,2,2,vqc-zfm-realamp,digits01_z_r3_q2_s0,digits01,z,3,digits01_z_r3_q2_s0__y_idle_s31.qasm
y,controlled,32,,0,4,interface,12,13,1,21,22,1,2,2,vqc-zfm-realamp,digits01_z_r3_q2_s0,digits01,z,3,digits01_z_r3_q2_s0__y_controlled_s32.qasm
z,random,40,,1,9,random,12,13,1,21,22,1,2,2,vqc-zfm-realamp,digits01_z_r3_q2_s0,digits01,z,3,digits01_z_r3_q2_s0__z_random_s40.qasm
z,idle,41,,0,11,idle,12,13,1,21,22,1,2,2,vqc-zfm-realamp,digits01_z_r3_q2_s0,digits01,z,3,digits01_z_r3_q2_s0__z_idle_s41.qasm
z,controlled,42,,0,4,interface,12,13,1,21,22,1,2,2,vqc-zfm-realamp,digits01_z_r3_q2_s0,digits01,z,3,digits01_z_r3_q2_s0__z_controlled_s42.qasm
h,random,1000,,0,6,random,12,13,1,21,22,1,2,2,vqc-zfm-realamp,digits01_z_r3_q2_s1,digits01,z,3,digits01_z_r3_q2_s1__h_random_s1000.qasm
h,idle,1001,,1,11,idle,12,13,1,21,22,1,2,2,vqc-zfm-realamp,digits01_z_r3_q2_s1,digits01,z,3,digits01_z_r3_q2_s1__h_idle_s1001.qasm
h,controlled,1002,,0,4,interface,12,13,1,21,22,1,2,2,vqc-zfm-realamp,digits01_z_r3_q2_s1,digits01,z,3,digits01_z_r3_q2_s1__h_controlled_s1002.qasm
t,random,1010,,1,1,random,12,13,1,21,22,1,2,2,vqc-zfm-realamp,digits01_z_r3_q2_s1,digits01,z,3,digits01_z_r3_q2_s1__t_random_s1010.qasm
t,idle,1011,,1,11,idle,12,13,1,21,22,1,2,2,vqc-zfm-realamp,digits01_z_r3_q2_s1,digits01,z,3,digits01_z_r3_q2_s1__t_idle_s1011.qasm
t,controlled,1012,,0,4,interface,12,13,1,21,22,1,2,2,vqc-zfm-realamp,digits01_z_r3_q2_s1,digits01,z,3,digits01_z_r3_q2_s1__t_controlled_s1012.qasm
x,random,1020,,1,7,random,12,13,1,21,22,1,2,2,vqc-zfm-realamp,digits01_z_r3_q2_s1,digits01,z,3,digits01_z_r3_q2_s1__x_random_s1020.qasm
x,idle,1021,,0,11,idle,12,13,1,21,22,1,2,2,vqc-zfm-realamp,digits01_z_r3_q2_s1,digits01,z,3,digits01_z_r3_q2_s1__x_idle_s1021.qasm
x,controlled,1022,,0,4,interface,12,13,1,21,22,1,2,2,vqc-zfm-realamp,digits01_z_r3_q2_s1,digits01,z,3,digits01_z_r3_q2_s1__x_controlled_s1022.qasm
y,random,1030,,0,3,random,12,13,1,21,22,1,2,2,vqc-zfm-realamp,digits01_z_r3_q2_s1,digits01,z,3,digits01_z_r3_q2_s1__y_random_s1030.qasm
y,idle,1031,,1,11,idle,12,13,1,21,22,1,2,2,vqc-zfm-realamp,digits01_z_r3_q2_s1,digits01,z,3,digits01_z_r3_q2_s1__y_idle_s1031.qasm
y,controlled,1032,,0,4,interface,12,13,1,21,22,1,2,2,vqc-zfm-realamp,digits01_z_r3_q2_s1,digits01,z,3,digits01_z_r3_q2_s1__y_controlled_s1032.qasm
z,random,1040,,0,10,random,12,13,1,21,22,1,2,2,vqc-zfm-realamp,digits01_z_r3_q2_s1,digits01,z,3,digits01_z_r3_q2_s1__z_random_s1040.qasm
z,idle,1041,,1,11,idle,12,13,1,21,22,1,2,2,vqc-zfm-realamp,digits01_z_r3_q2_s1,digits01,z,3,digits01_z_r3_q2_s1__z_idle_s1041.qasm
z,controlled,1042,,0,4,interface,12,13,1,21,22,1,2,2,vqc-zfm-realamp,digits01_z_r3_q2_s1,digits01,z,3,digits01_z_r3_q2_s1__z_controlled_s1042.qasm
h,random,2000,,0,7,random,12,13,1,21,22,1,2,2,vqc-zfm-realamp,digits01_z_r3_q2_s2,digits01,z,3,digits01_z_r3_q2_s2__h_random_s2000.qasm
h,idle,2001,,0,11,idle,12,13,1,21,22,1,2,2,vqc-zfm-realamp,digits01_z_r3_q2_s2,digits01,z,3,digits01_z_r3_q2_s2__h_idle_s2001.qasm
h,controlled,2002,,0,4,interface,12,13,1,21,22,1,2,2,vqc-zfm-realamp,digits01_z_r3_q2_s2,digits01,z,3,digits01_z_r3_q2_s2__h_controlled_s2002.qasm
t,random,2010,,1,3,random,12,13,1,21,22,1,2,2,vqc-zfm-realamp,digits01_z_r3_q2_s2,digits01,z,3,digits01_z_r3_q2_s2__t_random_s2010.qasm
t,idle,2011,,0,11,idle,12,13,1,21,22,1,2,2,vqc-zfm-realamp,digits01_z_r3_q2_s2,digits01,z,3,digits01_z_r3_q2_s2__t_idle_s2011.qasm
t,controlled,2012,,0,4,interface,12,13,1,21,22,1,2,2,vqc-zfm-realamp,digits01_z_r3_q2_s2,digits01,z,3,digits01_z_r3_q2_s2__t_controlled_s2012.qasm
x,random,2020,,0,6,random,12,13,1,21,22,1,2,2,vqc-zfm-realamp,digits01_z_r3_q2_s2,digits01,z,3,digits01_z_r3_q2_s2__x_random_s2020.qasm
x,idle,2021,,1,11,idle,12,13,1,21,22,1,2,2,vqc-zfm-realamp,digits01_z_r3_q2_s2,digits01,z,3,digits01_z_r3_q2_s2__x_idle_s2021.qasm
x,controlled,2022,,0,4,interface,12,13,1,21,22,1,2,2,vqc-zfm-realamp,digits01_z_r3_q2_s2,digits01,z,3,digits01_z_r3_q2_s2__x_controlled_s2022.qasm
y,random,2030,,0,5,random,12,13,1,21,22,1,2,2,vqc-zfm-realamp,digits01_z_r3_q2_s2,digits01,z,3,digits01_z_r3_q2_s2__y_random_s2030.qasm
y,idle,2031,,0,11,idle,12,13,1,21,22,1,2,2,vqc-zfm-realamp,digits01_z_r3_q2_s2,digits01,z,3,digits01_z_r3_q2_s2__y_idle_s2031.qasm
y,controlled,2032,,0,4,interface,12,13,1,21,22,1,2,2,vqc-zfm-realamp,digits01_z_r3_q2_s2,digits01,z,3,digits01_z_r3_q2_s2__y_controlled_s2032.qasm
z,random,2040,,1,8,random,12,13,1,21,22,1,2,2,vqc-zfm-realamp,digits01_z_r3_q2_s2,digits01,z,3,digits01_z_r3_q2_s2__z_random_s2040.qasm
z,idle,2041,,0,11,idle,12,13,1,21,22,1,2,2,vqc-zfm-realamp,digits01_z_r3_q2_s2,digits01,z,3,digits01_z_r3_q2_s2__z_idle_s2041.qasm
z,controlled,2042,,0,4,interface,12,13,1,21,22,1,2,2,vqc-zfm-realamp,digits01_z_r3_q2_s2,digits01,z,3,digits01_z_r3_q2_s2__z_controlled_s2042.qasm
h,random,0,,3,8,random,16,16,0,45,46,1,4,4,vqc-zfm-realamp,digits01_z_r3_q4_s0,digits01,z,3,digits01_z_r3_q4_s0__h_random_s0.qasm
h,idle,1,,2,14,idle,16,16,0,45,46,1,4,4,vqc-zfm-realamp,digits01_z_r3_q4_s0,digits01,z,3,digits01_z_r3_q4_s0__h_idle_s1.qasm
h,controlled,2,,0,4,interface,16,16,0,45,46,1,4,4,vqc-zfm-realamp,digits01_z_r3_q4_s0,digits01,z,3,digits01_z_r3_q4_s0__h_controlled_s2.qasm
t,random,10,,3,12,random,16,16,0,45,46,1,4,4,vqc-zfm-realamp,digits01_z_r3_q4_s0,digits01,z,3,digits01_z_r3_q4_s0__t_random_s10.qasm
t,idle,11,,0,5,idle,16,16,0,45,46,1,4,4,vqc-zfm-realamp,digits01_z_r3_q4_s0,digits01,z,3,digits01_z_r3_q4_s0__t_idle_s11.qasm
t,controlled,12,,0,4,interface,16,16,0,45,46,1,4,4,vqc-zfm-realamp,digits01_z_r3_q4_s0,digits01,z,3,digits01_z_r3_q4_s0__t_controlled_s12.qasm
x,random,20,,3,3,random,16,17,1,45,46,1,4,4,vqc-zfm-realamp,digits01_z_r3_q4_s0,digits01,z,3,digits01_z_r3_q4_s0__x_random_s20.qasm
x,idle,21,,3,9,idle,16,16,0,45,46,1,4,4,vqc-zfm-realamp,digits01_z_r3_q4_s0,digits01,z,3,digits01_z_r3_q4_s0__x_idle_s21.qasm
x,controlled,22,,0,4,interface,16,16,0,45,46,1,4,4,vqc-zfm-realamp,digits01_z_r3_q4_s0,digits01,z,3,digits01_z_r3_q4_s0__x_controlled_s22.qasm
y,random,30,,0,3,random,16,16,0,45,46,1,4,4,vqc-zfm-realamp,digits01_z_r3_q4_s0,digits01,z,3,digits01_z_r3_q4_s0__y_random_s30.qasm
y,idle,31,,3,11,idle,16,16,0,45,46,1,4,4,vqc-zfm-realamp,digits01_z_r3_q4_s0,digits01,z,3,digits01_z_r3_q4_s0__y_idle_s31.qasm
y,controlled,32,,0,4,interface,16,16,0,45,46,1,4,4,vqc-zfm-realamp,digits01_z_r3_q4_s0,digits01,z,3,digits01_z_r3_q4_s0__y_controlled_s32.qasm
z,random,40,,2,11,random,16,17,1,45,46,1,4,4,vqc-zfm-realamp,digits01_z_r3_q4_s0,digits01,z,3,digits01_z_r3_q4_s0__z_random_s40.qasm
z,idle,41,,1,14,idle,16,17,1,45,46,1,4,4,vqc-zfm-realamp,digits01_z_r3_q4_s0,digits01,z,3,digits01_z_r3_q4_s0__z_idle_s41.qasm
z,controlled,42,,0,4,interface,16,16,0,45,46,1,4,4,vqc-zfm-realamp,digits01_z_r3_q4_s0,digits01,z,3,digits01_z_r3_q4_s0__z_controlled_s42.qasm
h,random,1000,,0,6,random,16,16,0,45,46,1,4,4,vqc-zfm-realamp,digits01_z_r3_q4_s1,digits01,z,3,digits01_z_r3_q4_s1__h_random_s1000.qasm
h,idle,1001,,2,14,idle,16,16,0,45,46,1,4,4,vqc-zfm-realamp,digits01_z_r3_q4_s1,digits01,z,3,digits01_z_r3_q4_s1__h_idle_s1001.qasm
h,controlled,1002,,0,4,interface,16,16,0,45,46,1,4,4,vqc-zfm-realamp,digits01_z_r3_q4_s1,digits01,z,3,digits01_z_r3_q4_s1__h_controlled_s1002.qasm
t,random,1010,,2,1,random,16,17,1,45,46,1,4,4,vqc-zfm-realamp,digits01_z_r3_q4_s1,digits01,z,3,digits01_z_r3_q4_s1__t_random_s1010.qasm
t,idle,1011,,3,9,idle,16,16,0,45,46,1,4,4,vqc-zfm-realamp,digits01_z_r3_q4_s1,digits01,z,3,digits01_z_r3_q4_s1__t_idle_s1011.qasm
t,controlled,1012,,0,4,interface,16,16,0,45,46,1,4,4,vqc-zfm-realamp,digits01_z_r3_q4_s1,digits01,z,3,digits01_z_r3_q4_s1__t_controlled_s1012.qasm
x,random,1020,,3,7,random,16,16,0,45,46,1,4,4,vqc-zfm-realamp,digits01_z_r3_q4_s1,digits01,z,3,digits01_z_r3_q4_s1__x_random_s1020.qasm
x,idle,1021,,3,7,idle,16,16,0,45,46,1,4,4,vqc-zfm-realamp,digits01_z_r3_q4_s1,digits01,z,3,digits01_z_r3_q4_s1__x_idle_s1021.qasm
x,controlled,1022,,0,4,interface,16,16,0,45,46,1,4,4,vqc-zfm-realamp,digits01_z_r3_q4_s1,digits01,z,3,digits01_z_r3_q4_s1__x_controlled_s1022.qasm
y,random,1030,,1,3,random,16,16,0,45,46,1,4,4,vqc-zfm-realamp,digits01_z_r3_q4_s1,digits01,z,3,digits01_z_r3_q4_s1__y_random_s1030.qasm
y,idle,1031,,2,14,idle,16,16,0,45,46,1,4,4,vqc-zfm-realamp,digits01_z_r3_q4_s1,digits01,z,3,digits01_z_r3_q4_s1__y_idle_s1031.qasm
y,controlled,1032,,0,4,interface,16,16,0,45,46,1,4,4,vqc-zfm-realamp,digits01_z_r3_q4_s1,digits01,z,3,digits01_z_r3_q4_s1__y_controlled_s1032.qasm
z,random,1040,,1,13,random,16,17,1,45,46,1,4,4,vqc-zfm-realamp,digits01_z_r3_q4_s1,digits01,z,3,digits01_z_r3_q4_s1__z_random_s1040.qasm
z,idle,1041,,1,14,idle,16,17,1,45,46,1,4,4,vqc-zfm-realamp,digits01_z_r3_q4_s1,digits01,z,3,digits01_z_r3_q4_s1__z_idle_s1041.qasm
z,controlled,1042,,0,4,interface,16,16,0,45,46,1,4,4,vqc-zfm-realamp,digits01_z_r3_q4_s1,digits01,z,3,digits01_z_r3_q4_s1__z_controlled_s1042.qasm
h,random,2000,,0,7,random,16,16,0,45,46,1,4,4,vqc-zfm-realamp,digits01_z_r3_q4_s2,digits01,z,3,digits01_z_r3_q4_s2__h_random_s2000.qasm
h,idle,2001,,0,5,idle,16,16,0,45,46,1,4,4,vqc-zfm-realamp,digits01_z_r3_q4_s2,digits01,z,3,digits01_z_r3_q4_s2__h_idle_s2001.qasm
h,controlled,2002,,0,4,interface,16,16,0,45,46,1,4,4,vqc-zfm-realamp,digits01_z_r3_q4_s2,digits01,z,3,digits01_z_r3_q4_s2__h_controlled_s2002.qasm
t,random,2010,,3,3,random,16,17,1,45,46,1,4,4,vqc-zfm-realamp,digits01_z_r3_q4_s2,digits01,z,3,digits01_z_r3_q4_s2__t_random_s2010.qasm
t,idle,2011,,2,14,idle,16,16,0,45,46,1,4,4,vqc-zfm-realamp,digits01_z_r3_q4_s2,digits01,z,3,digits01_z_r3_q4_s2__t_idle_s2011.qasm
t,controlled,2012,,0,4,interface,16,16,0,45,46,1,4,4,vqc-zfm-realamp,digits01_z_r3_q4_s2,digits01,z,3,digits01_z_r3_q4_s2__t_controlled_s2012.qasm
x,random,2020,,0,6,random,16,16,0,45,46,1,4,4,vqc-zfm-realamp,digits01_z_r3_q4_s2,digits01,z,3,digits01_z_r3_q4_s2__x_random_s2020.qasm
x,idle,2021,,3,11,idle,16,16,0,45,46,1,4,4,vqc-zfm-realamp,digits01_z_r3_q4_s2,digits01,z,3,digits01_z_r3_q4_s2__x_idle_s2021.qasm
x,controlled,2022,,0,4,interface,16,16,0,45,46,1,4,4,vqc-zfm-realamp,digits01_z_r3_q4_s2,digits01,z,3,digits01_z_r3_q4_s2__x_controlled_s2022.qasm
y,random,2030,,0,5,random,16,16,0,45,46,1,4,4,vqc-zfm-realamp,digits01_z_r3_q4_s2,digits01,z,3,digits01_z_r3_q4_s2__y_random_s2030.qasm
y,idle,2031,,0,11,idle,16,17,1,45,46,1,4,4,vqc-zfm-realamp,digits01_z_r3_q4_s2,digits01,z,3,digits01_z_r3_q4_s2__y_idle_s2031.qasm
y,controlled,2032,,0,4,interface,16,16,0,45,46,1,4,4,vqc-zfm-realamp,digits01_z_r3_q4_s2,digits01,z,3,digits01_z_r3_q4_s2__y_controlled_s2032.qasm
z,random,2040,,2,11,random,16,17,1,45,46,1,4,4,vqc-zfm-realamp,digits01_z_r3_q4_s2,digits01,z,3,digits01_z_r3_q4_s2__z_random_s2040.qasm
z,idle,2041,,3,11,idle,16,16,0,45,46,1,4,4,vqc-zfm-realamp,digits01_z_r3_q4_s2,digits01,z,3,digits01_z_r3_q4_s2__z_idle_s2041.qasm
z,controlled,2042,,0,4,interface,16,16,0,45,46,1,4,4,vqc-zfm-realamp,digits01_z_r3_q4_s2,digits01,z,3,digits01_z_r3_q4_s2__z_controlled_s2042.qasm
h,random,0,,1,9,random,14,15,1,21,22,1,2,2,vqc-zzfm-realamp,digits01_zz_r1_q2_s0,digits01,zz,1,digits01_zz_r1_q2_s0__h_random_s0.qasm
h,idle,1,,0,11,idle,14,15,1,21,22,1,2,2,vqc-zzfm-realamp,digits01_zz_r1_q2_s0,digits01,zz,1,digits01_zz_r1_q2_s0__h_idle_s1.qasm
h,controlled,2,,0,8,interface,14,15,1,21,22,1,2,2,vqc-zzfm-realamp,digits01_zz_r1_q2_s0,digits01,zz,1,digits01_zz_r1_q2_s0__h_controlled_s2.qasm
t,random,10,,1,14,random,14,15,1,21,22,1,2,2,vqc-zzfm-realamp,digits01_zz_r1_q2_s0,digits01,zz,1,digits01_zz_r1_q2_s0__t_random_s10.qasm
t,idle,11,,0,3,idle,14,14,0,21,22,1,2,2,vqc-zzfm-realamp,digits01_zz_r1_q2_s0,digits01,zz,1,digits01_zz_r1_q2_s0__t_idle_s11.qasm
t,controlled,12,,0,8,interface,14,15,1,21,22,1,2,2,vqc-zzfm-realamp,digits01_zz_r1_q2_s0,digits01,zz,1,digits01_zz_r1_q2_s0__t_controlled_s12.qasm
x,random,20,,1,4,random,14,15,1,21,22,1,2,2,vqc-zzfm-realamp,digits01_zz_r1_q2_s0,digits01,zz,1,digits01_zz_r1_q2_s0__x_random_s20.qasm
x,idle,21,,0,7,idle,14,14,0,21,22,1,2,2,vqc-zzfm-realamp,digits01_zz_r1_q2_s0,digits01,zz,1,digits01_zz_r1_q2_s0__x_idle_s21.qasm
x,controlled,22,,0,8,interface,14,15,1,21,22,1,2,2,vqc-zzfm-realamp,digits01_zz_r1_q2_s0,digits01,zz,1,digits01_zz_r1_q2_s0__x_controlled_s22.qasm
y,random,30,,0,3,random,14,14,0,21,22,1,2,2,vqc-zzfm-realamp,digits01_zz_r1_q2_s0,digits01,zz,1,digits01_zz_r1_q2_s0__y_random_s30.qasm
y,idle,31,,1,13,idle,14,15,1,21,22,1,2,2,vqc-zzfm-realamp,digits01_zz_r1_q2_s0,digits01,zz,1,digits01_zz_r1_q2_s0__y_idle_s31.qasm
y,controlled,32,,0,8,interface,14,15,1,21,22,1,2,2,vqc-zzfm-realamp,digits01_zz_r1_q2_s0,digits01,zz,1,digits01_zz_r1_q2_s0__y_controlled_s32.qasm
z,random,40,,1,10,random,14,15,1,21,22,1,2,2,vqc-zzfm-realamp,digits01_zz_r1_q2_s0,digits01,zz,1,digits01_zz_r1_q2_s0__z_random_s40.qasm
z,idle,41,,1,13,idle,14,15,1,21,22,1,2,2,vqc-zzfm-realamp,digits01_zz_r1_q2_s0,digits01,zz,1,digits01_zz_r1_q2_s0__z_idle_s41.qasm
z,controlled,42,,0,8,interface,14,15,1,21,22,1,2,2,vqc-zzfm-realamp,digits01_zz_r1_q2_s0,digits01,zz,1,digits01_zz_r1_q2_s0__z_controlled_s42.qasm
h,random,1000,,0,6,random,14,15,1,21,22,1,2,2,vqc-zzfm-realamp,digits01_zz_r1_q2_s1,digits01,zz,1,digits01_zz_r1_q2_s1__h_random_s1000.qasm
h,idle,1001,,1,13,idle,14,15,1,21,22,1,2,2,vqc-zzfm-realamp,digits01_zz_r1_q2_s1,digits01,zz,1,digits01_zz_r1_q2_s1__h_idle_s1001.qasm
h,controlled,1002,,0,8,interface,14,15,1,21,22,1,2,2,vqc-zzfm-realamp,digits01_zz_r1_q2_s1,digits01,zz,1,digits01_zz_r1_q2_s1__h_controlled_s1002.qasm
t,random,1010,,1,1,random,14,15,1,21,22,1,2,2,vqc-zzfm-realamp,digits01_zz_r1_q2_s1,digits01,zz,1,digits01_zz_r1_q2_s1__t_random_s1010.qasm
t,idle,1011,,0,7,idle,14,14,0,21,22,1,2,2,vqc-zzfm-realamp,digits01_zz_r1_q2_s1,digits01,zz,1,digits01_zz_r1_q2_s1__t_idle_s1011.qasm
t,controlled,1012,,0,8,interface,14,15,1,21,22,1,2,2,vqc-zzfm-realamp,digits01_zz_r1_q2_s1,digits01,zz,1,digits01_zz_r1_q2_s1__t_controlled_s1012.qasm
x,random,1020,,1,8,random,14,15,1,21,22,1,2,2,vqc-zzfm-realamp,digits01_zz_r1_q2_s1,digits01,zz,1,digits01_zz_r1_q2_s1__x_random_s1020.qasm
x,idle,1021,,0,7,idle,14,14,0,21,22,1,2,2,vqc-zzfm-realamp,digits01_zz_r1_q2_s1,digits01,zz,1,digits01_zz_r1_q2_s1__x_idle_s1021.qasm
x,controlled,1022,,0,8,interface,14,15,1,21,22,1,2,2,vqc-zzfm-realamp,digits01_zz_r1_q2_s1,digits01,zz,1,digits01_zz_r1_q2_s1__x_controlled_s1022.qasm
y,random,1030,,0,3,random,14,14,0,21,22,1,2,2,vqc-zzfm-realamp,digits01_zz_r1_q2_s1,digits01,zz,1,digits01_zz_r1_q2_s1__y_random_s1030.qasm
y,idle,1031,,1,13,idle,14,15,1,21,22,1,2,2,vqc-zzfm-realamp,digits01_zz_r1_q2_s1,digits01,zz,1,digits01_zz_r1_q2_s1__y_idle_s1031.qasm
y,controlled,1032,,0,8,interface,14,15,1,21,22,1,2,2,vqc-zzfm-realamp,digits01_zz_r1_q2_s1,digits01,zz,1,digits01_zz_r1_q2_s1__y_controlled_s1032.qasm
z,random,1040,,0,10,random,14,15,1,21,22,1,2,2,vqc-zzfm-realamp,digits01_zz_r1_q2_s1,digits01,zz,1,digits01_zz_r1_q2_s1__z_random_s1040.qasm
z,idle,1041,,1,13,idle,14,15,1,21,22,1,2,2,vqc-zzfm-realamp,digits01_zz_r1_q2_s1,digits01,zz,1,digits01_zz_r1_q2_s1__z_idle_s1041.qasm
z,controlled,1042,,0,8,interface,14,15,1,21,22,1,2,2,vqc-zzfm-realamp,digits01_zz_r1_q2_s1,digits01,zz,1,digits01_zz_r1_q2_s1__z_controlled_s1042.qasm
h,random,2000,,0,7,random,14,14,0,21,22,1,2,2,vqc-zzfm-realamp,digits01_zz_r1_q2_s2,digits01,zz,1,digits01_zz_r1_q2_s2__h_random_s2000.qasm
h,idle,2001,,0,3,idle,14,14,0,21,22,1,2,2,vqc-zzfm-realamp,digits01_zz_r1_q2_s2,digits01,zz,1,digits01_zz_r1_q2_s2__h_idle_s2001.qasm
h,controlled,2002,,0,8,interface,14,15,1,21,22,1,2,2,vqc-zzfm-realamp,digits01_zz_r1_q2_s2,digits01,zz,1,digits01_zz_r1_q2_s2__h_controlled_s2002.qasm
t,random,2010,,1,3,random,14,15,1,21,22,1,2,2,vqc-zzfm-realamp,digits01_zz_r1_q2_s2,digits01,zz,1,digits01_zz_r1_q2_s2__t_random_s2010.qasm
t,idle,2011,,0,11,idle,14,15,1,21,22,1,2,2,vqc-zzfm-realamp,digits01_zz_r1_q2_s2,digits01,zz,1,digits01_zz_r1_q2_s2__t_idle_s2011.qasm
t,controlled,2012,,0,8,interface,14,15,1,21,22,1,2,2,vqc-zzfm-realamp,digits01_zz_r1_q2_s2,digits01,zz,1,digits01_zz_r1_q2_s2__t_controlled_s2012.qasm
x,random,2020,,0,6,random,14,15,1,21,22,1,2,2,vqc-zzfm-realamp,digits01_zz_r1_q2_s2,digits01,zz,1,digits01_zz_r1_q2_s2__x_random_s2020.qasm
x,idle,2021,,0,11,idle,14,15,1,21,22,1,2,2,vqc-zzfm-realamp,digits01_zz_r1_q2_s2,digits01,zz,1,digits01_zz_r1_q2_s2__x_idle_s2021.qasm
x,controlled,2022,,0,8,interface,14,15,1,21,22,1,2,2,vqc-zzfm-realamp,digits01_zz_r1_q2_s2,digits01,zz,1,digits01_zz_r1_q2_s2__x_controlled_s2022.qasm
y,random,2030,,0,5,random,14,15,1,21,22,1,2,2,vqc-zzfm-realamp,digits01_zz_r1_q2_s2,digits01,zz,1,digits01_zz_r1_q2_s2__y_random_s2030.qasm
y,idle,2031,,1,13,idle,14,15,1,21,22,1,2,2,vqc-zzfm-realamp,digits01_zz_r1_q2_s2,digits01,zz,1,digits01_zz_r1_q2_s2__y_idle_s2031.qasm
y,controlled,2032,,0,8,interface,14,15,1,21,22,1,2,2,vqc-zzfm-realamp,digits01_zz_r1_q2_s2,digits01,zz,1,digits01_zz_r1_q2_s2__y_controlled_s2032.qasm
z,random,2040,,1,10,random,14,15,1,21,22,1,2,2,vqc-zzfm-realamp,digits01_zz_r1_q2_s2,digits01,zz,1,digits01_zz_r1_q2_s2__z_random_s2040.qasm
z,idle,2041,,1,13,idle,14,15,1,21,22,1,2,2,vqc-zzfm-realamp,digits01_zz_r1_q2_s2,digits01,zz,1,digits01_zz_r1_q2_s2__z_idle_s2041.qasm
z,controlled,2042,,0,8,interface,14,15,1,21,22,1,2,2,vqc-zzfm-realamp,digits01_zz_r1_q2_s2,digits01,zz,1,digits01_zz_r1_q2_s2__z_controlled_s2042.qasm
h,random,0,,3,9,random,25,26,1,49,50,1,4,4,vqc-zzfm-realamp,digits01_zz_r1_q4_s0,digits01,zz,1,digits01_zz_r1_q4_s0__h_random_s0.qasm
h,idle,1,,0,9,idle,25,25,0,49,50,1,4,4,vqc-zzfm-realamp,digits01_zz_r1_q4_s0,digits01,zz,1,digits01_zz_r1_q4_s0__h_idle_s1.qasm
h,controlled,2,,0,8,interface,25,25,0,49,50,1,4,4,vqc-zzfm-realamp,digits01_zz_r1_q4_s0,digits01,zz,1,digits01_zz_r1_q4_s0__h_controlled_s2.qasm
t,random,10,,3,14,random,25,25,0,49,50,1,4,4,vqc-zzfm-realamp,digits01_zz_r1_q4_s0,digits01,zz,1,digits01_zz_r1_q4_s0__t_random_s10.qasm
t,idle,11,,2,2,idle,25,25,0,49,50,1,4,4,vqc-zzfm-realamp,digits01_zz_r1_q4_s0,digits01,zz,1,digits01_zz_r1_q4_s0__t_idle_s11.qasm
t,controlled,12,,0,8,interface,25,25,0,49,50,1,4,4,vqc-zzfm-realamp,digits01_zz_r1_q4_s0,digits01,zz,1,digits01_zz_r1_q4_s0__t_controlled_s12.qasm
x,random,20,,3,4,random,25,26,1,49,50,1,4,4,vqc-zzfm-realamp,digits01_zz_r1_q4_s0,digits01,zz,1,digits01_zz_r1_q4_s0__x_random_s20.qasm
x,idle,21,,0,6,idle,25,25,0,49,50,1,4,4,vqc-zzfm-realamp,digits01_zz_r1_q4_s0,digits01,zz,1,digits01_zz_r1_q4_s0__x_idle_s21.qasm
x,controlled,22,,0,8,interface,25,25,0,49,50,1,4,4,vqc-zzfm-realamp,digits01_zz_r1_q4_s0,digits01,zz,1,digits01_zz_r1_q4_s0__x_controlled_s22.qasm
y,random,30,,0,3,random,25,25,0,49,50,1,4,4,vqc-zzfm-realamp,digits01_zz_r1_q4_s0,digits01,zz,1,digits01_zz_r1_q4_s0__y_random_s30.qasm
y,idle,31,,1,15,idle,25,25,0,49,50,1,4,4,vqc-zzfm-realamp,digits01_zz_r1_q4_s0,digits01,zz,1,digits01_zz_r1_q4_s0__y_idle_s31.qasm
y,controlled,32,,0,8,interface,25,25,0,49,50,1,4,4,vqc-zzfm-realamp,digits01_zz_r1_q4_s0,digits01,zz,1,digits01_zz_r1_q4_s0__y_controlled_s32.qasm
z,random,40,,2,14,random,25,26,1,49,50,1,4,4,vqc-zzfm-realamp,digits01_zz_r1_q4_s0,digits01,zz,1,digits01_zz_r1_q4_s0__z_random_s40.qasm
z,idle,41,,1,15,idle,25,25,0,49,50,1,4,4,vqc-zzfm-realamp,digits01_zz_r1_q4_s0,digits01,zz,1,digits01_zz_r1_q4_s0__z_idle_s41.qasm
z,controlled,42,,0,8,interface,25,25,0,49,50,1,4,4,vqc-zzfm-realamp,digits01_zz_r1_q4_s0,digits01,zz,1,digits01_zz_r1_q4_s0__z_controlled_s42.qasm
h,random,1000,,0,6,random,25,25,0,49,50,1,4,4,vqc-zzfm-realamp,digits01_zz_r1_q4_s1,digits01,zz,1,digits01_zz_r1_q4_s1__h_random_s1000.qasm
h,idle,1001,,3,13,idle,25,25,0,49,50,1,4,4,vqc-zzfm-realamp,digits01_zz_r1_q4_s1,digits01,zz,1,digits01_zz_r1_q4_s1__h_idle_s1001.qasm
h,controlled,1002,,0,8,interface,25,25,0,49,50,1,4,4,vqc-zzfm-realamp,digits01_zz_r1_q4_s1,digits01,zz,1,digits01_zz_r1_q4_s1__h_controlled_s1002.qasm
t,random,1010,,2,1,random,25,25,0,49,50,1,4,4,vqc-zzfm-realamp,digits01_zz_r1_q4_s1,digits01,zz,1,digits01_zz_r1_q4_s1__t_random_s1010.qasm
t,idle,1011,,0,6,idle,25,25,0,49,50,1,4,4,vqc-zzfm-realamp,digits01_zz_r1_q4_s1,digits01,zz,1,digits01_zz_r1_q4_s1__t_idle_s1011.qasm
t,controlled,1012,,0,8,interface,25,25,0,49,50,1,4,4,vqc-zzfm-realamp,digits01_zz_r1_q4_s1,digits01,zz,1,digits01_zz_r1_q4_s1__t_controlled_s1012.qasm
x,random,1020,,3,8,random,25,26,1,49,50,1,4,4,vqc-zzfm-realamp,digits01_zz_r1_q4_s1,digits01,zz,1,digits01_zz_r1_q4_s1__x_random_s1020.qasm
x,idle,1021,,3,2,idle,25,25,0,49,50,1,4,4,vqc-zzfm-realamp,digits01_zz_r1_q4_s1,digits01,zz,1,digits01_zz_r1_q4_s1__x_idle_s1021.qasm
x,controlled,1022,,0,8,interface,25,25,0,49,50,1,4,4,vqc-zzfm-realamp,digits01_zz_r1_q4_s1,digits01,zz,1,digits01_zz_r1_q4_s1__x_controlled_s1022.qasm
y,random,1030,,1,4,random,25,26,1,49,50,1,4,4,vqc-zzfm-realamp,digits01_zz_r1_q4_s1,digits01,zz,1,digits01_zz_r1_q4_s1__y_random_s1030.qasm
y,idle,1031,,3,13,idle,25,25,0,49,50,1,4,4,vqc-zzfm-realamp,digits01_zz_r1_q4_s1,digits01,zz,1,digits01_zz_r1_q4_s1__y_idle_s1031.qasm
y,controlled,1032,,0,8,interface,25,25,0,49,50,1,4,4,vqc-zzfm-realamp,digits01_zz_r1_q4_s1,digits01,zz,1,digits01_zz_r1_q4_s1__y_controlled_s1032.qasm
z,random,1040,,1,16,random,25,26,1,49,50,1,4,4,vqc-zzfm-realamp,digits01_zz_r1_q4_s1,digits01,zz,1,digits01_zz_r1_q4_s1__z_random_s1040.qasm
z,idle,1041,,2,18,idle,25,25,0,49,50,1,4,4,vqc-zzfm-realamp,digits01_zz_r1_q4_s1,digits01,zz,1,digits01_zz_r1_q4_s1__z_idle_s1041.qasm
z,controlled,1042,,0,8,interface,25,25,0,49,50,1,4,4,vqc-zzfm-realamp,digits01_zz_r1_q4_s1,digits01,zz,1,digits01_zz_r1_q4_s1__z_controlled_s1042.qasm
h,random,2000,,0,7,random,25,25,0,49,50,1,4,4,vqc-zzfm-realamp,digits01_zz_r1_q4_s2,digits01,zz,1,digits01_zz_r1_q4_s2__h_random_s2000.qasm
h,idle,2001,,2,2,idle,25,25,0,49,50,1,4,4,vqc-zzfm-realamp,digits01_zz_r1_q4_s2,digits01,zz,1,digits01_zz_r1_q4_s2__h_idle_s2001.qasm
h,controlled,2002,,0,8,interface,25,25,0,49,50,1,4,4,vqc-zzfm-realamp,digits01_zz_r1_q4_s2,digits01,zz,1,digits01_zz_r1_q4_s2__h_controlled_s2002.qasm
t,random,2010,,3,3,random,25,26,1,49,50,1,4,4,vqc-zzfm-realamp,digits01_zz_r1_q4_s2,digits01,zz,1,digits01_zz_r1_q4_s2__t_random_s2010.qasm
t,idle,2011,,1,15,idle,25,25,0,49,50,1,4,4,vqc-zzfm-realamp,digits01_zz_r1_q4_s2,digits01,zz,1,digits01_zz_r1_q4_s2__t_idle_s2011.qasm
t,controlled,2012,,0,8,interface,25,25,0,49,50,1,4,4,vqc-zzfm-realamp,digits01_zz_r1_q4_s2,digits01,zz,1,digits01_zz_r1_q4_s2__t_controlled_s2012.qasm
x,random,2020,,0,6,random,25,25,0,49,50,1,4,4,vqc-zzfm-realamp,digits01_zz_r1_q4_s2,digits01,zz,1,digits01_zz_r1_q4_s2__x_random_s2020.qasm
x,idle,2021,,3,13,idle,25,25,0,49,50,1,4,4,vqc-zzfm-realamp,digits01_zz_r1_q4_s2,digits01,zz,1,digits01_zz_r1_q4_s2__x_idle_s2021.qasm
x,controlled,2022,,0,8,interface,25,25,0,49,50,1,4,4,vqc-zzfm-realamp,digits01_zz_r1_q4_s2,digits01,zz,1,digits01_zz_r1_q4_s2__x_controlled_s2022.qasm
y,random,2030,,0,5,random,25,25,0,49,50,1,4,4,vqc-zzfm-realamp,digits01_zz_r1_q4_s2,digits01,zz,1,digits01_zz_r1_q4_s2__y_random_s2030.qasm
y,idle,2031,,0,9,idle,25,25,0,49,50,1,4,4,vqc-zzfm-realamp,digits01_zz_r1_q4_s2,digits01,zz,1,digits01_zz_r1_q4_s2__y_idle_s2031.qasm
y,controlled,2032,,0,8,interface,25,25,0,49,50,1,4,4,vqc-zzfm-realamp,digits01_zz_r1_q4_s2,digits01,zz,1,digits01_zz_r1_q4_s2__y_controlled_s2032.qasm
z,random,2040,,2,13,random,25,25,0,49,50,1,4,4,vqc-zzfm-realamp,digits01_zz_r1_q4_s2,digits01,zz,1,digits01_zz_r1_q4_s2__z_random_s2040.qasm
z,idle,2041,,0,9,idle,25,25,0,49,50,1,4,4,vqc-zzfm-realamp,digits01_zz_r1_q4_s2,digits01,zz,1,digits01_zz_r1_q4_s2__z_idle_s2041.qasm
z,controlled,2042,,0,8,interface,25,25,0,49,50,1,4,4,vqc-zzfm-realamp,digits01_zz_r1_q4_s2,digits01,zz,1,digits01_zz_r1_q4_s2__z_controlled_s2042.qasm
h,random,0,,1,10,random,16,17,1,24,25,1,2,2,vqc-zzfm-realamp,digits01_zz_r2_q2_s0,digits01,zz,2,digits01_zz_r2_q2_s0__h_random_s0.qasm
h,idle,1,,0,13,idle,16,17,1,24,25,1,2,2,vqc-zzfm-realamp,digits01_zz_r2_q2_s0,digits01,zz,2,digits01_zz_r2_q2_s0__h_idle_s1.qasm
h,controlled,2,,0,8,interface,16,17,1,24,25,1,2,2,vqc-zzfm-realamp,digits01_zz_r2_q2_s0,digits01,zz,2,digits01_zz_r2_q2_s0__h_controlled_s2.qasm
t,random,10,,1,16,random,16,17,1,24,25,1,2,2,vqc-zzfm-realamp,digits01_zz_r2_q2_s0,digits01,zz,2,digits01_zz_r2_q2_s0__t_random_s10.qasm
t,idle,11,,0,3,idle,16,16,0,24,25,1,2,2,vqc-zzfm-realamp,digits01_zz_r2_q2_s0,digits01,zz,2,digits01_zz_r2_q2_s0__t_idle_s11.qasm
t,controlled,12,,0,8,interface,16,17,1,24,25,1,2,2,vqc-zzfm-realamp,digits01_zz_r2_q2_s0,digits01,zz,2,digits01_zz_r2_q2_s0__t_controlled_s12.qasm
x,random,20,,1,4,random,16,17,1,24,25,1,2,2,vqc-zzfm-realamp,digits01_zz_r2_q2_s0,digits01,zz,2,digits01_zz_r2_q2_s0__x_random_s20.qasm
x,idle,21,,0,7,idle,16,16,0,24,25,1,2,2,vqc-zzfm-realamp,digits01_zz_r2_q2_s0,digits01,zz,2,digits01_zz_r2_q2_s0__x_idle_s21.qasm
x,controlled,22,,0,8,interface,16,17,1,24,25,1,2,2,vqc-zzfm-realamp,digits01_zz_r2_q2_s0,digits01,zz,2,digits01_zz_r2_q2_s0__x_controlled_s22.qasm
y,random,30,,0,3,random,16,16,0,24,25,1,2,2,vqc-zzfm-realamp,digits01_zz_r2_q2_s0,digits01,zz,2,digits01_zz_r2_q2_s0__y_random_s30.qasm
y,idle,31,,1,15,idle,16,17,1,24,25,1,2,2,vqc-zzfm-realamp,digits01_zz_r2_q2_s0,digits01,zz,2,digits01_zz_r2_q2_s0__y_idle_s31.qasm
y,controlled,32,,0,8,interface,16,17,1,24,25,1,2,2,vqc-zzfm-realamp,digits01_zz_r2_q2_s0,digits01,zz,2,digits01_zz_r2_q2_s0__y_controlled_s32.qasm
z,random,40,,1,12,random,16,17,1,24,25,1,2,2,vqc-zzfm-realamp,digits01_zz_r2_q2_s0,digits01,zz,2,digits01_zz_r2_q2_s0__z_random_s40.qasm
z,idle,41,,1,15,idle,16,17,1,24,25,1,2,2,vqc-zzfm-realamp,digits01_zz_r2_q2_s0,digits01,zz,2,digits01_zz_r2_q2_s0__z_idle_s41.qasm
z,controlled,42,,0,8,interface,16,17,1,24,25,1,2,2,vqc-zzfm-realamp,digits01_zz_r2_q2_s0,digits01,zz,2,digits01_zz_r2_q2_s0__z_controlled_s42.qasm
h,random,1000,,0,7,random,16,16,0,24,25,1,2,2,vqc-zzfm-realamp,digits01_zz_r2_q2_s1,digits01,zz,2,digits01_zz_r2_q2_s1__h_random_s1000.qasm
h,idle,1001,,1,15,idle,16,17,1,24,25,1,2,2,vqc-zzfm-realamp,digits01_zz_r2_q2_s1,digits01,zz,2,digits01_zz_r2_q2_s1__h_idle_s1001.qasm
h,controlled,1002,,0,8,interface,16,17,1,24,25,1,2,2,vqc-zzfm-realamp,digits01_zz_r2_q2_s1,digits01,zz,2,digits01_zz_r2_q2_s1__h_controlled_s1002.qasm
t,random,1010,,1,1,random,16,17,1,24,25,1,2,2,vqc-zzfm-realamp,digits01_zz_r2_q2_s1,digits01,zz,2,digits01_zz_r2_q2_s1__t_random_s1010.qasm
t,idle,1011,,0,7,idle,16,16,0,24,25,1,2,2,vqc-zzfm-realamp,digits01_zz_r2_q2_s1,digits01,zz,2,digits01_zz_r2_q2_s1__t_idle_s1011.qasm
t,controlled,1012,,0,8,interface,16,17,1,24,25,1,2,2,vqc-zzfm-realamp,digits01_zz_r2_q2_s1,digits01,zz,2,digits01_zz_r2_q2_s1__t_controlled_s1012.qasm
x,random,1020,,1,9,random,16,17,1,24,25,1,2,2,vqc-zzfm-realamp,digits01_zz_r2_q2_s1,digits01,zz,2,digits01_zz_r2_q2_s1__x_random_s1020.qasm
x,idle,1021,,0,7,idle,16,16,0,24,25,1,2,2,vqc-zzfm-realamp,digits01_zz_r2_q2_s1,digits01,zz,2,digits01_zz_r2_q2_s1__x_idle_s1021.qasm
x,controlled,1022,,0,8,interface,16,17,1,24,25,1,2,2,vqc-zzfm-realamp,digits01_zz_r2_q2_s1,digits01,zz,2,digits01_zz_r2_q2_s1__x_controlled_s1022.qasm
y,random,1030,,0,3,random,16,16,0,24,25,1,2,2,vqc-zzfm-realamp,digits01_zz_r2_q2_s1,digits01,zz,2,digits01_zz_r2_q2_s1__y_random_s1030.qasm
y,idle,1031,,1,15,idle,16,17,1,24,25,1,2,2,vqc-zzfm-realamp,digits01_zz_r2_q2_s1,digits01,zz,2,digits01_zz_r2_q2_s1__y_idle_s1031.qasm
y,controlled,1032,,0,8,interface,16,17,1,24,25,1,2,2,vqc-zzfm-realamp,digits01_zz_r2_q2_s1,digits01,zz,2,digits01_zz_r2_q2_s1__y_controlled_s1032.qasm
z,random,1040,,0,12,random,16,17,1,24,25,1,2,2,vqc-zzfm-realamp,digits01_zz_r2_q2_s1,digits01,zz,2,digits01_zz_r2_q2_s1__z_random_s1040.qasm
z,idle,1041,,1,15,idle,16,17,1,24,25,1,2,2,vqc-zzfm-realamp,digits01_zz_r2_q2_s1,digits01,zz,2,digits01_zz_r2_q2_s1__z_idle_s1041.qasm
z,controlled,1042,,0,8,interface,16,17,1,24,25,1,2,2,vqc-zzfm-realamp,digits01_zz_r2_q2_s1,digits01,zz,2,digits01_zz_r2_q2_s1__z_controlled_s1042.qasm
h,random,2000,,0,8,random,16,17,1,24,25,1,2,2,vqc-zzfm-realamp,digits01_zz_r2_q2_s2,digits01,zz,2,digits01_zz_r2_q2_s2__h_random_s2000.qasm
h,idle,2001,,0,3,idle,16,16,0,24,25,1,2,2,vqc-zzfm-realamp,digits01_zz_r2_q2_s2,digits01,zz,2,digits01_zz_r2_q2_s2__h_idle_s2001.qasm
h,controlled,2002,,0,8,interface,16,17,1,24,25,1,2,2,vqc-zzfm-realamp,digits01_zz_r2_q2_s2,digits01,zz,2,digits01_zz_r2_q2_s2__h_controlled_s2002.qasm
t,random,2010,,1,4,random,16,17,1,24,25,1,2,2,vqc-zzfm-realamp,digits01_zz_r2_q2_s2,digits01,zz,2,digits01_zz_r2_q2_s2__t_random_s2010.qasm
t,idle,2011,,0,13,idle,16,17,1,24,25,1,2,2,vqc-zzfm-realamp,digits01_zz_r2_q2_s2,digits01,zz,2,digits01_zz_r2_q2_s2__t_idle_s2011.qasm
t,controlled,2012,,0,8,interface,16,17,1,24,25,1,2,2,vqc-zzfm-realamp,digits01_zz_r2_q2_s2,digits01,zz,2,digits01_zz_r2_q2_s2__t_controlled_s2012.qasm
x,random,2020,,0,7,random,16,16,0,24,25,1,2,2,vqc-zzfm-realamp,digits01_zz_r2_q2_s2,digits01,zz,2,digits01_zz_r2_q2_s2__x_random_s2020.qasm
x,idle,2021,,0,13,idle,16,17,1,24,25,1,2,2,vqc-zzfm-realamp,digits01_zz_r2_q2_s2,digits01,zz,2,digits01_zz_r2_q2_s2__x_idle_s2021.qasm
x,controlled,2022,,0,8,interface,16,17,1,24,25,1,2,2,vqc-zzfm-realamp,digits01_zz_r2_q2_s2,digits01,zz,2,digits01_zz_r2_q2_s2__x_controlled_s2022.qasm
y,random,2030,,0,5,random,16,17,1,24,25,1,2,2,vqc-zzfm-realamp,digits01_zz_r2_q2_s2,digits01,zz,2,digits01_zz_r2_q2_s2__y_random_s2030.qasm
y,idle,2031,,1,15,idle,16,17,1,24,25,1,2,2,vqc-zzfm-realamp,digits01_zz_r2_q2_s2,digits01,zz,2,digits01_zz_r2_q2_s2__y_idle_s2031.qasm
y,controlled,2032,,0,8,interface,16,17,1,24,25,1,2,2,vqc-zzfm-realamp,digits01_zz_r2_q2_s2,digits01,zz,2,digits01_zz_r2_q2_s2__y_controlled_s2032.qasm
z,random,2040,,1,11,random,16,17,1,24,25,1,2,2,vqc-zzfm-realamp,digits01_zz_r2_q2_s2,digits01,zz,2,digits01_zz_r2_q2_s2__z_random_s2040.qasm
z,idle,2041,,1,15,idle,16,17,1,24,25,1,2,2,vqc-zzfm-realamp,digits01_zz_r2_q2_s2,digits01,zz,2,digits01_zz_r2_q2_s2__z_idle_s2041.qasm
z,controlled,2042,,0,8,interface,16,17,1,24,25,1,2,2,vqc-zzfm-realamp,digits01_zz_r2_q2_s2,digits01,zz,2,digits01_zz_r2_q2_s2__z_controlled_s2042.qasm
h,random,0,,3,10,random,28,29,1,56,57,1,4,4,vqc-zzfm-realamp,digits01_zz_r2_q4_s0,digits01,zz,2,digits01_zz_r2_q4_s0__h_random_s0.qasm
h,idle,1,,3,7,idle,28,28,0,56,57,1,4,4,vqc-zzfm-realamp,digits01_zz_r2_q4_s0,digits01,zz,2,digits01_zz_r2_q4_s0__h_idle_s1.qasm
h,controlled,2,,0,8,interface,28,28,0,56,57,1,4,4,vqc-zzfm-realamp,digits01_zz_r2_q4_s0,digits01,zz,2,digits01_zz_r2_q4_s0__h_controlled_s2.qasm
t,random,10,,3,16,random,28,28,0,56,57,1,4,4,vqc-zzfm-realamp,digits01_zz_r2_q4_s0,digits01,zz,2,digits01_zz_r2_q4_s0__t_random_s10.qasm
t,idle,11,,3,2,idle,28,28,0,56,57,1,4,4,vqc-zzfm-realamp,digits01_zz_r2_q4_s0,digits01,zz,2,digits01_zz_r2_q4_s0__t_idle_s11.qasm
t,controlled,12,,0,8,interface,28,28,0,56,57,1,4,4,vqc-zzfm-realamp,digits01_zz_r2_q4_s0,digits01,zz,2,digits01_zz_r2_q4_s0__t_controlled_s12.qasm
x,random,20,,3,4,random,28,29,1,56,57,1,4,4,vqc-zzfm-realamp,digits01_zz_r2_q4_s0,digits01,zz,2,digits01_zz_r2_q4_s0__x_random_s20.qasm
x,idle,21,,0,6,idle,28,28,0,56,57,1,4,4,vqc-zzfm-realamp,digits01_zz_r2_q4_s0,digits01,zz,2,digits01_zz_r2_q4_s0__x_idle_s21.qasm
x,controlled,22,,0,8,interface,28,28,0,56,57,1,4,4,vqc-zzfm-realamp,digits01_zz_r2_q4_s0,digits01,zz,2,digits01_zz_r2_q4_s0__x_controlled_s22.qasm
y,random,30,,0,3,random,28,28,0,56,57,1,4,4,vqc-zzfm-realamp,digits01_zz_r2_q4_s0,digits01,zz,2,digits01_zz_r2_q4_s0__y_random_s30.qasm
y,idle,31,,2,13,idle,28,28,0,56,57,1,4,4,vqc-zzfm-realamp,digits01_zz_r2_q4_s0,digits01,zz,2,digits01_zz_r2_q4_s0__y_idle_s31.qasm
y,controlled,32,,0,8,interface,28,28,0,56,57,1,4,4,vqc-zzfm-realamp,digits01_zz_r2_q4_s0,digits01,zz,2,digits01_zz_r2_q4_s0__y_controlled_s32.qasm
z,random,40,,2,16,random,28,29,1,56,57,1,4,4,vqc-zzfm-realamp,digits01_zz_r2_q4_s0,digits01,zz,2,digits01_zz_r2_q4_s0__z_random_s40.qasm
z,idle,41,,0,9,idle,28,28,0,56,57,1,4,4,vqc-zzfm-realamp,digits01_zz_r2_q4_s0,digits01,zz,2,digits01_zz_r2_q4_s0__z_idle_s41.qasm
z,controlled,42,,0,8,interface,28,28,0,56,57,1,4,4,vqc-zzfm-realamp,digits01_zz_r2_q4_s0,digits01,zz,2,digits01_zz_r2_q4_s0__z_controlled_s42.qasm
h,random,1000,,0,7,random,28,28,0,56,57,1,4,4,vqc-zzfm-realamp,digits01_zz_r2_q4_s1,digits01,zz,2,digits01_zz_r2_q4_s1__h_random_s1000.qasm
h,idle,1001,,3,15,idle,28,28,0,56,57,1,4,4,vqc-zzfm-realamp,digits01_zz_r2_q4_s1,digits01,zz,2,digits01_zz_r2_q4_s1__h_idle_s1001.qasm
h,controlled,1002,,0,8,interface,28,28,0,56,57,1,4,4,vqc-zzfm-realamp,digits01_zz_r2_q4_s1,digits01,zz,2,digits01_zz_r2_q4_s1__h_controlled_s1002.qasm
t,random,1010,,2,2,random,28,28,0,56,57,1,4,4,vqc-zzfm-realamp,digits01_zz_r2_q4_s1,digits01,zz,2,digits01_zz_r2_q4_s1__t_random_s1010.qasm
t,idle,1011,,0,6,idle,28,28,0,56,57,1,4,4,vqc-zzfm-realamp,digits01_zz_r2_q4_s1,digits01,zz,2,digits01_zz_r2_q4_s1__t_idle_s1011.qasm
t,controlled,1012,,0,8,interface,28,28,0,56,57,1,4,4,vqc-zzfm-realamp,digits01_zz_r2_q4_s1,digits01,zz,2,digits01_zz_r2_q4_s1__t_controlled_s1012.qasm
x,random,1020,,3,9,random,28,29,1,56,57,1,4,4,vqc-zzfm-realamp,digits01_zz_r2_q4_s1,digits01,zz,2,digits01_zz_r2_q4_s1__x_random_s1020.qasm
x,idle,1021,,3,2,idle,28,28,0,56,57,1,4,4,vqc-zzfm-realamp,digits01_zz_r2_q4_s1,digits01,zz,2,digits01_zz_r2_q4_s1__x_idle_s1021.qasm
x,controlled,1022,,0,8,interface,28,28,0,56,57,1,4,4,vqc-zzfm-realamp,digits01_zz_r2_q4_s1,digits01,zz,2,digits01_zz_r2_q4_s1__x_controlled_s1022.qasm
y,random,1030,,1,5,random,28,29,1,56,57,1,4,4,vqc-zzfm-realamp,digits01_zz_r2_q4_s1,digits01,zz,2,digits01_zz_r2_q4_s1__y_random_s1030.qasm
y,idle,1031,,3,15,idle,28,28,0,56,57,1,4,4,vqc-zzfm-realamp,digits01_zz_r2_q4_s1,digits01,zz,2,digits01_zz_r2_q4_s1__y_idle_s1031.qasm
y,controlled,1032,,0,8,interface,28,28,0,56,57,1,4,4,vqc-zzfm-realamp,digits01_zz_r2_q4_s1,digits01,zz,2,digits01_zz_r2_q4_s1__y_controlled_s1032.qasm
z,random,1040,,1,19,random,28,29,1,56,57,1,4,4,vqc-zzfm-realamp,digits01_zz_r2_q4_s1,digits01,zz,2,digits01_zz_r2_q4_s1__z_random_s1040.qasm
z,idle,1041,,2,21,idle,28,28,0,56,57,1,4,4,vqc-zzfm-realamp,digits01_zz_r2_q4_s1,digits01,zz,2,digits01_zz_r2_q4_s1__z_idle_s1041.qasm
z,controlled,1042,,0,8,interface,28,28,0,56,57,1,4,4,vqc-zzfm-realamp,digits01_zz_r2_q4_s1,digits01,zz,2,digits01_zz_r2_q4_s1__z_controlled_s1042.qasm
h,random,2000,,0,8,random,28,28,0,56,57,1,4,4,vqc-zzfm-realamp,digits01_zz_r2_q4_s2,digits01,zz,2,digits01_zz_r2_q4_s2__h_random_s2000.qasm
h,idle,2001,,2,2,idle,28,28,0,56,57,1,4,4,vqc-zzfm-realamp,digits01_zz_r2_q4_s2,digits01,zz,2,digits01_zz_r2_q4_s2__h_idle_s2001.qasm
h,controlled,2002,,0,8,interface,28,28,0,56,57,1,4,4,vqc-zzfm-realamp,digits01_zz_r2_q4_s2,digits01,zz,2,digits01_zz_r2_q4_s2__h_controlled_s2002.qasm
t,random,2010,,3,4,random,28,29,1,56,57,1,4,4,vqc-zzfm-realamp,digits01_zz_r2_q4_s2,digits01,zz,2,digits01_zz_r2_q4_s2__t_random_s2010.qasm
t,idle,2011,,0,9,idle,28,28,0,56,57,1,4,4,vqc-zzfm-realamp,digits01_zz_r2_q4_s2,digits01,zz,2,digits01_zz_r2_q4_s2__t_idle_s2011.qasm
t,controlled,2012,,0,8,interface,28,28,0,56,57,1,4,4,vqc-zzfm-realamp,digits01_zz_r2_q4_s2,digits01,zz,2,digits01_zz_r2_q4_s2__t_controlled_s2012.qasm
x,random,2020,,0,7,random,28,28,0,56,57,1,4,4,vqc-zzfm-realamp,digits01_zz_r2_q4_s2,digits01,zz,2,digits01_zz_r2_q4_s2__x_random_s2020.qasm
x,idle,2021,,0,11,idle,28,28,0,56,57,1,4,4,vqc-zzfm-realamp,digits01_zz_r2_q4_s2,digits01,zz,2,digits01_zz_r2_q4_s2__x_idle_s2021.qasm
x,controlled,2022,,0,8,interface,28,28,0,56,57,1,4,4,vqc-zzfm-realamp,digits01_zz_r2_q4_s2,digits01,zz,2,digits01_zz_r2_q4_s2__x_controlled_s2022.qasm
y,random,2030,,0,5,random,28,28,0,56,57,1,4,4,vqc-zzfm-realamp,digits01_zz_r2_q4_s2,digits01,zz,2,digits01_zz_r2_q4_s2__y_random_s2030.qasm
y,idle,2031,,1,15,idle,28,28,0,56,57,1,4,4,vqc-zzfm-realamp,digits01_zz_r2_q4_s2,digits01,zz,2,digits01_zz_r2_q4_s2__y_idle_s2031.qasm
y,controlled,2032,,0,8,interface,28,28,0,56,57,1,4,4,vqc-zzfm-realamp,digits01_zz_r2_q4_s2,digits01,zz,2,digits01_zz_r2_q4_s2__y_controlled_s2032.qasm
z,random,2040,,2,15,random,28,29,1,56,57,1,4,4,vqc-zzfm-realamp,digits01_zz_r2_q4_s2,digits01,zz,2,digits01_zz_r2_q4_s2__z_random_s2040.qasm
z,idle,2041,,0,9,idle,28,28,0,56,57,1,4,4,vqc-zzfm-realamp,digits01_zz_r2_q4_s2,digits01,zz,2,digits01_zz_r2_q4_s2__z_idle_s2041.qasm
z,controlled,2042,,0,8,interface,28,28,0,56,57,1,4,4,vqc-zzfm-realamp,digits01_zz_r2_q4_s2,digits01,zz,2,digits01_zz_r2_q4_s2__z_controlled_s2042.qasm
h,random,0,,1,12,random,18,19,1,27,28,1,2,2,vqc-zzfm-realamp,digits01_zz_r3_q2_s0,digits01,zz,3,digits01_zz_r3_q2_s0__h_random_s0.qasm
h,idle,1,,0,15,idle,18,19,1,27,28,1,2,2,vqc-zzfm-realamp,digits01_zz_r3_q2_s0,digits01,zz,3,digits01_zz_r3_q2_s0__h_idle_s1.qasm
h,controlled,2,,0,8,interface,18,19,1,27,28,1,2,2,vqc-zzfm-realamp,digits01_zz_r3_q2_s0,digits01,zz,3,digits01_zz_r3_q2_s0__h_controlled_s2.qasm
t,random,10,,1,18,random,18,19,1,27,28,1,2,2,vqc-zzfm-realamp,digits01_zz_r3_q2_s0,digits01,zz,3,digits01_zz_r3_q2_s0__t_random_s10.qasm
t,idle,11,,0,3,idle,18,18,0,27,28,1,2,2,vqc-zzfm-realamp,digits01_zz_r3_q2_s0,digits01,zz,3,digits01_zz_r3_q2_s0__t_idle_s11.qasm
t,controlled,12,,0,8,interface,18,19,1,27,28,1,2,2,vqc-zzfm-realamp,digits01_zz_r3_q2_s0,digits01,zz,3,digits01_zz_r3_q2_s0__t_controlled_s12.qasm
x,random,20,,1,5,random,18,19,1,27,28,1,2,2,vqc-zzfm-realamp,digits01_zz_r3_q2_s0,digits01,zz,3,digits01_zz_r3_q2_s0__x_random_s20.qasm
x,idle,21,,0,7,idle,18,18,0,27,28,1,2,2,vqc-zzfm-realamp,digits01_zz_r3_q2_s0,digits01,zz,3,digits01_zz_r3_q2_s0__x_idle_s21.qasm
x,controlled,22,,0,8,interface,18,19,1,27,28,1,2,2,vqc-zzfm-realamp,digits01_zz_r3_q2_s0,digits01,zz,3,digits01_zz_r3_q2_s0__x_controlled_s22.qasm
y,random,30,,0,4,random,18,19,1,27,28,1,2,2,vqc-zzfm-realamp,digits01_zz_r3_q2_s0,digits01,zz,3,digits01_zz_r3_q2_s0__y_random_s30.qasm
y,idle,31,,1,17,idle,18,19,1,27,28,1,2,2,vqc-zzfm-realamp,digits01_zz_r3_q2_s0,digits01,zz,3,digits01_zz_r3_q2_s0__y_idle_s31.qasm
y,controlled,32,,0,8,interface,18,19,1,27,28,1,2,2,vqc-zzfm-realamp,digits01_zz_r3_q2_s0,digits01,zz,3,digits01_zz_r3_q2_s0__y_controlled_s32.qasm
z,random,40,,1,13,random,18,19,1,27,28,1,2,2,vqc-zzfm-realamp,digits01_zz_r3_q2_s0,digits01,zz,3,digits01_zz_r3_q2_s0__z_random_s40.qasm
z,idle,41,,1,17,idle,18,19,1,27,28,1,2,2,vqc-zzfm-realamp,digits01_zz_r3_q2_s0,digits01,zz,3,digits01_zz_r3_q2_s0__z_idle_s41.qasm
z,controlled,42,,0,8,interface,18,19,1,27,28,1,2,2,vqc-zzfm-realamp,digits01_zz_r3_q2_s0,digits01,zz,3,digits01_zz_r3_q2_s0__z_controlled_s42.qasm
h,random,1000,,0,8,random,18,19,1,27,28,1,2,2,vqc-zzfm-realamp,digits01_zz_r3_q2_s1,digits01,zz,3,digits01_zz_r3_q2_s1__h_random_s1000.qasm
h,idle,1001,,1,17,idle,18,19,1,27,28,1,2,2,vqc-zzfm-realamp,digits01_zz_r3_q2_s1,digits01,zz,3,digits01_zz_r3_q2_s1__h_idle_s1001.qasm
h,controlled,1002,,0,8,interface,18,19,1,27,28,1,2,2,vqc-zzfm-realamp,digits01_zz_r3_q2_s1,digits01,zz,3,digits01_zz_r3_q2_s1__h_controlled_s1002.qasm
t,random,1010,,1,1,random,18,19,1,27,28,1,2,2,vqc-zzfm-realamp,digits01_zz_r3_q2_s1,digits01,zz,3,digits01_zz_r3_q2_s1__t_random_s1010.qasm
t,idle,1011,,0,7,idle,18,18,0,27,28,1,2,2,vqc-zzfm-realamp,digits01_zz_r3_q2_s1,digits01,zz,3,digits01_zz_r3_q2_s1__t_idle_s1011.qasm
t,controlled,1012,,0,8,interface,18,19,1,27,28,1,2,2,vqc-zzfm-realamp,digits01_zz_r3_q2_s1,digits01,zz,3,digits01_zz_r3_q2_s1__t_controlled_s1012.qasm
x,random,1020,,1,10,random,18,19,1,27,28,1,2,2,vqc-zzfm-realamp,digits01_zz_r3_q2_s1,digits01,zz,3,digits01_zz_r3_q2_s1__x_random_s1020.qasm
x,idle,1021,,0,7,idle,18,18,0,27,28,1,2,2,vqc-zzfm-realamp,digits01_zz_r3_q2_s1,digits01,zz,3,digits01_zz_r3_q2_s1__x_idle_s1021.qasm
x,controlled,1022,,0,8,interface,18,19,1,27,28,1,2,2,vqc-zzfm-realamp,digits01_zz_r3_q2_s1,digits01,zz,3,digits01_zz_r3_q2_s1__x_controlled_s1022.qasm
y,random,1030,,0,4,random,18,19,1,27,28,1,2,2,vqc-zzfm-realamp,digits01_zz_r3_q2_s1,digits01,zz,3,digits01_zz_r3_q2_s1__y_random_s1030.qasm
y,idle,1031,,1,17,idle,18,19,1,27,28,1,2,2,vqc-zzfm-realamp,digits01_zz_r3_q2_s1,digits01,zz,3,digits01_zz_r3_q2_s1__y_idle_s1031.qasm
y,controlled,1032,,0,8,interface,18,19,1,27,28,1,2,2,vqc-zzfm-realamp,digits01_zz_r3_q2_s1,digits01,zz,3,digits01_zz_r3_q2_s1__y_controlled_s1032.qasm
z,random,1040,,0,14,random,18,19,1,27,28,1,2,2,vqc-zzfm-realamp,digits01_zz_r3_q2_s1,digits01,zz,3,digits01_zz_r3_q2_s1__z_random_s1040.qasm
z,idle,1041,,1,17,idle,18,19,1,27,28,1,2,2,vqc-zzfm-realamp,digits01_zz_r3_q2_s1,digits01,zz,3,digits01_zz_r3_q2_s1__z_idle_s1041.qasm
z,controlled,1042,,0,8,interface,18,19,1,27,28,1,2,2,vqc-zzfm-realamp,digits01_zz_r3_q2_s1,digits01,zz,3,digits01_zz_r3_q2_s1__z_controlled_s1042.qasm
h,random,2000,,0,9,random,18,19,1,27,28,1,2,2,vqc-zzfm-realamp,digits01_zz_r3_q2_s2,digits01,zz,3,digits01_zz_r3_q2_s2__h_random_s2000.qasm
h,idle,2001,,0,3,idle,18,18,0,27,28,1,2,2,vqc-zzfm-realamp,digits01_zz_r3_q2_s2,digits01,zz,3,digits01_zz_r3_q2_s2__h_idle_s2001.qasm
h,controlled,2002,,0,8,interface,18,19,1,27,28,1,2,2,vqc-zzfm-realamp,digits01_zz_r3_q2_s2,digits01,zz,3,digits01_zz_r3_q2_s2__h_controlled_s2002.qasm
t,random,2010,,1,4,random,18,19,1,27,28,1,2,2,vqc-zzfm-realamp,digits01_zz_r3_q2_s2,digits01,zz,3,digits01_zz_r3_q2_s2__t_random_s2010.qasm
t,idle,2011,,0,15,idle,18,19,1,27,28,1,2,2,vqc-zzfm-realamp,digits01_zz_r3_q2_s2,digits01,zz,3,digits01_zz_r3_q2_s2__t_idle_s2011.qasm
t,controlled,2012,,0,8,interface,18,19,1,27,28,1,2,2,vqc-zzfm-realamp,digits01_zz_r3_q2_s2,digits01,zz,3,digits01_zz_r3_q2_s2__t_controlled_s2012.qasm
x,random,2020,,0,7,random,18,18,0,27,28,1,2,2,vqc-zzfm-realamp,digits01_zz_r3_q2_s2,digits01,zz,3,digits01_zz_r3_q2_s2__x_random_s2020.qasm
x,idle,2021,,0,15,idle,18,19,1,27,28,1,2,2,vqc-zzfm-realamp,digits01_zz_r3_q2_s2,digits01,zz,3,digits01_zz_r3_q2_s2__x_idle_s2021.qasm
x,controlled,2022,,0,8,interface,18,19,1,27,28,1,2,2,vqc-zzfm-realamp,digits01_zz_r3_q2_s2,digits01,zz,3,digits01_zz_r3_q2_s2__x_controlled_s2022.qasm
y,random,2030,,0,6,random,18,19,1,27,28,1,2,2,vqc-zzfm-realamp,digits01_zz_r3_q2_s2,digits01,zz,3,digits01_zz_r3_q2_s2__y_random_s2030.qasm
y,idle,2031,,1,17,idle,18,19,1,27,28,1,2,2,vqc-zzfm-realamp,digits01_zz_r3_q2_s2,digits01,zz,3,digits01_zz_r3_q2_s2__y_idle_s2031.qasm
y,controlled,2032,,0,8,interface,18,19,1,27,28,1,2,2,vqc-zzfm-realamp,digits01_zz_r3_q2_s2,digits01,zz,3,digits01_zz_r3_q2_s2__y_controlled_s2032.qasm
z,random,2040,,1,13,random,18,19,1,27,28,1,2,2,vqc-zzfm-realamp,digits01_zz_r3_q2_s2,digits01,zz,3,digits01_zz_r3_q2_s2__z_random_s2040.qasm
z,idle,2041,,1,17,idle,18,19,1,27,28,1,2,2,vqc-zzfm-realamp,digits01_zz_r3_q2_s2,digits01,zz,3,digits01_zz_r3_q2_s2__z_idle_s2041.qasm
z,controlled,2042,,0,8,interface,18,19,1,27,28,1,2,2,vqc-zzfm-realamp,digits01_zz_r3_q2_s2,digits01,zz,3,digits01_zz_r3_q2_s2__z_controlled_s2042.qasm
h,random,0,,3,12,random,31,31,0,63,64,1,4,4,vqc-zzfm-realamp,digits01_zz_r3_q4_s0,digits01,zz,3,digits01_zz_r3_q4_s0__h_random_s0.qasm
h,idle,1,,0,9,idle,31,31,0,63,64,1,4,4,vqc-zzfm-realamp,digits01_zz_r3_q4_s0,digits01,zz,3,digits01_zz_r3_q4_s0__h_idle_s1.qasm
h,controlled,2,,0,8,interface,31,31,0,63,64,1,4,4,vqc-zzfm-realamp,digits01_zz_r3_q4_s0,digits01,zz,3,digits01_zz_r3_q4_s0__h_controlled_s2.qasm
t,random,10,,3,18,random,31,31,0,63,64,1,4,4,vqc-zzfm-realamp,digits01_zz_r3_q4_s0,digits01,zz,3,digits01_zz_r3_q4_s0__t_random_s10.qasm
t,idle,11,,3,2,idle,31,31,0,63,64,1,4,4,vqc-zzfm-realamp,digits01_zz_r3_q4_s0,digits01,zz,3,digits01_zz_r3_q4_s0__t_idle_s11.qasm
t,controlled,12,,0,8,interface,31,31,0,63,64,1,4,4,vqc-zzfm-realamp,digits01_zz_r3_q4_s0,digits01,zz,3,digits01_zz_r3_q4_s0__t_controlled_s12.qasm
x,random,20,,3,5,random,31,31,0,63,64,1,4,4,vqc-zzfm-realamp,digits01_zz_r3_q4_s0,digits01,zz,3,digits01_zz_r3_q4_s0__x_random_s20.qasm
x,idle,21,,2,6,idle,31,31,0,63,64,1,4,4,vqc-zzfm-realamp,digits01_zz_r3_q4_s0,digits01,zz,3,digits01_zz_r3_q4_s0__x_idle_s21.qasm
x,controlled,22,,0,8,interface,31,31,0,63,64,1,4,4,vqc-zzfm-realamp,digits01_zz_r3_q4_s0,digits01,zz,3,digits01_zz_r3_q4_s0__x_controlled_s22.qasm
y,random,30,,0,4,random,31,31,0,63,64,1,4,4,vqc-zzfm-realamp,digits01_zz_r3_q4_s0,digits01,zz,3,digits01_zz_r3_q4_s0__y_random_s30.qasm
y,idle,31,,0,9,idle,31,31,0,63,64,1,4,4,vqc-zzfm-realamp,digits01_zz_r3_q4_s0,digits01,zz,3,digits01_zz_r3_q4_s0__y_idle_s31.qasm
y,controlled,32,,0,8,interface,31,31,0,63,64,1,4,4,vqc-zzfm-realamp,digits01_zz_r3_q4_s0,digits01,zz,3,digits01_zz_r3_q4_s0__y_controlled_s32.qasm
z,random,40,,2,18,random,31,32,1,63,64,1,4,4,vqc-zzfm-realamp,digits01_zz_r3_q4_s0,digits01,zz,3,digits01_zz_r3_q4_s0__z_random_s40.qasm
z,idle,41,,1,15,idle,31,31,0,63,64,1,4,4,vqc-zzfm-realamp,digits01_zz_r3_q4_s0,digits01,zz,3,digits01_zz_r3_q4_s0__z_idle_s41.qasm
z,controlled,42,,0,8,interface,31,31,0,63,64,1,4,4,vqc-zzfm-realamp,digits01_zz_r3_q4_s0,digits01,zz,3,digits01_zz_r3_q4_s0__z_controlled_s42.qasm
h,random,1000,,0,8,random,31,31,0,63,64,1,4,4,vqc-zzfm-realamp,digits01_zz_r3_q4_s1,digits01,zz,3,digits01_zz_r3_q4_s1__h_random_s1000.qasm
h,idle,1001,,3,17,idle,31,31,0,63,64,1,4,4,vqc-zzfm-realamp,digits01_zz_r3_q4_s1,digits01,zz,3,digits01_zz_r3_q4_s1__h_idle_s1001.qasm
h,controlled,1002,,0,8,interface,31,31,0,63,64,1,4,4,vqc-zzfm-realamp,digits01_zz_r3_q4_s1,digits01,zz,3,digits01_zz_r3_q4_s1__h_controlled_s1002.qasm
t,random,1010,,2,2,random,31,31,0,63,64,1,4,4,vqc-zzfm-realamp,digits01_zz_r3_q4_s1,digits01,zz,3,digits01_zz_r3_q4_s1__t_random_s1010.qasm
t,idle,1011,,0,6,idle,31,31,0,63,64,1,4,4,vqc-zzfm-realamp,digits01_zz_r3_q4_s1,digits01,zz,3,digits01_zz_r3_q4_s1__t_idle_s1011.qasm
t,controlled,1012,,0,8,interface,31,31,0,63,64,1,4,4,vqc-zzfm-realamp,digits01_zz_r3_q4_s1,digits01,zz,3,digits01_zz_r3_q4_s1__t_controlled_s1012.qasm
x,random,1020,,3,10,random,31,32,1,63,64,1,4,4,vqc-zzfm-realamp,digits01_zz_r3_q4_s1,digits01,zz,3,digits01_zz_r3_q4_s1__x_random_s1020.qasm
x,idle,1021,,1,6,idle,31,31,0,63,64,1,4,4,vqc-zzfm-realamp,digits01_zz_r3_q4_s1,digits01,zz,3,digits01_zz_r3_q4_s1__x_idle_s1021.qasm
x,controlled,1022,,0,8,interface,31,31,0,63,64,1,4,4,vqc-zzfm-realamp,digits01_zz_r3_q4_s1,digits01,zz,3,digits01_zz_r3_q4_s1__x_controlled_s1022.qasm
y,random,1030,,1,6,random,31,31,0,63,64,1,4,4,vqc-zzfm-realamp,digits01_zz_r3_q4_s1,digits01,zz,3,digits01_zz_r3_q4_s1__y_random_s1030.qasm
y,idle,1031,,3,17,idle,31,31,0,63,64,1,4,4,vqc-zzfm-realamp,digits01_zz_r3_q4_s1,digits01,zz,3,digits01_zz_r3_q4_s1__y_idle_s1031.qasm
y,controlled,1032,,0,8,interface,31,31,0,63,64,1,4,4,vqc-zzfm-realamp,digits01_zz_r3_q4_s1,digits01,zz,3,digits01_zz_r3_q4_s1__y_controlled_s1032.qasm
z,random,1040,,1,21,random,31,32,1,63,64,1,4,4,vqc-zzfm-realamp,digits01_zz_r3_q4_s1,digits01,zz,3,digits01_zz_r3_q4_s1__z_random_s1040.qasm
z,idle,1041,,2,24,idle,31,31,0,63,64,1,4,4,vqc-zzfm-realamp,digits01_zz_r3_q4_s1,digits01,zz,3,digits01_zz_r3_q4_s1__z_idle_s1041.qasm
z,controlled,1042,,0,8,interface,31,31,0,63,64,1,4,4,vqc-zzfm-realamp,digits01_zz_r3_q4_s1,digits01,zz,3,digits01_zz_r3_q4_s1__z_controlled_s1042.qasm
h,random,2000,,0,9,random,31,31,0,63,64,1,4,4,vqc-zzfm-realamp,digits01_zz_r3_q4_s2,digits01,zz,3,digits01_zz_r3_q4_s2__h_random_s2000.qasm
h,idle,2001,,2,2,idle,31,31,0,63,64,1,4,4,vqc-zzfm-realamp,digits01_zz_r3_q4_s2,digits01,zz,3,digits01_zz_r3_q4_s2__h_idle_s2001.qasm
h,controlled,2002,,0,8,interface,31,31,0,63,64,1,4,4,vqc-zzfm-realamp,digits01_zz_r3_q4_s2,digits01,zz,3,digits01_zz_r3_q4_s2__h_controlled_s2002.qasm
t,random,2010,,3,4,random,31,32,1,63,64,1,4,4,vqc-zzfm-realamp,digits01_zz_r3_q4_s2,digits01,zz,3,digits01_zz_r3_q4_s2__t_random_s2010.qasm
t,idle,2011,,3,13,idle,31,31,0,63,64,1,4,4,vqc-zzfm-realamp,digits01_zz_r3_q4_s2,digits01,zz,3,digits01_zz_r3_q4_s2__t_idle_s2011.qasm
t,controlled,2012,,0,8,interface,31,31,0,63,64,1,4,4,vqc-zzfm-realamp,digits01_zz_r3_q4_s2,digits01,zz,3,digits01_zz_r3_q4_s2__t_controlled_s2012.qasm
x,random,2020,,0,7,random,31,31,0,63,64,1,4,4,vqc-zzfm-realamp,digits01_zz_r3_q4_s2,digits01,zz,3,digits01_zz_r3_q4_s2__x_random_s2020.qasm
x,idle,2021,,0,13,idle,31,31,0,63,64,1,4,4,vqc-zzfm-realamp,digits01_zz_r3_q4_s2,digits01,zz,3,digits01_zz_r3_q4_s2__x_idle_s2021.qasm
x,controlled,2022,,0,8,interface,31,31,0,63,64,1,4,4,vqc-zzfm-realamp,digits01_zz_r3_q4_s2,digits01,zz,3,digits01_zz_r3_q4_s2__x_controlled_s2022.qasm
y,random,2030,,0,6,random,31,31,0,63,64,1,4,4,vqc-zzfm-realamp,digits01_zz_r3_q4_s2,digits01,zz,3,digits01_zz_r3_q4_s2__y_random_s2030.qasm
y,idle,2031,,0,9,idle,31,31,0,63,64,1,4,4,vqc-zzfm-realamp,digits01_zz_r3_q4_s2,digits01,zz,3,digits01_zz_r3_q4_s2__y_idle_s2031.qasm
y,controlled,2032,,0,8,interface,31,31,0,63,64,1,4,4,vqc-zzfm-realamp,digits01_zz_r3_q4_s2,digits01,zz,3,digits01_zz_r3_q4_s2__y_controlled_s2032.qasm
z,random,2040,,2,17,random,31,32,1,63,64,1,4,4,vqc-zzfm-realamp,digits01_zz_r3_q4_s2,digits01,zz,3,digits01_zz_r3_q4_s2__z_random_s2040.qasm
z,idle,2041,,1,15,idle,31,31,0,63,64,1,4,4,vqc-zzfm-realamp,digits01_zz_r3_q4_s2,digits01,zz,3,digits01_zz_r3_q4_s2__z_idle_s2041.qasm
z,controlled,2042,,0,8,interface,31,31,0,63,64,1,4,4,vqc-zzfm-realamp,digits01_zz_r3_q4_s2,digits01,zz,3,digits01_zz_r3_q4_s2__z_controlled_s2042.qasm
h,random,0,,1,5,random,8,9,1,15,16,1,2,2,vqc-zfm-realamp,breast_cancer_z_r1_q2_s0,breast_cancer,z,1,breast_cancer_z_r1_q2_s0__h_random_s0.qasm
h,idle,1,,1,7,idle,8,9,1,15,16,1,2,2,vqc-zfm-realamp,breast_cancer_z_r1_q2_s0,breast_cancer,z,1,breast_cancer_z_r1_q2_s0__h_idle_s1.qasm
h,controlled,2,,0,4,interface,8,9,1,15,16,1,2,2,vqc-zfm-realamp,breast_cancer_z_r1_q2_s0,breast_cancer,z,1,breast_cancer_z_r1_q2_s0__h_controlled_s2.qasm
t,random,10,,1,8,random,8,9,1,15,16,1,2,2,vqc-zfm-realamp,breast_cancer_z_r1_q2_s0,breast_cancer,z,1,breast_cancer_z_r1_q2_s0__t_random_s10.qasm
t,idle,11,,0,7,idle,8,9,1,15,16,1,2,2,vqc-zfm-realamp,breast_cancer_z_r1_q2_s0,breast_cancer,z,1,breast_cancer_z_r1_q2_s0__t_idle_s11.qasm
t,controlled,12,,0,4,interface,8,9,1,15,16,1,2,2,vqc-zfm-realamp,breast_cancer_z_r1_q2_s0,breast_cancer,z,1,breast_cancer_z_r1_q2_s0__t_controlled_s12.qasm
x,random,20,,1,2,random,8,9,1,15,16,1,2,2,vqc-zfm-realamp,breast_cancer_z_r1_q2_s0,breast_cancer,z,1,breast_cancer_z_r1_q2_s0__x_random_s20.qasm
x,idle,21,,1,7,idle,8,9,1,15,16,1,2,2,vqc-zfm-realamp,breast_cancer_z_r1_q2_s0,breast_cancer,z,1,breast_cancer_z_r1_q2_s0__x_idle_s21.qasm
x,controlled,22,,0,4,interface,8,9,1,15,16,1,2,2,vqc-zfm-realamp,breast_cancer_z_r1_q2_s0,breast_cancer,z,1,breast_cancer_z_r1_q2_s0__x_controlled_s22.qasm
y,random,30,,0,2,random,8,9,1,15,16,1,2,2,vqc-zfm-realamp,breast_cancer_z_r1_q2_s0,breast_cancer,z,1,breast_cancer_z_r1_q2_s0__y_random_s30.qasm
y,idle,31,,0,7,idle,8,9,1,15,16,1,2,2,vqc-zfm-realamp,breast_cancer_z_r1_q2_s0,breast_cancer,z,1,breast_cancer_z_r1_q2_s0__y_idle_s31.qasm
y,controlled,32,,0,4,interface,8,9,1,15,16,1,2,2,vqc-zfm-realamp,breast_cancer_z_r1_q2_s0,breast_cancer,z,1,breast_cancer_z_r1_q2_s0__y_controlled_s32.qasm
z,random,40,,1,6,random,8,9,1,15,16,1,2,2,vqc-zfm-realamp,breast_cancer_z_r1_q2_s0,breast_cancer,z,1,breast_cancer_z_r1_q2_s0__z_random_s40.qasm
z,idle,41,,0,7,idle,8,9,1,15,16,1,2,2,vqc-zfm-realamp,breast_cancer_z_r1_q2_s0,breast_cancer,z,1,breast_cancer_z_r1_q2_s0__z_idle_s41.qasm
z,controlled,42,,0,4,interface,8,9,1,15,16,1,2,2,vqc-zfm-realamp,breast_cancer_z_r1_q2_s0,breast_cancer,z,1,breast_cancer_z_r1_q2_s0__z_controlled_s42.qasm
h,random,1000,,0,4,random,8,9,1,15,16,1,2,2,vqc-zfm-realamp,breast_cancer_z_r1_q2_s1,breast_cancer,z,1,breast_cancer_z_r1_q2_s1__h_random_s1000.qasm
h,idle,1001,,1,7,idle,8,9,1,15,16,1,2,2,vqc-zfm-realamp,breast_cancer_z_r1_q2_s1,breast_cancer,z,1,breast_cancer_z_r1_q2_s1__h_idle_s1001.qasm
h,controlled,1002,,0,4,interface,8,9,1,15,16,1,2,2,vqc-zfm-realamp,breast_cancer_z_r1_q2_s1,breast_cancer,z,1,breast_cancer_z_r1_q2_s1__h_controlled_s1002.qasm
t,random,1010,,1,0,random,8,9,1,15,16,1,2,2,vqc-zfm-realamp,breast_cancer_z_r1_q2_s1,breast_cancer,z,1,breast_cancer_z_r1_q2_s1__t_random_s1010.qasm
t,idle,1011,,1,7,idle,8,9,1,15,16,1,2,2,vqc-zfm-realamp,breast_cancer_z_r1_q2_s1,breast_cancer,z,1,breast_cancer_z_r1_q2_s1__t_idle_s1011.qasm
t,controlled,1012,,0,4,interface,8,9,1,15,16,1,2,2,vqc-zfm-realamp,breast_cancer_z_r1_q2_s1,breast_cancer,z,1,breast_cancer_z_r1_q2_s1__t_controlled_s1012.qasm
x,random,1020,,1,5,random,8,9,1,15,16,1,2,2,vqc-zfm-realamp,breast_cancer_z_r1_q2_s1,breast_cancer,z,1,breast_cancer_z_r1_q2_s1__x_random_s1020.qasm
x,idle,1021,,0,7,idle,8,9,1,15,16,1,2,2,vqc-zfm-realamp,breast_cancer_z_r1_q2_s1,breast_cancer,z,1,breast_cancer_z_r1_q2_s1__x_idle_s1021.qasm
x,controlled,1022,,0,4,interface,8,9,1,15,16,1,2,2,vqc-zfm-realamp,breast_cancer_z_r1_q2_s1,breast_cancer,z,1,breast_cancer_z_r1_q2_s1__x_controlled_s1022.qasm
y,random,1030,,0,2,random,8,9,1,15,16,1,2,2,vqc-zfm-realamp,breast_cancer_z_r1_q2_s1,breast_cancer,z,1,breast_cancer_z_r1_q2_s1__y_random_s1030.qasm
y,idle,1031,,1,7,idle,8,9,1,15,16,1,2,2,vqc-zfm-realamp,breast_cancer_z_r1_q2_s1,breast_cancer,z,1,breast_cancer_z_r1_q2_s1__y_idle_s1031.qasm
y,controlled,1032,,0,4,interface,8,9,1,15,16,1,2,2,vqc-zfm-realamp,breast_cancer_z_r1_q2_s1,breast_cancer,z,1,breast_cancer_z_r1_q2_s1__y_controlled_s1032.qasm
z,random,1040,,0,7,random,8,9,1,15,16,1,2,2,vqc-zfm-realamp,breast_cancer_z_r1_q2_s1,breast_cancer,z,1,breast_cancer_z_r1_q2_s1__z_random_s1040.qasm
z,idle,1041,,1,7,idle,8,9,1,15,16,1,2,2,vqc-zfm-realamp,breast_cancer_z_r1_q2_s1,breast_cancer,z,1,breast_cancer_z_r1_q2_s1__z_idle_s1041.qasm
z,controlled,1042,,0,4,interface,8,9,1,15,16,1,2,2,vqc-zfm-realamp,breast_cancer_z_r1_q2_s1,breast_cancer,z,1,breast_cancer_z_r1_q2_s1__z_controlled_s1042.qasm
h,random,2000,,0,5,random,8,9,1,15,16,1,2,2,vqc-zfm-realamp,breast_cancer_z_r1_q2_s2,breast_cancer,z,1,breast_cancer_z_r1_q2_s2__h_random_s2000.qasm
h,idle,2001,,0,7,idle,8,9,1,15,16,1,2,2,vqc-zfm-realamp,breast_cancer_z_r1_q2_s2,breast_cancer,z,1,breast_cancer_z_r1_q2_s2__h_idle_s2001.qasm
h,controlled,2002,,0,4,interface,8,9,1,15,16,1,2,2,vqc-zfm-realamp,breast_cancer_z_r1_q2_s2,breast_cancer,z,1,breast_cancer_z_r1_q2_s2__h_controlled_s2002.qasm
t,random,2010,,1,2,random,8,9,1,15,16,1,2,2,vqc-zfm-realamp,breast_cancer_z_r1_q2_s2,breast_cancer,z,1,breast_cancer_z_r1_q2_s2__t_random_s2010.qasm
t,idle,2011,,0,7,idle,8,9,1,15,16,1,2,2,vqc-zfm-realamp,breast_cancer_z_r1_q2_s2,breast_cancer,z,1,breast_cancer_z_r1_q2_s2__t_idle_s2011.qasm
t,controlled,2012,,0,4,interface,8,9,1,15,16,1,2,2,vqc-zfm-realamp,breast_cancer_z_r1_q2_s2,breast_cancer,z,1,breast_cancer_z_r1_q2_s2__t_controlled_s2012.qasm
x,random,2020,,0,4,random,8,9,1,15,16,1,2,2,vqc-zfm-realamp,breast_cancer_z_r1_q2_s2,breast_cancer,z,1,breast_cancer_z_r1_q2_s2__x_random_s2020.qasm
x,idle,2021,,1,7,idle,8,9,1,15,16,1,2,2,vqc-zfm-realamp,breast_cancer_z_r1_q2_s2,breast_cancer,z,1,breast_cancer_z_r1_q2_s2__x_idle_s2021.qasm
x,controlled,2022,,0,4,interface,8,9,1,15,16,1,2,2,vqc-zfm-realamp,breast_cancer_z_r1_q2_s2,breast_cancer,z,1,breast_cancer_z_r1_q2_s2__x_controlled_s2022.qasm
y,random,2030,,0,3,random,8,9,1,15,16,1,2,2,vqc-zfm-realamp,breast_cancer_z_r1_q2_s2,breast_cancer,z,1,breast_cancer_z_r1_q2_s2__y_random_s2030.qasm
y,idle,2031,,0,7,idle,8,9,1,15,16,1,2,2,vqc-zfm-realamp,breast_cancer_z_r1_q2_s2,breast_cancer,z,1,breast_cancer_z_r1_q2_s2__y_idle_s2031.qasm
y,controlled,2032,,0,4,interface,8,9,1,15,16,1,2,2,vqc-zfm-realamp,breast_cancer_z_r1_q2_s2,breast_cancer,z,1,breast_cancer_z_r1_q2_s2__y_controlled_s2032.qasm
z,random,2040,,1,6,random,8,9,1,15,16,1,2,2,vqc-zfm-realamp,breast_cancer_z_r1_q2_s2,breast_cancer,z,1,breast_cancer_z_r1_q2_s2__z_random_s2040.qasm
z,idle,2041,,0,7,idle,8,9,1,15,16,1,2,2,vqc-zfm-realamp,breast_cancer_z_r1_q2_s2,breast_cancer,z,1,breast_cancer_z_r1_q2_s2__z_idle_s2041.qasm
z,controlled,2042,,0,4,interface,8,9,1,15,16,1,2,2,vqc-zfm-realamp,breast_cancer_z_r1_q2_s2,breast_cancer,z,1,breast_cancer_z_r1_q2_s2__z_controlled_s2042.qasm
h,random,0,,3,5,random,10,11,1,31,32,1,4,4,vqc-zfm-realamp,breast_cancer_z_r1_q4_s0,breast_cancer,z,1,breast_cancer_z_r1_q4_s0__h_random_s0.qasm
h,idle,1,,0,7,idle,10,11,1,31,32,1,4,4,vqc-zfm-realamp,breast_cancer_z_r1_q4_s0,breast_cancer,z,1,breast_cancer_z_r1_q4_s0__h_idle_s1.qasm
h,controlled,2,,0,4,interface,10,10,0,31,32,1,4,4,vqc-zfm-realamp,breast_cancer_z_r1_q4_s0,breast_cancer,z,1,breast_cancer_z_r1_q4_s0__h_controlled_s2.qasm
t,random,10,,3,8,random,10,10,0,31,32,1,4,4,vqc-zfm-realamp,breast_cancer_z_r1_q4_s0,breast_cancer,z,1,breast_cancer_z_r1_q4_s0__t_random_s10.qasm
t,idle,11,,1,5,idle,10,10,0,31,32,1,4,4,vqc-zfm-realamp,breast_cancer_z_r1_q4_s0,breast_cancer,z,1,breast_cancer_z_r1_q4_s0__t_idle_s11.qasm
t,controlled,12,,0,4,interface,10,10,0,31,32,1,4,4,vqc-zfm-realamp,breast_cancer_z_r1_q4_s0,breast_cancer,z,1,breast_cancer_z_r1_q4_s0__t_controlled_s12.qasm
x,random,20,,3,2,random,10,11,1,31,32,1,4,4,vqc-zfm-realamp,breast_cancer_z_r1_q4_s0,breast_cancer,z,1,breast_cancer_z_r1_q4_s0__x_random_s20.qasm
x,idle,21,,2,8,idle,10,10,0,31,32,1,4,4,vqc-zfm-realamp,breast_cancer_z_r1_q4_s0,breast_cancer,z,1,breast_cancer_z_r1_q4_s0__x_idle_s21.qasm
x,controlled,22,,0,4,interface,10,10,0,31,32,1,4,4,vqc-zfm-realamp,breast_cancer_z_r1_q4_s0,breast_cancer,z,1,breast_cancer_z_r1_q4_s0__x_controlled_s22.qasm
y,random,30,,0,2,random,10,10,0,31,32,1,4,4,vqc-zfm-realamp,breast_cancer_z_r1_q4_s0,breast_cancer,z,1,breast_cancer_z_r1_q4_s0__y_random_s30.qasm
y,idle,31,,1,8,idle,10,11,1,31,32,1,4,4,vqc-zfm-realamp,breast_cancer_z_r1_q4_s0,breast_cancer,z,1,breast_cancer_z_r1_q4_s0__y_idle_s31.qasm
y,controlled,32,,0,4,interface,10,10,0,31,32,1,4,4,vqc-zfm-realamp,breast_cancer_z_r1_q4_s0,breast_cancer,z,1,breast_cancer_z_r1_q4_s0__y_controlled_s32.qasm
z,random,40,,2,7,random,10,10,0,31,32,1,4,4,vqc-zfm-realamp,breast_cancer_z_r1_q4_s0,breast_cancer,z,1,breast_cancer_z_r1_q4_s0__z_random_s40.qasm
z,idle,41,,3,7,idle,10,10,0,31,32,1,4,4,vqc-zfm-realamp,breast_cancer_z_r1_q4_s0,breast_cancer,z,1,breast_cancer_z_r1_q4_s0__z_idle_s41.qasm
z,controlled,42,,0,4,interface,10,10,0,31,32,1,4,4,vqc-zfm-realamp,breast_cancer_z_r1_q4_s0,breast_cancer,z,1,breast_cancer_z_r1_q4_s0__z_controlled_s42.qasm
h,random,1000,,0,4,random,10,10,0,31,32,1,4,4,vqc-zfm-realamp,breast_cancer_z_r1_q4_s1,breast_cancer,z,1,breast_cancer_z_r1_q4_s1__h_random_s1000.qasm
h,idle,1001,,2,8,idle,10,10,0,31,32,1,4,4,vqc-zfm-realamp,breast_cancer_z_r1_q4_s1,breast_cancer,z,1,breast_cancer_z_r1_q4_s1__h_idle_s1001.qasm
h,controlled,1002,,0,4,interface,10,10,0,31,32,1,4,4,vqc-zfm-realamp,breast_cancer_z_r1_q4_s1,breast_cancer,z,1,breast_cancer_z_r1_q4_s1__h_controlled_s1002.qasm
t,random,1010,,2,0,random,10,11,1,31,32,1,4,4,vqc-zfm-realamp,breast_cancer_z_r1_q4_s1,breast_cancer,z,1,breast_cancer_z_r1_q4_s1__t_random_s1010.qasm
t,idle,1011,,2,8,idle,10,10,0,31,32,1,4,4,vqc-zfm-realamp,breast_cancer_z_r1_q4_s1,breast_cancer,z,1,breast_cancer_z_r1_q4_s1__t_idle_s1011.qasm
t,controlled,1012,,0,4,interface,10,10,0,31,32,1,4,4,vqc-zfm-realamp,breast_cancer_z_r1_q4_s1,breast_cancer,z,1,breast_cancer_z_r1_q4_s1__t_controlled_s1012.qasm
x,random,1020,,3,5,random,10,11,1,31,32,1,4,4,vqc-zfm-realamp,breast_cancer_z_r1_q4_s1,breast_cancer,z,1,breast_cancer_z_r1_q4_s1__x_random_s1020.qasm
x,idle,1021,,0,5,idle,10,10,0,31,32,1,4,4,vqc-zfm-realamp,breast_cancer_z_r1_q4_s1,breast_cancer,z,1,breast_cancer_z_r1_q4_s1__x_idle_s1021.qasm
x,controlled,1022,,0,4,interface,10,10,0,31,32,1,4,4,vqc-zfm-realamp,breast_cancer_z_r1_q4_s1,breast_cancer,z,1,breast_cancer_z_r1_q4_s1__x_controlled_s1022.qasm
y,random,1030,,1,2,random,10,10,0,31,32,1,4,4,vqc-zfm-realamp,breast_cancer_z_r1_q4_s1,breast_cancer,z,1,breast_cancer_z_r1_q4_s1__y_random_s1030.qasm
y,idle,1031,,2,8,idle,10,10,0,31,32,1,4,4,vqc-zfm-realamp,breast_cancer_z_r1_q4_s1,breast_cancer,z,1,breast_cancer_z_r1_q4_s1__y_idle_s1031.qasm
y,controlled,1032,,0,4,interface,10,10,0,31,32,1,4,4,vqc-zfm-realamp,breast_cancer_z_r1_q4_s1,breast_cancer,z,1,breast_cancer_z_r1_q4_s1__y_controlled_s1032.qasm
z,random,1040,,1,8,random,10,11,1,31,32,1,4,4,vqc-zfm-realamp,breast_cancer_z_r1_q4_s1,breast_cancer,z,1,breast_cancer_z_r1_q4_s1__z_random_s1040.qasm
z,idle,1041,,2,8,idle,10,10,0,31,32,1,4,4,vqc-zfm-realamp,breast_cancer_z_r1_q4_s1,breast_cancer,z,1,breast_cancer_z_r1_q4_s1__z_idle_s1041.qasm
z,controlled,1042,,0,4,interface,10,10,0,31,32,1,4,4,vqc-zfm-realamp,breast_cancer_z_r1_q4_s1,breast_cancer,z,1,breast_cancer_z_r1_q4_s1__z_controlled_s1042.qasm
h,random,2000,,0,5,random,10,10,0,31,32,1,4,4,vqc-zfm-realamp,breast_cancer_z_r1_q4_s2,breast_cancer,z,1,breast_cancer_z_r1_q4_s2__h_random_s2000.qasm
h,idle,2001,,0,5,idle,10,10,0,31,32,1,4,4,vqc-zfm-realamp,breast_cancer_z_r1_q4_s2,breast_cancer,z,1,breast_cancer_z_r1_q4_s2__h_idle_s2001.qasm
h,controlled,2002,,0,4,interface,10,10,0,31,32,1,4,4,vqc-zfm-realamp,breast_cancer_z_r1_q4_s2,breast_cancer,z,1,breast_cancer_z_r1_q4_s2__h_controlled_s2002.qasm
t,random,2010,,3,2,random,10,11,1,31,32,1,4,4,vqc-zfm-realamp,breast_cancer_z_r1_q4_s2,breast_cancer,z,1,breast_cancer_z_r1_q4_s2__t_random_s2010.qasm
t,idle,2011,,3,7,idle,10,10,0,31,32,1,4,4,vqc-zfm-realamp,breast_cancer_z_r1_q4_s2,breast_cancer,z,1,breast_cancer_z_r1_q4_s2__t_idle_s2011.qasm
t,controlled,2012,,0,4,interface,10,10,0,31,32,1,4,4,vqc-zfm-realamp,breast_cancer_z_r1_q4_s2,breast_cancer,z,1,breast_cancer_z_r1_q4_s2__t_controlled_s2012.qasm
x,random,2020,,0,4,random,10,10,0,31,32,1,4,4,vqc-zfm-realamp,breast_cancer_z_r1_q4_s2,breast_cancer,z,1,breast_cancer_z_r1_q4_s2__x_random_s2020.qasm
x,idle,2021,,0,7,idle,10,11,1,31,32,1,4,4,vqc-zfm-realamp,breast_cancer_z_r1_q4_s2,breast_cancer,z,1,breast_cancer_z_r1_q4_s2__x_idle_s2021.qasm
x,controlled,2022,,0,4,interface,10,10,0,31,32,1,4,4,vqc-zfm-realamp,breast_cancer_z_r1_q4_s2,breast_cancer,z,1,breast_cancer_z_r1_q4_s2__x_controlled_s2022.qasm
y,random,2030,,0,3,random,10,10,0,31,32,1,4,4,vqc-zfm-realamp,breast_cancer_z_r1_q4_s2,breast_cancer,z,1,breast_cancer_z_r1_q4_s2__y_random_s2030.qasm
y,idle,2031,,2,8,idle,10,10,0,31,32,1,4,4,vqc-zfm-realamp,breast_cancer_z_r1_q4_s2,breast_cancer,z,1,breast_cancer_z_r1_q4_s2__y_idle_s2031.qasm
y,controlled,2032,,0,4,interface,10,10,0,31,32,1,4,4,vqc-zfm-realamp,breast_cancer_z_r1_q4_s2,breast_cancer,z,1,breast_cancer_z_r1_q4_s2__y_controlled_s2032.qasm
z,random,2040,,2,6,random,10,11,1,31,32,1,4,4,vqc-zfm-realamp,breast_cancer_z_r1_q4_s2,breast_cancer,z,1,breast_cancer_z_r1_q4_s2__z_random_s2040.qasm
z,idle,2041,,1,8,idle,10,11,1,31,32,1,4,4,vqc-zfm-realamp,breast_cancer_z_r1_q4_s2,breast_cancer,z,1,breast_cancer_z_r1_q4_s2__z_idle_s2041.qasm
z,controlled,2042,,0,4,interface,10,10,0,31,32,1,4,4,vqc-zfm-realamp,breast_cancer_z_r1_q4_s2,breast_cancer,z,1,breast_cancer_z_r1_q4_s2__z_controlled_s2042.qasm
h,random,0,,1,7,random,10,11,1,18,19,1,2,2,vqc-zfm-realamp,breast_cancer_z_r2_q2_s0,breast_cancer,z,2,breast_cancer_z_r2_q2_s0__h_random_s0.qasm
h,idle,1,,1,9,idle,10,11,1,18,19,1,2,2,vqc-zfm-realamp,breast_cancer_z_r2_q2_s0,breast_cancer,z,2,breast_cancer_z_r2_q2_s0__h_idle_s1.qasm
h,controlled,2,,0,4,interface,10,11,1,18,19,1,2,2,vqc-zfm-realamp,breast_cancer_z_r2_q2_s0,breast_cancer,z,2,breast_cancer_z_r2_q2_s0__h_controlled_s2.qasm
t,random,10,,1,10,random,10,11,1,18,19,1,2,2,vqc-zfm-realamp,breast_cancer_z_r2_q2_s0,breast_cancer,z,2,breast_cancer_z_r2_q2_s0__t_random_s10.qasm
t,idle,11,,0,9,idle,10,11,1,18,19,1,2,2,vqc-zfm-realamp,breast_cancer_z_r2_q2_s0,breast_cancer,z,2,breast_cancer_z_r2_q2_s0__t_idle_s11.qasm
t,controlled,12,,0,4,interface,10,11,1,18,19,1,2,2,vqc-zfm-realamp,breast_cancer_z_r2_q2_s0,breast_cancer,z,2,breast_cancer_z_r2_q2_s0__t_controlled_s12.qasm
x,random,20,,1,3,random,10,11,1,18,19,1,2,2,vqc-zfm-realamp,breast_cancer_z_r2_q2_s0,breast_cancer,z,2,breast_cancer_z_r2_q2_s0__x_random_s20.qasm
x,idle,21,,1,9,idle,10,11,1,18,19,1,2,2,vqc-zfm-realamp,breast_cancer_z_r2_q2_s0,breast_cancer,z,2,breast_cancer_z_r2_q2_s0__x_idle_s21.qasm
x,controlled,22,,0,4,interface,10,11,1,18,19,1,2,2,vqc-zfm-realamp,breast_cancer_z_r2_q2_s0,breast_cancer,z,2,breast_cancer_z_r2_q2_s0__x_controlled_s22.qasm
y,random,30,,0,2,random,10,11,1,18,19,1,2,2,vqc-zfm-realamp,breast_cancer_z_r2_q2_s0,breast_cancer,z,2,breast_cancer_z_r2_q2_s0__y_random_s30.qasm
y,idle,31,,0,9,idle,10,11,1,18,19,1,2,2,vqc-zfm-realamp,breast_cancer_z_r2_q2_s0,breast_cancer,z,2,breast_cancer_z_r2_q2_s0__y_idle_s31.qasm
y,controlled,32,,0,4,interface,10,11,1,18,19,1,2,2,vqc-zfm-realamp,breast_cancer_z_r2_q2_s0,breast_cancer,z,2,breast_cancer_z_r2_q2_s0__y_controlled_s32.qasm
z,random,40,,1,8,random,10,11,1,18,19,1,2,2,vqc-zfm-realamp,breast_cancer_z_r2_q2_s0,breast_cancer,z,2,breast_cancer_z_r2_q2_s0__z_random_s40.qasm
z,idle,41,,0,9,idle,10,11,1,18,19,1,2,2,vqc-zfm-realamp,breast_cancer_z_r2_q2_s0,breast_cancer,z,2,breast_cancer_z_r2_q2_s0__z_idle_s41.qasm
z,controlled,42,,0,4,interface,10,11,1,18,19,1,2,2,vqc-zfm-realamp,breast_cancer_z_r2_q2_s0,breast_cancer,z,2,breast_cancer_z_r2_q2_s0__z_controlled_s42.qasm
h,random,1000,,0,5,random,10,11,1,18,19,1,2,2,vqc-zfm-realamp,breast_cancer_z_r2_q2_s1,breast_cancer,z,2,breast_cancer_z_r2_q2_s1__h_random_s1000.qasm
h,idle,1001,,1,9,idle,10,11,1,18,19,1,2,2,vqc-zfm-realamp,breast_cancer_z_r2_q2_s1,breast_cancer,z,2,breast_cancer_z_r2_q2_s1__h_idle_s1001.qasm
h,controlled,1002,,0,4,interface,10,11,1,18,19,1,2,2,vqc-zfm-realamp,breast_cancer_z_r2_q2_s1,breast_cancer,z,2,breast_cancer_z_r2_q2_s1__h_controlled_s1002.qasm
t,random,1010,,1,1,random,10,11,1,18,19,1,2,2,vqc-zfm-realamp,breast_cancer_z_r2_q2_s1,breast_cancer,z,2,breast_cancer_z_r2_q2_s1__t_random_s1010.qasm
t,idle,1011,,1,9,idle,10,11,1,18,19,1,2,2,vqc-zfm-realamp,breast_cancer_z_r2_q2_s1,breast_cancer,z,2,breast_cancer_z_r2_q2_s1__t_idle_s1011.qasm
t,controlled,1012,,0,4,interface,10,11,1,18,19,1,2,2,vqc-zfm-realamp,breast_cancer_z_r2_q2_s1,breast_cancer,z,2,breast_cancer_z_r2_q2_s1__t_controlled_s1012.qasm
x,random,1020,,1,6,random,10,11,1,18,19,1,2,2,vqc-zfm-realamp,breast_cancer_z_r2_q2_s1,breast_cancer,z,2,breast_cancer_z_r2_q2_s1__x_random_s1020.qasm
x,idle,1021,,0,9,idle,10,11,1,18,19,1,2,2,vqc-zfm-realamp,breast_cancer_z_r2_q2_s1,breast_cancer,z,2,breast_cancer_z_r2_q2_s1__x_idle_s1021.qasm
x,controlled,1022,,0,4,interface,10,11,1,18,19,1,2,2,vqc-zfm-realamp,breast_cancer_z_r2_q2_s1,breast_cancer,z,2,breast_cancer_z_r2_q2_s1__x_controlled_s1022.qasm
y,random,1030,,0,2,random,10,11,1,18,19,1,2,2,vqc-zfm-realamp,breast_cancer_z_r2_q2_s1,breast_cancer,z,2,breast_cancer_z_r2_q2_s1__y_random_s1030.qasm
y,idle,1031,,1,9,idle,10,11,1,18,19,1,2,2,vqc-zfm-realamp,breast_cancer_z_r2_q2_s1,breast_cancer,z,2,breast_cancer_z_r2_q2_s1__y_idle_s1031.qasm
y,controlled,1032,,0,4,interface,10,11,1,18,19,1,2,2,vqc-zfm-realamp,breast_cancer_z_r2_q2_s1,breast_cancer,z,2,breast_cancer_z_r2_q2_s1__y_controlled_s1032.qasm
z,random,1040,,0,9,random,10,11,1,18,19,1,2,2,vqc-zfm-realamp,breast_cancer_z_r2_q2_s1,breast_cancer,z,2,breast_cancer_z_r2_q2_s1__z_random_s1040.qasm
z,idle,1041,,1,9,idle,10,11,1,18,19,1,2,2,vqc-zfm-realamp,breast_cancer_z_r2_q2_s1,breast_cancer,z,2,breast_cancer_z_r2_q2_s1__z_idle_s1041.qasm
z,controlled,1042,,0,4,interface,10,11,1,18,19,1,2,2,vqc-zfm-realamp,breast_cancer_z_r2_q2_s1,breast_cancer,z,2,breast_cancer_z_r2_q2_s1__z_controlled_s1042.qasm
h,random,2000,,0,6,random,10,11,1,18,19,1,2,2,vqc-zfm-realamp,breast_cancer_z_r2_q2_s2,breast_cancer,z,2,breast_cancer_z_r2_q2_s2__h_random_s2000.qasm
h,idle,2001,,0,9,idle,10,11,1,18,19,1,2,2,vqc-zfm-realamp,breast_cancer_z_r2_q2_s2,breast_cancer,z,2,breast_cancer_z_r2_q2_s2__h_idle_s2001.qasm
h,controlled,2002,,0,4,interface,10,11,1,18,19,1,2,2,vqc-zfm-realamp,breast_cancer_z_r2_q2_s2,breast_cancer,z,2,breast_cancer_z_r2_q2_s2__h_controlled_s2002.qasm
t,random,2010,,1,2,random,10,11,1,18,19,1,2,2,vqc-zfm-realamp,breast_cancer_z_r2_q2_s2,breast_cancer,z,2,breast_cancer_z_r2_q2_s2__t_random_s2010.qasm
t,idle,2011,,0,9,idle,10,11,1,18,19,1,2,2,vqc-zfm-realamp,breast_cancer_z_r2_q2_s2,breast_cancer,z,2,breast_cancer_z_r2_q2_s2__t_idle_s2011.qasm
t,controlled,2012,,0,4,interface,10,11,1,18,19,1,2,2,vqc-zfm-realamp,breast_cancer_z_r2_q2_s2,breast_cancer,z,2,breast_cancer_z_r2_q2_s2__t_controlled_s2012.qasm
x,random,2020,,0,5,random,10,11,1,18,19,1,2,2,vqc-zfm-realamp,breast_cancer_z_r2_q2_s2,breast_cancer,z,2,breast_cancer_z_r2_q2_s2__x_random_s2020.qasm
x,idle,2021,,1,9,idle,10,11,1,18,19,1,2,2,vqc-zfm-realamp,breast_cancer_z_r2_q2_s2,breast_cancer,z,2,breast_cancer_z_r2_q2_s2__x_idle_s2021.qasm
x,controlled,2022,,0,4,interface,10,11,1,18,19,1,2,2,vqc-zfm-realamp,breast_cancer_z_r2_q2_s2,breast_cancer,z,2,breast_cancer_z_r2_q2_s2__x_controlled_s2022.qasm
y,random,2030,,0,4,random,10,11,1,18,19,1,2,2,vqc-zfm-realamp,breast_cancer_z_r2_q2_s2,breast_cancer,z,2,breast_cancer_z_r2_q2_s2__y_random_s2030.qasm
y,idle,2031,,0,9,idle,10,11,1,18,19,1,2,2,vqc-zfm-realamp,breast_cancer_z_r2_q2_s2,breast_cancer,z,2,breast_cancer_z_r2_q2_s2__y_idle_s2031.qasm
y,controlled,2032,,0,4,interface,10,11,1,18,19,1,2,2,vqc-zfm-realamp,breast_cancer_z_r2_q2_s2,breast_cancer,z,2,breast_cancer_z_r2_q2_s2__y_controlled_s2032.qasm
z,random,2040,,1,7,random,10,11,1,18,19,1,2,2,vqc-zfm-realamp,breast_cancer_z_r2_q2_s2,breast_cancer,z,2,breast_cancer_z_r2_q2_s2__z_random_s2040.qasm
z,idle,2041,,0,9,idle,10,11,1,18,19,1,2,2,vqc-zfm-realamp,breast_cancer_z_r2_q2_s2,breast_cancer,z,2,breast_cancer_z_r2_q2_s2__z_idle_s2041.qasm
z,controlled,2042,,0,4,interface,10,11,1,18,19,1,2,2,vqc-zfm-realamp,breast_cancer_z_r2_q2_s2,breast_cancer,z,2,breast_cancer_z_r2_q2_s2__z_controlled_s2042.qasm
h,random,0,,3,7,random,13,13,0,38,39,1,4,4,vqc-zfm-realamp,breast_cancer_z_r2_q4_s0,breast_cancer,z,2,breast_cancer_z_r2_q4_s0__h_random_s0.qasm
h,idle,1,,3,9,idle,13,13,0,38,39,1,4,4,vqc-zfm-realamp,breast_cancer_z_r2_q4_s0,breast_cancer,z,2,breast_cancer_z_r2_q4_s0__h_idle_s1.qasm
h,controlled,2,,0,4,interface,13,13,0,38,39,1,4,4,vqc-zfm-realamp,breast_cancer_z_r2_q4_s0,breast_cancer,z,2,breast_cancer_z_r2_q4_s0__h_controlled_s2.qasm
t,random,10,,3,10,random,13,13,0,38,39,1,4,4,vqc-zfm-realamp,breast_cancer_z_r2_q4_s0,breast_cancer,z,2,breast_cancer_z_r2_q4_s0__t_random_s10.qasm
t,idle,11,,0,5,idle,13,13,0,38,39,1,4,4,vqc-zfm-realamp,breast_cancer_z_r2_q4_s0,breast_cancer,z,2,breast_cancer_z_r2_q4_s0__t_idle_s11.qasm
t,controlled,12,,0,4,interface,13,13,0,38,39,1,4,4,vqc-zfm-realamp,breast_cancer_z_r2_q4_s0,breast_cancer,z,2,breast_cancer_z_r2_q4_s0__t_controlled_s12.qasm
x,random,20,,3,3,random,13,14,1,38,39,1,4,4,vqc-zfm-realamp,breast_cancer_z_r2_q4_s0,breast_cancer,z,2,breast_cancer_z_r2_q4_s0__x_random_s20.qasm
x,idle,21,,0,7,idle,13,13,0,38,39,1,4,4,vqc-zfm-realamp,breast_cancer_z_r2_q4_s0,breast_cancer,z,2,breast_cancer_z_r2_q4_s0__x_idle_s21.qasm
x,controlled,22,,0,4,interface,13,13,0,38,39,1,4,4,vqc-zfm-realamp,breast_cancer_z_r2_q4_s0,breast_cancer,z,2,breast_cancer_z_r2_q4_s0__x_controlled_s22.qasm
y,random,30,,0,2,random,13,13,0,38,39,1,4,4,vqc-zfm-realamp,breast_cancer_z_r2_q4_s0,breast_cancer,z,2,breast_cancer_z_r2_q4_s0__y_random_s30.qasm
y,idle,31,,0,9,idle,13,14,1,38,39,1,4,4,vqc-zfm-realamp,breast_cancer_z_r2_q4_s0,breast_cancer,z,2,breast_cancer_z_r2_q4_s0__y_idle_s31.qasm
y,controlled,32,,0,4,interface,13,13,0,38,39,1,4,4,vqc-zfm-realamp,breast_cancer_z_r2_q4_s0,breast_cancer,z,2,breast_cancer_z_r2_q4_s0__y_controlled_s32.qasm
z,random,40,,2,9,random,13,14,1,38,39,1,4,4,vqc-zfm-realamp,breast_cancer_z_r2_q4_s0,breast_cancer,z,2,breast_cancer_z_r2_q4_s0__z_random_s40.qasm
z,idle,41,,2,11,idle,13,13,0,38,39,1,4,4,vqc-zfm-realamp,breast_cancer_z_r2_q4_s0,breast_cancer,z,2,breast_cancer_z_r2_q4_s0__z_idle_s41.qasm
z,controlled,42,,0,4,interface,13,13,0,38,39,1,4,4,vqc-zfm-realamp,breast_cancer_z_r2_q4_s0,breast_cancer,z,2,breast_cancer_z_r2_q4_s0__z_controlled_s42.qasm
h,random,1000,,0,5,random,13,13,0,38,39,1,4,4,vqc-zfm-realamp,breast_cancer_z_r2_q4_s1,breast_cancer,z,2,breast_cancer_z_r2_q4_s1__h_random_s1000.qasm
h,idle,1001,,2,11,idle,13,13,0,38,39,1,4,4,vqc-zfm-realamp,breast_cancer_z_r2_q4_s1,breast_cancer,z,2,breast_cancer_z_r2_q4_s1__h_idle_s1001.qasm
h,controlled,1002,,0,4,interface,13,13,0,38,39,1,4,4,vqc-zfm-realamp,breast_cancer_z_r2_q4_s1,breast_cancer,z,2,breast_cancer_z_r2_q4_s1__h_controlled_s1002.qasm
t,random,1010,,2,1,random,13,14,1,38,39,1,4,4,vqc-zfm-realamp,breast_cancer_z_r2_q4_s1,breast_cancer,z,2,breast_cancer_z_r2_q4_s1__t_random_s1010.qasm
t,idle,1011,,0,7,idle,13,13,0,38,39,1,4,4,vqc-zfm-realamp,breast_cancer_z_r2_q4_s1,breast_cancer,z,2,breast_cancer_z_r2_q4_s1__t_idle_s1011.qasm
t,controlled,1012,,0,4,interface,13,13,0,38,39,1,4,4,vqc-zfm-realamp,breast_cancer_z_r2_q4_s1,breast_cancer,z,2,breast_cancer_z_r2_q4_s1__t_controlled_s1012.qasm
x,random,1020,,3,6,random,13,13,0,38,39,1,4,4,vqc-zfm-realamp,breast_cancer_z_r2_q4_s1,breast_cancer,z,2,breast_cancer_z_r2_q4_s1__x_random_s1020.qasm
x,idle,1021,,0,5,idle,13,13,0,38,39,1,4,4,vqc-zfm-realamp,breast_cancer_z_r2_q4_s1,breast_cancer,z,2,breast_cancer_z_r2_q4_s1__x_idle_s1021.qasm
x,controlled,1022,,0,4,interface,13,13,0,38,39,1,4,4,vqc-zfm-realamp,breast_cancer_z_r2_q4_s1,breast_cancer,z,2,breast_cancer_z_r2_q4_s1__x_controlled_s1022.qasm
y,random,1030,,1,3,random,13,13,0,38,39,1,4,4,vqc-zfm-realamp,breast_cancer_z_r2_q4_s1,breast_cancer,z,2,breast_cancer_z_r2_q4_s1__y_random_s1030.qasm
y,idle,1031,,2,11,idle,13,13,0,38,39,1,4,4,vqc-zfm-realamp,breast_cancer_z_r2_q4_s1,breast_cancer,z,2,breast_cancer_z_r2_q4_s1__y_idle_s1031.qasm
y,controlled,1032,,0,4,interface,13,13,0,38,39,1,4,4,vqc-zfm-realamp,breast_cancer_z_r2_q4_s1,breast_cancer,z,2,breast_cancer_z_r2_q4_s1__y_controlled_s1032.qasm
z,random,1040,,1,10,random,13,14,1,38,39,1,4,4,vqc-zfm-realamp,breast_cancer_z_r2_q4_s1,breast_cancer,z,2,breast_cancer_z_r2_q4_s1__z_random_s1040.qasm
z,idle,1041,,2,11,idle,13,13,0,38,39,1,4,4,vqc-zfm-realamp,breast_cancer_z_r2_q4_s1,breast_cancer,z,2,breast_cancer_z_r2_q4_s1__z_idle_s1041.qasm
z,controlled,1042,,0,4,interface,13,13,0,38,39,1,4,4,vqc-zfm-realamp,breast_cancer_z_r2_q4_s1,breast_cancer,z,2,breast_cancer_z_r2_q4_s1__z_controlled_s1042.qasm
h,random,2000,,0,6,random,13,13,0,38,39,1,4,4,vqc-zfm-realamp,breast_cancer_z_r2_q4_s2,breast_cancer,z,2,breast_cancer_z_r2_q4_s2__h_random_s2000.qasm
h,idle,2001,,0,5,idle,13,13,0,38,39,1,4,4,vqc-zfm-realamp,breast_cancer_z_r2_q4_s2,breast_cancer,z,2,breast_cancer_z_r2_q4_s2__h_idle_s2001.qasm
h,controlled,2002,,0,4,interface,13,13,0,38,39,1,4,4,vqc-zfm-realamp,breast_cancer_z_r2_q4_s2,breast_cancer,z,2,breast_cancer_z_r2_q4_s2__h_controlled_s2002.qasm
t,random,2010,,3,2,random,13,14,1,38,39,1,4,4,vqc-zfm-realamp,breast_cancer_z_r2_q4_s2,breast_cancer,z,2,breast_cancer_z_r2_q4_s2__t_random_s2010.qasm
t,idle,2011,,3,9,idle,13,13,0,38,39,1,4,4,vqc-zfm-realamp,breast_cancer_z_r2_q4_s2,breast_cancer,z,2,breast_cancer_z_r2_q4_s2__t_idle_s2011.qasm
t,controlled,2012,,0,4,interface,13,13,0,38,39,1,4,4,vqc-zfm-realamp,breast_cancer_z_r2_q4_s2,breast_cancer,z,2,breast_cancer_z_r2_q4_s2__t_controlled_s2012.qasm
x,random,2020,,0,5,random,13,13,0,38,39,1,4,4,vqc-zfm-realamp,breast_cancer_z_r2_q4_s2,breast_cancer,z,2,breast_cancer_z_r2_q4_s2__x_random_s2020.qasm
x,idle,2021,,0,9,idle,13,14,1,38,39,1,4,4,vqc-zfm-realamp,breast_cancer_z_r2_q4_s2,breast_cancer,z,2,breast_cancer_z_r2_q4_s2__x_idle_s2021.qasm
x,controlled,2022,,0,4,interface,13,13,0,38,39,1,4,4,vqc-zfm-realamp,breast_cancer_z_r2_q4_s2,breast_cancer,z,2,breast_cancer_z_r2_q4_s2__x_controlled_s2022.qasm
y,random,2030,,0,4,random,13,13,0,38,39,1,4,4,vqc-zfm-realamp,breast_cancer_z_r2_q4_s2,breast_cancer,z,2,breast_cancer_z_r2_q4_s2__y_random_s2030.qasm
y,idle,2031,,1,11,idle,13,14,1,38,39,1,4,4,vqc-zfm-realamp,breast_cancer_z_r2_q4_s2,breast_cancer,z,2,breast_cancer_z_r2_q4_s2__y_idle_s2031.qasm
y,controlled,2032,,0,4,interface,13,13,0,38,39,1,4,4,vqc-zfm-realamp,breast_cancer_z_r2_q4_s2,breast_cancer,z,2,breast_cancer_z_r2_q4_s2__y_controlled_s2032.qasm
z,random,2040,,2,8,random,13,14,1,38,39,1,4,4,vqc-zfm-realamp,breast_cancer_z_r2_q4_s2,breast_cancer,z,2,breast_cancer_z_r2_q4_s2__z_random_s2040.qasm
z,idle,2041,,0,9,idle,13,14,1,38,39,1,4,4,vqc-zfm-realamp,breast_cancer_z_r2_q4_s2,breast_cancer,z,2,breast_cancer_z_r2_q4_s2__z_idle_s2041.qasm
z,controlled,2042,,0,4,interface,13,13,0,38,39,1,4,4,vqc-zfm-realamp,breast_cancer_z_r2_q4_s2,breast_cancer,z,2,breast_cancer_z_r2_q4_s2__z_controlled_s2042.qasm
h,random,0,,1,8,random,12,13,1,21,22,1,2,2,vqc-zfm-realamp,breast_cancer_z_r3_q2_s0,breast_cancer,z,3,breast_cancer_z_r3_q2_s0__h_random_s0.qasm
h,idle,1,,1,11,idle,12,13,1,21,22,1,2,2,vqc-zfm-realamp,breast_cancer_z_r3_q2_s0,breast_cancer,z,3,breast_cancer_z_r3_q2_s0__h_idle_s1.qasm
h,controlled,2,,0,4,interface,12,13,1,21,22,1,2,2,vqc-zfm-realamp,breast_cancer_z_r3_q2_s0,breast_cancer,z,3,breast_cancer_z_r3_q2_s0__h_controlled_s2.qasm
t,random,10,,1,12,random,12,13,1,21,22,1,2,2,vqc-zfm-realamp,breast_cancer_z_r3_q2_s0,breast_cancer,z,3,breast_cancer_z_r3_q2_s0__t_random_s10.qasm
t,idle,11,,0,11,idle,12,13,1,21,22,1,2,2,vqc-zfm-realamp,breast_cancer_z_r3_q2_s0,breast_cancer,z,3,breast_cancer_z_r3_q2_s0__t_idle_s11.qasm
t,controlled,12,,0,4,interface,12,13,1,21,22,1,2,2,vqc-zfm-realamp,breast_cancer_z_r3_q2_s0,breast_cancer,z,3,breast_cancer_z_r3_q2_s0__t_controlled_s12.qasm
x,random,20,,1,3,random,12,13,1,21,22,1,2,2,vqc-zfm-realamp,breast_cancer_z_r3_q2_s0,breast_cancer,z,3,breast_cancer_z_r3_q2_s0__x_random_s20.qasm
x,idle,21,,1,11,idle,12,13,1,21,22,1,2,2,vqc-zfm-realamp,breast_cancer_z_r3_q2_s0,breast_cancer,z,3,breast_cancer_z_r3_q2_s0__x_idle_s21.qasm
x,controlled,22,,0,4,interface,12,13,1,21,22,1,2,2,vqc-zfm-realamp,breast_cancer_z_r3_q2_s0,breast_cancer,z,3,breast_cancer_z_r3_q2_s0__x_controlled_s22.qasm
y,random,30,,0,3,random,12,13,1,21,22,1,2,2,vqc-zfm-realamp,breast_cancer_z_r3_q2_s0,breast_cancer,z,3,breast_cancer_z_r3_q2_s0__y_random_s30.qasm
y,idle,31,,0,11,idle,12,13,1,21,22,1,2,2,vqc-zfm-realamp,breast_cancer_z_r3_q2_s0,breast_cancer,z,3,breast_cancer_z_r3_q2_s0__y_idle_s31.qasm
y,controlled,32,,0,4,interface,12,13,1,21,22,1,2,2,vqc-zfm-realamp,breast_cancer_z_r3_q2_s0,breast_cancer,z,3,breast_cancer_z_r3_q2_s0__y_controlled_s32.qasm
z,random,40,,1,9,random,12,13,1,21,22,1,2,2,vqc-zfm-realamp,breast_cancer_z_r3_q2_s0,breast_cancer,z,3,breast_cancer_z_r3_q2_s0__z_random_s40.qasm
z,idle,41,,0,11,idle,12,13,1,21,22,1,2,2,vqc-zfm-realamp,breast_cancer_z_r3_q2_s0,breast_cancer,z,3,breast_cancer_z_r3_q2_s0__z_idle_s41.qasm
z,controlled,42,,0,4,interface,12,13,1,21,22,1,2,2,vqc-zfm-realamp,breast_cancer_z_r3_q2_s0,breast_cancer,z,3,breast_cancer_z_r3_q2_s0__z_controlled_s42.qasm
h,random,1000,,0,6,random,12,13,1,21,22,1,2,2,vqc-zfm-realamp,breast_cancer_z_r3_q2_s1,breast_cancer,z,3,breast_cancer_z_r3_q2_s1__h_random_s1000.qasm
h,idle,1001,,1,11,idle,12,13,1,21,22,1,2,2,vqc-zfm-realamp,breast_cancer_z_r3_q2_s1,breast_cancer,z,3,breast_cancer_z_r3_q2_s1__h_idle_s1001.qasm
h,controlled,1002,,0,4,interface,12,13,1,21,22,1,2,2,vqc-zfm-realamp,breast_cancer_z_r3_q2_s1,breast_cancer,z,3,breast_cancer_z_r3_q2_s1__h_controlled_s1002.qasm
t,random,1010,,1,1,random,12,13,1,21,22,1,2,2,vqc-zfm-realamp,breast_cancer_z_r3_q2_s1,breast_cancer,z,3,breast_cancer_z_r3_q2_s1__t_random_s1010.qasm
t,idle,1011,,1,11,idle,12,13,1,21,22,1,2,2,vqc-zfm-realamp,breast_cancer_z_r3_q2_s1,breast_cancer,z,3,breast_cancer_z_r3_q2_s1__t_idle_s1011.qasm
t,controlled,1012,,0,4,interface,12,13,1,21,22,1,2,2,vqc-zfm-realamp,breast_cancer_z_r3_q2_s1,breast_cancer,z,3,breast_cancer_z_r3_q2_s1__t_controlled_s1012.qasm
x,random,1020,,1,7,random,12,13,1,21,22,1,2,2,vqc-zfm-realamp,breast_cancer_z_r3_q2_s1,breast_cancer,z,3,breast_cancer_z_r3_q2_s1__x_random_s1020.qasm
x,idle,1021,,0,11,idle,12,13,1,21,22,1,2,2,vqc-zfm-realamp,breast_cancer_z_r3_q2_s1,breast_cancer,z,3,breast_cancer_z_r3_q2_s1__x_idle_s1021.qasm
x,controlled,1022,,0,4,interface,12,13,1,21,22,1,2,2,vqc-zfm-realamp,breast_cancer_z_r3_q2_s1,breast_cancer,z,3,breast_cancer_z_r3_q2_s1__x_controlled_s1022.qasm
y,random,1030,,0,3,random,12,13,1,21,22,1,2,2,vqc-zfm-realamp,breast_cancer_z_r3_q2_s1,breast_cancer,z,3,breast_cancer_z_r3_q2_s1__y_random_s1030.qasm
y,idle,1031,,1,11,idle,12,13,1,21,22,1,2,2,vqc-zfm-realamp,breast_cancer_z_r3_q2_s1,breast_cancer,z,3,breast_cancer_z_r3_q2_s1__y_idle_s1031.qasm
y,controlled,1032,,0,4,interface,12,13,1,21,22,1,2,2,vqc-zfm-realamp,breast_cancer_z_r3_q2_s1,breast_cancer,z,3,breast_cancer_z_r3_q2_s1__y_controlled_s1032.qasm
z,random,1040,,0,10,random,12,13,1,21,22,1,2,2,vqc-zfm-realamp,breast_cancer_z_r3_q2_s1,breast_cancer,z,3,breast_cancer_z_r3_q2_s1__z_random_s1040.qasm
z,idle,1041,,1,11,idle,12,13,1,21,22,1,2,2,vqc-zfm-realamp,breast_cancer_z_r3_q2_s1,breast_cancer,z,3,breast_cancer_z_r3_q2_s1__z_idle_s1041.qasm
z,controlled,1042,,0,4,interface,12,13,1,21,22,1,2,2,vqc-zfm-realamp,breast_cancer_z_r3_q2_s1,breast_cancer,z,3,breast_cancer_z_r3_q2_s1__z_controlled_s1042.qasm
h,random,2000,,0,7,random,12,13,1,21,22,1,2,2,vqc-zfm-realamp,breast_cancer_z_r3_q2_s2,breast_cancer,z,3,breast_cancer_z_r3_q2_s2__h_random_s2000.qasm
h,idle,2001,,0,11,idle,12,13,1,21,22,1,2,2,vqc-zfm-realamp,breast_cancer_z_r3_q2_s2,breast_cancer,z,3,breast_cancer_z_r3_q2_s2__h_idle_s2001.qasm
h,controlled,2002,,0,4,interface,12,13,1,21,22,1,2,2,vqc-zfm-realamp,breast_cancer_z_r3_q2_s2,breast_cancer,z,3,breast_cancer_z_r3_q2_s2__h_controlled_s2002.qasm
t,random,2010,,1,3,random,12,13,1,21,22,1,2,2,vqc-zfm-realamp,breast_cancer_z_r3_q2_s2,breast_cancer,z,3,breast_cancer_z_r3_q2_s2__t_random_s2010.qasm
t,idle,2011,,0,11,idle,12,13,1,21,22,1,2,2,vqc-zfm-realamp,breast_cancer_z_r3_q2_s2,breast_cancer,z,3,breast_cancer_z_r3_q2_s2__t_idle_s2011.qasm
t,controlled,2012,,0,4,interface,12,13,1,21,22,1,2,2,vqc-zfm-realamp,breast_cancer_z_r3_q2_s2,breast_cancer,z,3,breast_cancer_z_r3_q2_s2__t_controlled_s2012.qasm
x,random,2020,,0,6,random,12,13,1,21,22,1,2,2,vqc-zfm-realamp,breast_cancer_z_r3_q2_s2,breast_cancer,z,3,breast_cancer_z_r3_q2_s2__x_random_s2020.qasm
x,idle,2021,,1,11,idle,12,13,1,21,22,1,2,2,vqc-zfm-realamp,breast_cancer_z_r3_q2_s2,breast_cancer,z,3,breast_cancer_z_r3_q2_s2__x_idle_s2021.qasm
x,controlled,2022,,0,4,interface,12,13,1,21,22,1,2,2,vqc-zfm-realamp,breast_cancer_z_r3_q2_s2,breast_cancer,z,3,breast_cancer_z_r3_q2_s2__x_controlled_s2022.qasm
y,random,2030,,0,5,random,12,13,1,21,22,1,2,2,vqc-zfm-realamp,breast_cancer_z_r3_q2_s2,breast_cancer,z,3,breast_cancer_z_r3_q2_s2__y_random_s2030.qasm
y,idle,2031,,0,11,idle,12,13,1,21,22,1,2,2,vqc-zfm-realamp,breast_cancer_z_r3_q2_s2,breast_cancer,z,3,breast_cancer_z_r3_q2_s2__y_idle_s2031.qasm
y,controlled,2032,,0,4,interface,12,13,1,21,22,1,2,2,vqc-zfm-realamp,breast_cancer_z_r3_q2_s2,breast_cancer,z,3,breast_cancer_z_r3_q2_s2__y_controlled_s2032.qasm
z,random,2040,,1,8,random,12,13,1,21,22,1,2,2,vqc-zfm-realamp,breast_cancer_z_r3_q2_s2,breast_cancer,z,3,breast_cancer_z_r3_q2_s2__z_random_s2040.qasm
z,idle,2041,,0,11,idle,12,13,1,21,22,1,2,2,vqc-zfm-realamp,breast_cancer_z_r3_q2_s2,breast_cancer,z,3,breast_cancer_z_r3_q2_s2__z_idle_s2041.qasm
z,controlled,2042,,0,4,interface,12,13,1,21,22,1,2,2,vqc-zfm-realamp,breast_cancer_z_r3_q2_s2,breast_cancer,z,3,breast_cancer_z_r3_q2_s2__z_controlled_s2042.qasm
h,random,0,,3,8,random,16,16,0,45,46,1,4,4,vqc-zfm-realamp,breast_cancer_z_r3_q4_s0,breast_cancer,z,3,breast_cancer_z_r3_q4_s0__h_random_s0.qasm
h,idle,1,,2,14,idle,16,16,0,45,46,1,4,4,vqc-zfm-realamp,breast_cancer_z_r3_q4_s0,breast_cancer,z,3,breast_cancer_z_r3_q4_s0__h_idle_s1.qasm
h,controlled,2,,0,4,interface,16,16,0,45,46,1,4,4,vqc-zfm-realamp,breast_cancer_z_r3_q4_s0,breast_cancer,z,3,breast_cancer_z_r3_q4_s0__h_controlled_s2.qasm
t,random,10,,3,12,random,16,16,0,45,46,1,4,4,vqc-zfm-realamp,breast_cancer_z_r3_q4_s0,breast_cancer,z,3,breast_cancer_z_r3_q4_s0__t_random_s10.qasm
t,idle,11,,0,5,idle,16,16,0,45,46,1,4,4,vqc-zfm-realamp,breast_cancer_z_r3_q4_s0,breast_cancer,z,3,breast_cancer_z_r3_q4_s0__t_idle_s11.qasm
t,controlled,12,,0,4,interface,16,16,0,45,46,1,4,4,vqc-zfm-realamp,breast_cancer_z_r3_q4_s0,breast_cancer,z,3,breast_cancer_z_r3_q4_s0__t_controlled_s12.qasm
x,random,20,,3,3,random,16,17,1,45,46,1,4,4,vqc-zfm-realamp,breast_cancer_z_r3_q4_s0,breast_cancer,z,3,breast_cancer_z_r3_q4_s0__x_random_s20.qasm
x,idle,21,,3,9,idle,16,16,0,45,46,1,4,4,vqc-zfm-realamp,breast_cancer_z_r3_q4_s0,breast_cancer,z,3,breast_cancer_z_r3_q4_s0__x_idle_s21.qasm
x,controlled,22,,0,4,interface,16,16,0,45,46,1,4,4,vqc-zfm-realamp,breast_cancer_z_r3_q4_s0,breast_cancer,z,3,breast_cancer_z_r3_q4_s0__x_controlled_s22.qasm
y,random,30,,0,3,random,16,16,0,45,46,1,4,4,vqc-zfm-realamp,breast_cancer_z_r3_q4_s0,breast_cancer,z,3,breast_cancer_z_r3_q4_s0__y_random_s30.qasm
y,idle,31,,3,11,idle,16,16,0,45,46,1,4,4,vqc-zfm-realamp,breast_cancer_z_r3_q4_s0,breast_cancer,z,3,breast_cancer_z_r3_q4_s0__y_idle_s31.qasm
y,controlled,32,,0,4,interface,16,16,0,45,46,1,4,4,vqc-zfm-realamp,breast_cancer_z_r3_q4_s0,breast_cancer,z,3,breast_cancer_z_r3_q4_s0__y_controlled_s32.qasm
z,random,40,,2,11,random,16,17,1,45,46,1,4,4,vqc-zfm-realamp,breast_cancer_z_r3_q4_s0,breast_cancer,z,3,breast_cancer_z_r3_q4_s0__z_random_s40.qasm
z,idle,41,,1,14,idle,16,17,1,45,46,1,4,4,vqc-zfm-realamp,breast_cancer_z_r3_q4_s0,breast_cancer,z,3,breast_cancer_z_r3_q4_s0__z_idle_s41.qasm
z,controlled,42,,0,4,interface,16,16,0,45,46,1,4,4,vqc-zfm-realamp,breast_cancer_z_r3_q4_s0,breast_cancer,z,3,breast_cancer_z_r3_q4_s0__z_controlled_s42.qasm
h,random,1000,,0,6,random,16,16,0,45,46,1,4,4,vqc-zfm-realamp,breast_cancer_z_r3_q4_s1,breast_cancer,z,3,breast_cancer_z_r3_q4_s1__h_random_s1000.qasm
h,idle,1001,,2,14,idle,16,16,0,45,46,1,4,4,vqc-zfm-realamp,breast_cancer_z_r3_q4_s1,breast_cancer,z,3,breast_cancer_z_r3_q4_s1__h_idle_s1001.qasm
h,controlled,1002,,0,4,interface,16,16,0,45,46,1,4,4,vqc-zfm-realamp,breast_cancer_z_r3_q4_s1,breast_cancer,z,3,breast_cancer_z_r3_q4_s1__h_controlled_s1002.qasm
t,random,1010,,2,1,random,16,17,1,45,46,1,4,4,vqc-zfm-realamp,breast_cancer_z_r3_q4_s1,breast_cancer,z,3,breast_cancer_z_r3_q4_s1__t_random_s1010.qasm
t,idle,1011,,3,9,idle,16,16,0,45,46,1,4,4,vqc-zfm-realamp,breast_cancer_z_r3_q4_s1,breast_cancer,z,3,breast_cancer_z_r3_q4_s1__t_idle_s1011.qasm
t,controlled,1012,,0,4,interface,16,16,0,45,46,1,4,4,vqc-zfm-realamp,breast_cancer_z_r3_q4_s1,breast_cancer,z,3,breast_cancer_z_r3_q4_s1__t_controlled_s1012.qasm
x,random,1020,,3,7,random,16,16,0,45,46,1,4,4,vqc-zfm-realamp,breast_cancer_z_r3_q4_s1,breast_cancer,z,3,breast_cancer_z_r3_q4_s1__x_random_s1020.qasm
x,idle,1021,,3,7,idle,16,16,0,45,46,1,4,4,vqc-zfm-realamp,breast_cancer_z_r3_q4_s1,breast_cancer,z,3,breast_cancer_z_r3_q4_s1__x_idle_s1021.qasm
x,controlled,1022,,0,4,interface,16,16,0,45,46,1,4,4,vqc-zfm-realamp,breast_cancer_z_r3_q4_s1,breast_cancer,z,3,breast_cancer_z_r3_q4_s1__x_controlled_s1022.qasm
y,random,1030,,1,3,random,16,16,0,45,46,1,4,4,vqc-zfm-realamp,breast_cancer_z_r3_q4_s1,breast_cancer,z,3,breast_cancer_z_r3_q4_s1__y_random_s1030.qasm
y,idle,1031,,2,14,idle,16,16,0,45,46,1,4,4,vqc-zfm-realamp,breast_cancer_z_r3_q4_s1,breast_cancer,z,3,breast_cancer_z_r3_q4_s1__y_idle_s1031.qasm
y,controlled,1032,,0,4,interface,16,16,0,45,46,1,4,4,vqc-zfm-realamp,breast_cancer_z_r3_q4_s1,breast_cancer,z,3,breast_cancer_z_r3_q4_s1__y_controlled_s1032.qasm
z,random,1040,,1,13,random,16,17,1,45,46,1,4,4,vqc-zfm-realamp,breast_cancer_z_r3_q4_s1,breast_cancer,z,3,breast_cancer_z_r3_q4_s1__z_random_s1040.qasm
z,idle,1041,,1,14,idle,16,17,1,45,46,1,4,4,vqc-zfm-realamp,breast_cancer_z_r3_q4_s1,breast_cancer,z,3,breast_cancer_z_r3_q4_s1__z_idle_s1041.qasm
z,controlled,1042,,0,4,interface,16,16,0,45,46,1,4,4,vqc-zfm-realamp,breast_cancer_z_r3_q4_s1,breast_cancer,z,3,breast_cancer_z_r3_q4_s1__z_controlled_s1042.qasm
h,random,2000,,0,7,random,16,16,0,45,46,1,4,4,vqc-zfm-realamp,breast_cancer_z_r3_q4_s2,breast_cancer,z,3,breast_cancer_z_r3_q4_s2__h_random_s2000.qasm
h,idle,2001,,0,5,idle,16,16,0,45,46,1,4,4,vqc-zfm-realamp,breast_cancer_z_r3_q4_s2,breast_cancer,z,3,breast_cancer_z_r3_q4_s2__h_idle_s2001.qasm
h,controlled,2002,,0,4,interface,16,16,0,45,46,1,4,4,vqc-zfm-realamp,breast_cancer_z_r3_q4_s2,breast_cancer,z,3,breast_cancer_z_r3_q4_s2__h_controlled_s2002.qasm
t,random,2010,,3,3,random,16,17,1,45,46,1,4,4,vqc-zfm-realamp,breast_cancer_z_r3_q4_s2,breast_cancer,z,3,breast_cancer_z_r3_q4_s2__t_random_s2010.qasm
t,idle,2011,,2,14,idle,16,16,0,45,46,1,4,4,vqc-zfm-realamp,breast_cancer_z_r3_q4_s2,breast_cancer,z,3,breast_cancer_z_r3_q4_s2__t_idle_s2011.qasm
t,controlled,2012,,0,4,interface,16,16,0,45,46,1,4,4,vqc-zfm-realamp,breast_cancer_z_r3_q4_s2,breast_cancer,z,3,breast_cancer_z_r3_q4_s2__t_controlled_s2012.qasm
x,random,2020,,0,6,random,16,16,0,45,46,1,4,4,vqc-zfm-realamp,breast_cancer_z_r3_q4_s2,breast_cancer,z,3,breast_cancer_z_r3_q4_s2__x_random_s2020.qasm
x,idle,2021,,3,11,idle,16,16,0,45,46,1,4,4,vqc-zfm-realamp,breast_cancer_z_r3_q4_s2,breast_cancer,z,3,breast_cancer_z_r3_q4_s2__x_idle_s2021.qasm
x,controlled,2022,,0,4,interface,16,16,0,45,46,1,4,4,vqc-zfm-realamp,breast_cancer_z_r3_q4_s2,breast_cancer,z,3,breast_cancer_z_r3_q4_s2__x_controlled_s2022.qasm
y,random,2030,,0,5,random,16,16,0,45,46,1,4,4,vqc-zfm-realamp,breast_cancer_z_r3_q4_s2,breast_cancer,z,3,breast_cancer_z_r3_q4_s2__y_random_s2030.qasm
y,idle,2031,,0,11,idle,16,17,1,45,46,1,4,4,vqc-zfm-realamp,breast_cancer_z_r3_q4_s2,breast_cancer,z,3,breast_cancer_z_r3_q4_s2__y_idle_s2031.qasm
y,controlled,2032,,0,4,interface,16,16,0,45,46,1,4,4,vqc-zfm-realamp,breast_cancer_z_r3_q4_s2,breast_cancer,z,3,breast_cancer_z_r3_q4_s2__y_controlled_s2032.qasm
z,random,2040,,2,11,random,16,17,1,45,46,1,4,4,vqc-zfm-realamp,breast_cancer_z_r3_q4_s2,breast_cancer,z,3,breast_cancer_z_r3_q4_s2__z_random_s2040.qasm
z,idle,2041,,3,11,idle,16,16,0,45,46,1,4,4,vqc-zfm-realamp,breast_cancer_z_r3_q4_s2,breast_cancer,z,3,breast_cancer_z_r3_q4_s2__z_idle_s2041.qasm
z,controlled,2042,,0,4,interface,16,16,0,45,46,1,4,4,vqc-zfm-realamp,breast_cancer_z_r3_q4_s2,breast_cancer,z,3,breast_cancer_z_r3_q4_s2__z_controlled_s2042.qasm
h,random,0,,1,9,random,14,15,1,21,22,1,2,2,vqc-zzfm-realamp,breast_cancer_zz_r1_q2_s0,breast_cancer,zz,1,breast_cancer_zz_r1_q2_s0__h_random_s0.qasm
h,idle,1,,0,11,idle,14,15,1,21,22,1,2,2,vqc-zzfm-realamp,breast_cancer_zz_r1_q2_s0,breast_cancer,zz,1,breast_cancer_zz_r1_q2_s0__h_idle_s1.qasm
h,controlled,2,,0,8,interface,14,15,1,21,22,1,2,2,vqc-zzfm-realamp,breast_cancer_zz_r1_q2_s0,breast_cancer,zz,1,breast_cancer_zz_r1_q2_s0__h_controlled_s2.qasm
t,random,10,,1,14,random,14,15,1,21,22,1,2,2,vqc-zzfm-realamp,breast_cancer_zz_r1_q2_s0,breast_cancer,zz,1,breast_cancer_zz_r1_q2_s0__t_random_s10.qasm
t,idle,11,,0,3,idle,14,14,0,21,22,1,2,2,vqc-zzfm-realamp,breast_cancer_zz_r1_q2_s0,breast_cancer,zz,1,breast_cancer_zz_r1_q2_s0__t_idle_s11.qasm
t,controlled,12,,0,8,interface,14,15,1,21,22,1,2,2,vqc-zzfm-realamp,breast_cancer_zz_r1_q2_s0,breast_cancer,zz,1,breast_cancer_zz_r1_q2_s0__t_controlled_s12.qasm
x,random,20,,1,4,random,14,15,1,21,22,1,2,2,vqc-zzfm-realamp,breast_cancer_zz_r1_q2_s0,breast_cancer,zz,1,breast_cancer_zz_r1_q2_s0__x_random_s20.qasm
x,idle,21,,0,7,idle,14,14,0,21,22,1,2,2,vqc-zzfm-realamp,breast_cancer_zz_r1_q2_s0,breast_cancer,zz,1,breast_cancer_zz_r1_q2_s0__x_idle_s21.qasm
x,controlled,22,,0,8,interface,14,15,1,21,22,1,2,2,vqc-zzfm-realamp,breast_cancer_zz_r1_q2_s0,breast_cancer,zz,1,breast_cancer_zz_r1_q2_s0__x_controlled_s22.qasm
y,random,30,,0,3,random,14,14,0,21,22,1,2,2,vqc-zzfm-realamp,breast_cancer_zz_r1_q2_s0,breast_cancer,zz,1,breast_cancer_zz_r1_q2_s0__y_random_s30.qasm
y,idle,31,,1,13,idle,14,15,1,21,22,1,2,2,vqc-zzfm-realamp,breast_cancer_zz_r1_q2_s0,breast_cancer,zz,1,breast_cancer_zz_r1_q2_s0__y_idle_s31.qasm
y,controlled,32,,0,8,interface,14,15,1,21,22,1,2,2,vqc-zzfm-realamp,breast_cancer_zz_r1_q2_s0,breast_cancer,zz,1,breast_cancer_zz_r1_q2_s0__y_controlled_s32.qasm
z,random,40,,1,10,random,14,15,1,21,22,1,2,2,vqc-zzfm-realamp,breast_cancer_zz_r1_q2_s0,breast_cancer,zz,1,breast_cancer_zz_r1_q2_s0__z_random_s40.qasm
z,idle,41,,1,13,idle,14,15,1,21,22,1,2,2,vqc-zzfm-realamp,breast_cancer_zz_r1_q2_s0,breast_cancer,zz,1,breast_cancer_zz_r1_q2_s0__z_idle_s41.qasm
z,controlled,42,,0,8,interface,14,15,1,21,22,1,2,2,vqc-zzfm-realamp,breast_cancer_zz_r1_q2_s0,breast_cancer,zz,1,breast_cancer_zz_r1_q2_s0__z_controlled_s42.qasm
h,random,1000,,0,6,random,14,15,1,21,22,1,2,2,vqc-zzfm-realamp,breast_cancer_zz_r1_q2_s1,breast_cancer,zz,1,breast_cancer_zz_r1_q2_s1__h_random_s1000.qasm
h,idle,1001,,1,13,idle,14,15,1,21,22,1,2,2,vqc-zzfm-realamp,breast_cancer_zz_r1_q2_s1,breast_cancer,zz,1,breast_cancer_zz_r1_q2_s1__h_idle_s1001.qasm
h,controlled,1002,,0,8,interface,14,15,1,21,22,1,2,2,vqc-zzfm-realamp,breast_cancer_zz_r1_q2_s1,breast_cancer,zz,1,breast_cancer_zz_r1_q2_s1__h_controlled_s1002.qasm
t,random,1010,,1,1,random,14,15,1,21,22,1,2,2,vqc-zzfm-realamp,breast_cancer_zz_r1_q2_s1,breast_cancer,zz,1,breast_cancer_zz_r1_q2_s1__t_random_s1010.qasm
t,idle,1011,,0,7,idle,14,14,0,21,22,1,2,2,vqc-zzfm-realamp,breast_cancer_zz_r1_q2_s1,breast_cancer,zz,1,breast_cancer_zz_r1_q2_s1__t_idle_s1011.qasm
t,controlled,1012,,0,8,interface,14,15,1,21,22,1,2,2,vqc-zzfm-realamp,breast_cancer_zz_r1_q2_s1,breast_cancer,zz,1,breast_cancer_zz_r1_q2_s1__t_controlled_s1012.qasm
x,random,1020,,1,8,random,14,15,1,21,22,1,2,2,vqc-zzfm-realamp,breast_cancer_zz_r1_q2_s1,breast_cancer,zz,1,breast_cancer_zz_r1_q2_s1__x_random_s1020.qasm
x,idle,1021,,0,7,idle,14,14,0,21,22,1,2,2,vqc-zzfm-realamp,breast_cancer_zz_r1_q2_s1,breast_cancer,zz,1,breast_cancer_zz_r1_q2_s1__x_idle_s1021.qasm
x,controlled,1022,,0,8,interface,14,15,1,21,22,1,2,2,vqc-zzfm-realamp,breast_cancer_zz_r1_q2_s1,breast_cancer,zz,1,breast_cancer_zz_r1_q2_s1__x_controlled_s1022.qasm
y,random,1030,,0,3,random,14,14,0,21,22,1,2,2,vqc-zzfm-realamp,breast_cancer_zz_r1_q2_s1,breast_cancer,zz,1,breast_cancer_zz_r1_q2_s1__y_random_s1030.qasm
y,idle,1031,,1,13,idle,14,15,1,21,22,1,2,2,vqc-zzfm-realamp,breast_cancer_zz_r1_q2_s1,breast_cancer,zz,1,breast_cancer_zz_r1_q2_s1__y_idle_s1031.qasm
y,controlled,1032,,0,8,interface,14,15,1,21,22,1,2,2,vqc-zzfm-realamp,breast_cancer_zz_r1_q2_s1,breast_cancer,zz,1,breast_cancer_zz_r1_q2_s1__y_controlled_s1032.qasm
z,random,1040,,0,10,random,14,15,1,21,22,1,2,2,vqc-zzfm-realamp,breast_cancer_zz_r1_q2_s1,breast_cancer,zz,1,breast_cancer_zz_r1_q2_s1__z_random_s1040.qasm
z,idle,1041,,1,13,idle,14,15,1,21,22,1,2,2,vqc-zzfm-realamp,breast_cancer_zz_r1_q2_s1,breast_cancer,zz,1,breast_cancer_zz_r1_q2_s1__z_idle_s1041.qasm
z,controlled,1042,,0,8,interface,14,15,1,21,22,1,2,2,vqc-zzfm-realamp,breast_cancer_zz_r1_q2_s1,breast_cancer,zz,1,breast_cancer_zz_r1_q2_s1__z_controlled_s1042.qasm
h,random,2000,,0,7,random,14,14,0,21,22,1,2,2,vqc-zzfm-realamp,breast_cancer_zz_r1_q2_s2,breast_cancer,zz,1,breast_cancer_zz_r1_q2_s2__h_random_s2000.qasm
h,idle,2001,,0,3,idle,14,14,0,21,22,1,2,2,vqc-zzfm-realamp,breast_cancer_zz_r1_q2_s2,breast_cancer,zz,1,breast_cancer_zz_r1_q2_s2__h_idle_s2001.qasm
h,controlled,2002,,0,8,interface,14,15,1,21,22,1,2,2,vqc-zzfm-realamp,breast_cancer_zz_r1_q2_s2,breast_cancer,zz,1,breast_cancer_zz_r1_q2_s2__h_controlled_s2002.qasm
t,random,2010,,1,3,random,14,15,1,21,22,1,2,2,vqc-zzfm-realamp,breast_cancer_zz_r1_q2_s2,breast_cancer,zz,1,breast_cancer_zz_r1_q2_s2__t_random_s2010.qasm
t,idle,2011,,0,11,idle,14,15,1,21,22,1,2,2,vqc-zzfm-realamp,breast_cancer_zz_r1_q2_s2,breast_cancer,zz,1,breast_cancer_zz_r1_q2_s2__t_idle_s2011.qasm
t,controlled,2012,,0,8,interface,14,15,1,21,22,1,2,2,vqc-zzfm-realamp,breast_cancer_zz_r1_q2_s2,breast_cancer,zz,1,breast_cancer_zz_r1_q2_s2__t_controlled_s2012.qasm
x,random,2020,,0,6,random,14,15,1,21,22,1,2,2,vqc-zzfm-realamp,breast_cancer_zz_r1_q2_s2,breast_cancer,zz,1,breast_cancer_zz_r1_q2_s2__x_random_s2020.qasm
x,idle,2021,,0,11,idle,14,15,1,21,22,1,2,2,vqc-zzfm-realamp,breast_cancer_zz_r1_q2_s2,breast_cancer,zz,1,breast_cancer_zz_r1_q2_s2__x_idle_s2021.qasm
x,controlled,2022,,0,8,interface,14,15,1,21,22,1,2,2,vqc-zzfm-realamp,breast_cancer_zz_r1_q2_s2,breast_cancer,zz,1,breast_cancer_zz_r1_q2_s2__x_controlled_s2022.qasm
y,random,2030,,0,5,random,14,15,1,21,22,1,2,2,vqc-zzfm-realamp,breast_cancer_zz_r1_q2_s2,breast_cancer,zz,1,breast_cancer_zz_r1_q2_s2__y_random_s2030.qasm
y,idle,2031,,1,13,idle,14,15,1,21,22,1,2,2,vqc-zzfm-realamp,breast_cancer_zz_r1_q2_s2,breast_cancer,zz,1,breast_cancer_zz_r1_q2_s2__y_idle_s2031.qasm
y,controlled,2032,,0,8,interface,14,15,1,21,22,1,2,2,vqc-zzfm-realamp,breast_cancer_zz_r1_q2_s2,breast_cancer,zz,1,breast_cancer_zz_r1_q2_s2__y_controlled_s2032.qasm
z,random,2040,,1,10,random,14,15,1,21,22,1,2,2,vqc-zzfm-realamp,breast_cancer_zz_r1_q2_s2,breast_cancer,zz,1,breast_cancer_zz_r1_q2_s2__z_random_s2040.qasm
z,idle,2041,,1,13,idle,14,15,1,21,22,1,2,2,vqc-zzfm-realamp,breast_cancer_zz_r1_q2_s2,breast_cancer,zz,1,breast_cancer_zz_r1_q2_s2__z_idle_s2041.qasm
z,controlled,2042,,0,8,interface,14,15,1,21,22,1,2,2,vqc-zzfm-realamp,breast_cancer_zz_r1_q2_s2,breast_cancer,zz,1,breast_cancer_zz_r1_q2_s2__z_controlled_s2042.qasm
h,random,0,,3,9,random,25,26,1,49,50,1,4,4,vqc-zzfm-realamp,breast_cancer_zz_r1_q4_s0,breast_cancer,zz,1,breast_cancer_zz_r1_q4_s0__h_random_s0.qasm
h,idle,1,,0,9,idle,25,25,0,49,50,1,4,4,vqc-zzfm-realamp,breast_cancer_zz_r1_q4_s0,breast_cancer,zz,1,breast_cancer_zz_r1_q4_s0__h_idle_s1.qasm
h,controlled,2,,0,8,interface,25,25,0,49,50,1,4,4,vqc-zzfm-realamp,breast_cancer_zz_r1_q4_s0,breast_cancer,zz,1,breast_cancer_zz_r1_q4_s0__h_controlled_s2.qasm
t,random,10,,3,14,random,25,25,0,49,50,1,4,4,vqc-zzfm-realamp,breast_cancer_zz_r1_q4_s0,breast_cancer,zz,1,breast_cancer_zz_r1_q4_s0__t_random_s10.qasm
t,idle,11,,2,2,idle,25,25,0,49,50,1,4,4,vqc-zzfm-realamp,breast_cancer_zz_r1_q4_s0,breast_cancer,zz,1,breast_cancer_zz_r1_q4_s0__t_idle_s11.qasm
t,controlled,12,,0,8,interface,25,25,0,49,50,1,4,4,vqc-zzfm-realamp,breast_cancer_zz_r1_q4_s0,breast_cancer,zz,1,breast_cancer_zz_r1_q4_s0__t_controlled_s12.qasm
x,random,20,,3,4,random,25,26,1,49,50,1,4,4,vqc-zzfm-realamp,breast_cancer_zz_r1_q4_s0,breast_cancer,zz,1,breast_cancer_zz_r1_q4_s0__x_random_s20.qasm
x,idle,21,,0,6,idle,25,25,0,49,50,1,4,4,vqc-zzfm-realamp,breast_cancer_zz_r1_q4_s0,breast_cancer,zz,1,breast_cancer_zz_r1_q4_s0__x_idle_s21.qasm
x,controlled,22,,0,8,interface,25,25,0,49,50,1,4,4,vqc-zzfm-realamp,breast_cancer_zz_r1_q4_s0,breast_cancer,zz,1,breast_cancer_zz_r1_q4_s0__x_controlled_s22.qasm
y,random,30,,0,3,random,25,25,0,49,50,1,4,4,vqc-zzfm-realamp,breast_cancer_zz_r1_q4_s0,breast_cancer,zz,1,breast_cancer_zz_r1_q4_s0__y_random_s30.qasm
y,idle,31,,1,15,idle,25,25,0,49,50,1,4,4,vqc-zzfm-realamp,breast_cancer_zz_r1_q4_s0,breast_cancer,zz,1,breast_cancer_zz_r1_q4_s0__y_idle_s31.qasm
y,controlled,32,,0,8,interface,25,25,0,49,50,1,4,4,vqc-zzfm-realamp,breast_cancer_zz_r1_q4_s0,breast_cancer,zz,1,breast_cancer_zz_r1_q4_s0__y_controlled_s32.qasm
z,random,40,,2,14,random,25,26,1,49,50,1,4,4,vqc-zzfm-realamp,breast_cancer_zz_r1_q4_s0,breast_cancer,zz,1,breast_cancer_zz_r1_q4_s0__z_random_s40.qasm
z,idle,41,,1,15,idle,25,25,0,49,50,1,4,4,vqc-zzfm-realamp,breast_cancer_zz_r1_q4_s0,breast_cancer,zz,1,breast_cancer_zz_r1_q4_s0__z_idle_s41.qasm
z,controlled,42,,0,8,interface,25,25,0,49,50,1,4,4,vqc-zzfm-realamp,breast_cancer_zz_r1_q4_s0,breast_cancer,zz,1,breast_cancer_zz_r1_q4_s0__z_controlled_s42.qasm
h,random,1000,,0,6,random,25,25,0,49,50,1,4,4,vqc-zzfm-realamp,breast_cancer_zz_r1_q4_s1,breast_cancer,zz,1,breast_cancer_zz_r1_q4_s1__h_random_s1000.qasm
h,idle,1001,,3,13,idle,25,25,0,49,50,1,4,4,vqc-zzfm-realamp,breast_cancer_zz_r1_q4_s1,breast_cancer,zz,1,breast_cancer_zz_r1_q4_s1__h_idle_s1001.qasm
h,controlled,1002,,0,8,interface,25,25,0,49,50,1,4,4,vqc-zzfm-realamp,breast_cancer_zz_r1_q4_s1,breast_cancer,zz,1,breast_cancer_zz_r1_q4_s1__h_controlled_s1002.qasm
t,random,1010,,2,1,random,25,25,0,49,50,1,4,4,vqc-zzfm-realamp,breast_cancer_zz_r1_q4_s1,breast_cancer,zz,1,breast_cancer_zz_r1_q4_s1__t_random_s1010.qasm
t,idle,1011,,0,6,idle,25,25,0,49,50,1,4,4,vqc-zzfm-realamp,breast_cancer_zz_r1_q4_s1,breast_cancer,zz,1,breast_cancer_zz_r1_q4_s1__t_idle_s1011.qasm
t,controlled,1012,,0,8,interface,25,25,0,49,50,1,4,4,vqc-zzfm-realamp,breast_cancer_zz_r1_q4_s1,breast_cancer,zz,1,breast_cancer_zz_r1_q4_s1__t_controlled_s1012.qasm
x,random,1020,,3,8,random,25,26,1,49,50,1,4,4,vqc-zzfm-realamp,breast_cancer_zz_r1_q4_s1,breast_cancer,zz,1,breast_cancer_zz_r1_q4_s1__x_random_s1020.qasm
x,idle,1021,,3,2,idle,25,25,0,49,50,1,4,4,vqc-zzfm-realamp,breast_cancer_zz_r1_q4_s1,breast_cancer,zz,1,breast_cancer_zz_r1_q4_s1__x_idle_s1021.qasm
x,controlled,1022,,0,8,interface,25,25,0,49,50,1,4,4,vqc-zzfm-realamp,breast_cancer_zz_r1_q4_s1,breast_cancer,zz,1,breast_cancer_zz_r1_q4_s1__x_controlled_s1022.qasm
y,random,1030,,1,4,random,25,26,1,49,50,1,4,4,vqc-zzfm-realamp,breast_cancer_zz_r1_q4_s1,breast_cancer,zz,1,breast_cancer_zz_r1_q4_s1__y_random_s1030.qasm
y,idle,1031,,3,13,idle,25,25,0,49,50,1,4,4,vqc-zzfm-realamp,breast_cancer_zz_r1_q4_s1,breast_cancer,zz,1,breast_cancer_zz_r1_q4_s1__y_idle_s1031.qasm
y,controlled,1032,,0,8,interface,25,25,0,49,50,1,4,4,vqc-zzfm-realamp,breast_cancer_zz_r1_q4_s1,breast_cancer,zz,1,breast_cancer_zz_r1_q4_s1__y_controlled_s1032.qasm
z,random,1040,,1,16,random,25,26,1,49,50,1,4,4,vqc-zzfm-realamp,breast_cancer_zz_r1_q4_s1,breast_cancer,zz,1,breast_cancer_zz_r1_q4_s1__z_random_s1040.qasm
z,idle,1041,,2,18,idle,25,25,0,49,50,1,4,4,vqc-zzfm-realamp,breast_cancer_zz_r1_q4_s1,breast_cancer,zz,1,breast_cancer_zz_r1_q4_s1__z_idle_s1041.qasm
z,controlled,1042,,0,8,interface,25,25,0,49,50,1,4,4,vqc-zzfm-realamp,breast_cancer_zz_r1_q4_s1,breast_cancer,zz,1,breast_cancer_zz_r1_q4_s1__z_controlled_s1042.qasm
h,random,2000,,0,7,random,25,25,0,49,50,1,4,4,vqc-zzfm-realamp,breast_cancer_zz_r1_q4_s2,breast_cancer,zz,1,breast_cancer_zz_r1_q4_s2__h_random_s2000.qasm
h,idle,2001,,2,2,idle,25,25,0,49,50,1,4,4,vqc-zzfm-realamp,breast_cancer_zz_r1_q4_s2,breast_cancer,zz,1,breast_cancer_zz_r1_q4_s2__h_idle_s2001.qasm
h,controlled,2002,,0,8,interface,25,25,0,49,50,1,4,4,vqc-zzfm-realamp,breast_cancer_zz_r1_q4_s2,breast_cancer,zz,1,breast_cancer_zz_r1_q4_s2__h_controlled_s2002.qasm
t,random,2010,,3,3,random,25,26,1,49,50,1,4,4,vqc-zzfm-realamp,breast_cancer_zz_r1_q4_s2,breast_cancer,zz,1,breast_cancer_zz_r1_q4_s2__t_random_s2010.qasm
t,idle,2011,,1,15,idle,25,25,0,49,50,1,4,4,vqc-zzfm-realamp,breast_cancer_zz_r1_q4_s2,breast_cancer,zz,1,breast_cancer_zz_r1_q4_s2__t_idle_s2011.qasm
t,controlled,2012,,0,8,interface,25,25,0,49,50,1,4,4,vqc-zzfm-realamp,breast_cancer_zz_r1_q4_s2,breast_cancer,zz,1,breast_cancer_zz_r1_q4_s2__t_controlled_s2012.qasm
x,random,2020,,0,6,random,25,25,0,49,50,1,4,4,vqc-zzfm-realamp,breast_cancer_zz_r1_q4_s2,breast_cancer,zz,1,breast_cancer_zz_r1_q4_s2__x_random_s2020.qasm
x,idle,2021,,3,13,idle,25,25,0,49,50,1,4,4,vqc-zzfm-realamp,breast_cancer_zz_r1_q4_s2,breast_cancer,zz,1,breast_cancer_zz_r1_q4_s2__x_idle_s2021.qasm
x,controlled,2022,,0,8,interface,25,25,0,49,50,1,4,4,vqc-zzfm-realamp,breast_cancer_zz_r1_q4_s2,breast_cancer,zz,1,breast_cancer_zz_r1_q4_s2__x_controlled_s2022.qasm
y,random,2030,,0,5,random,25,25,0,49,50,1,4,4,vqc-zzfm-realamp,breast_cancer_zz_r1_q4_s2,breast_cancer,zz,1,breast_cancer_zz_r1_q4_s2__y_random_s2030.qasm
y,idle,2031,,0,9,idle,25,25,0,49,50,1,4,4,vqc-zzfm-realamp,breast_cancer_zz_r1_q4_s2,breast_cancer,zz,1,breast_cancer_zz_r1_q4_s2__y_idle_s2031.qasm
y,controlled,2032,,0,8,interface,25,25,0,49,50,1,4,4,vqc-zzfm-realamp,breast_cancer_zz_r1_q4_s2,breast_cancer,zz,1,breast_cancer_zz_r1_q4_s2__y_controlled_s2032.qasm
z,random,2040,,2,13,random,25,25,0,49,50,1,4,4,vqc-zzfm-realamp,breast_cancer_zz_r1_q4_s2,breast_cancer,zz,1,breast_cancer_zz_r1_q4_s2__z_random_s2040.qasm
z,idle,2041,,0,9,idle,25,25,0,49,50,1,4,4,vqc-zzfm-realamp,breast_cancer_zz_r1_q4_s2,breast_cancer,zz,1,breast_cancer_zz_r1_q4_s2__z_idle_s2041.qasm
z,controlled,2042,,0,8,interface,25,25,0,49,50,1,4,4,vqc-zzfm-realamp,breast_cancer_zz_r1_q4_s2,breast_cancer,zz,1,breast_cancer_zz_r1_q4_s2__z_controlled_s2042.qasm
h,random,0,,1,10,random,16,17,1,24,25,1,2,2,vqc-zzfm-realamp,breast_cancer_zz_r2_q2_s0,breast_cancer,zz,2,breast_cancer_zz_r2_q2_s0__h_random_s0.qasm
h,idle,1,,0,13,idle,16,17,1,24,25,1,2,2,vqc-zzfm-realamp,breast_cancer_zz_r2_q2_s0,breast_cancer,zz,2,breast_cancer_zz_r2_q2_s0__h_idle_s1.qasm
h,controlled,2,,0,8,interface,16,17,1,24,25,1,2,2,vqc-zzfm-realamp,breast_cancer_zz_r2_q2_s0,breast_cancer,zz,2,breast_cancer_zz_r2_q2_s0__h_controlled_s2.qasm
t,random,10,,1,16,random,16,17,1,24,25,1,2,2,vqc-zzfm-realamp,breast_cancer_zz_r2_q2_s0,breast_cancer,zz,2,breast_cancer_zz_r2_q2_s0__t_random_s10.qasm
t,idle,11,,0,3,idle,16,16,0,24,25,1,2,2,vqc-zzfm-realamp,breast_cancer_zz_r2_q2_s0,breast_cancer,zz,2,breast_cancer_zz_r2_q2_s0__t_idle_s11.qasm
t,controlled,12,,0,8,interface,16,17,1,24,25,1,2,2,vqc-zzfm-realamp,breast_cancer_zz_r2_q2_s0,breast_cancer,zz,2,breast_cancer_zz_r2_q2_s0__t_controlled_s12.qasm
x,random,20,,1,4,random,16,17,1,24,25,1,2,2,vqc-zzfm-realamp,breast_cancer_zz_r2_q2_s0,breast_cancer,zz,2,breast_cancer_zz_r2_q2_s0__x_random_s20.qasm
x,idle,21,,0,7,idle,16,16,0,24,25,1,2,2,vqc-zzfm-realamp,breast_cancer_zz_r2_q2_s0,breast_cancer,zz,2,breast_cancer_zz_r2_q2_s0__x_idle_s21.qasm
x,controlled,22,,0,8,interface,16,17,1,24,25,1,2,2,vqc-zzfm-realamp,breast_cancer_zz_r2_q2_s0,breast_cancer,zz,2,breast_cancer_zz_r2_q2_s0__x_controlled_s22.qasm
y,random,30,,0,3,random,16,16,0,24,25,1,2,2,vqc-zzfm-realamp,breast_cancer_zz_r2_q2_s0,breast_cancer,zz,2,breast_cancer_zz_r2_q2_s0__y_random_s30.qasm
y,idle,31,,1,15,idle,16,17,1,24,25,1,2,2,vqc-zzfm-realamp,breast_cancer_zz_r2_q2_s0,breast_cancer,zz,2,breast_cancer_zz_r2_q2_s0__y_idle_s31.qasm
y,controlled,32,,0,8,interface,16,17,1,24,25,1,2,2,vqc-zzfm-realamp,breast_cancer_zz_r2_q2_s0,breast_cancer,zz,2,breast_cancer_zz_r2_q2_s0__y_controlled_s32.qasm
z,random,40,,1,12,random,16,17,1,24,25,1,2,2,vqc-zzfm-realamp,breast_cancer_zz_r2_q2_s0,breast_cancer,zz,2,breast_cancer_zz_r2_q2_s0__z_random_s40.qasm
z,idle,41,,1,15,idle,16,17,1,24,25,1,2,2,vqc-zzfm-realamp,breast_cancer_zz_r2_q2_s0,breast_cancer,zz,2,breast_cancer_zz_r2_q2_s0__z_idle_s41.qasm
z,controlled,42,,0,8,interface,16,17,1,24,25,1,2,2,vqc-zzfm-realamp,breast_cancer_zz_r2_q2_s0,breast_cancer,zz,2,breast_cancer_zz_r2_q2_s0__z_controlled_s42.qasm
h,random,1000,,0,7,random,16,16,0,24,25,1,2,2,vqc-zzfm-realamp,breast_cancer_zz_r2_q2_s1,breast_cancer,zz,2,breast_cancer_zz_r2_q2_s1__h_random_s1000.qasm
h,idle,1001,,1,15,idle,16,17,1,24,25,1,2,2,vqc-zzfm-realamp,breast_cancer_zz_r2_q2_s1,breast_cancer,zz,2,breast_cancer_zz_r2_q2_s1__h_idle_s1001.qasm
h,controlled,1002,,0,8,interface,16,17,1,24,25,1,2,2,vqc-zzfm-realamp,breast_cancer_zz_r2_q2_s1,breast_cancer,zz,2,breast_cancer_zz_r2_q2_s1__h_controlled_s1002.qasm
t,random,1010,,1,1,random,16,17,1,24,25,1,2,2,vqc-zzfm-realamp,breast_cancer_zz_r2_q2_s1,breast_cancer,zz,2,breast_cancer_zz_r2_q2_s1__t_random_s1010.qasm
t,idle,1011,,0,7,idle,16,16,0,24,25,1,2,2,vqc-zzfm-realamp,breast_cancer_zz_r2_q2_s1,breast_cancer,zz,2,breast_cancer_zz_r2_q2_s1__t_idle_s1011.qasm
t,controlled,1012,,0,8,interface,16,17,1,24,25,1,2,2,vqc-zzfm-realamp,breast_cancer_zz_r2_q2_s1,breast_cancer,zz,2,breast_cancer_zz_r2_q2_s1__t_controlled_s1012.qasm
x,random,1020,,1,9,random,16,17,1,24,25,1,2,2,vqc-zzfm-realamp,breast_cancer_zz_r2_q2_s1,breast_cancer,zz,2,breast_cancer_zz_r2_q2_s1__x_random_s1020.qasm
x,idle,1021,,0,7,idle,16,16,0,24,25,1,2,2,vqc-zzfm-realamp,breast_cancer_zz_r2_q2_s1,breast_cancer,zz,2,breast_cancer_zz_r2_q2_s1__x_idle_s1021.qasm
x,controlled,1022,,0,8,interface,16,17,1,24,25,1,2,2,vqc-zzfm-realamp,breast_cancer_zz_r2_q2_s1,breast_cancer,zz,2,breast_cancer_zz_r2_q2_s1__x_controlled_s1022.qasm
y,random,1030,,0,3,random,16,16,0,24,25,1,2,2,vqc-zzfm-realamp,breast_cancer_zz_r2_q2_s1,breast_cancer,zz,2,breast_cancer_zz_r2_q2_s1__y_random_s1030.qasm
y,idle,1031,,1,15,idle,16,17,1,24,25,1,2,2,vqc-zzfm-realamp,breast_cancer_zz_r2_q2_s1,breast_cancer,zz,2,breast_cancer_zz_r2_q2_s1__y_idle_s1031.qasm
y,controlled,1032,,0,8,interface,16,17,1,24,25,1,2,2,vqc-zzfm-realamp,breast_cancer_zz_r2_q2_s1,breast_cancer,zz,2,breast_cancer_zz_r2_q2_s1__y_controlled_s1032.qasm
z,random,1040,,0,12,random,16,17,1,24,25,1,2,2,vqc-zzfm-realamp,breast_cancer_zz_r2_q2_s1,breast_cancer,zz,2,breast_cancer_zz_r2_q2_s1__z_random_s1040.qasm
z,idle,1041,,1,15,idle,16,17,1,24,25,1,2,2,vqc-zzfm-realamp,breast_cancer_zz_r2_q2_s1,breast_cancer,zz,2,breast_cancer_zz_r2_q2_s1__z_idle_s1041.qasm
z,controlled,1042,,0,8,interface,16,17,1,24,25,1,2,2,vqc-zzfm-realamp,breast_cancer_zz_r2_q2_s1,breast_cancer,zz,2,breast_cancer_zz_r2_q2_s1__z_controlled_s1042.qasm
h,random,2000,,0,8,random,16,17,1,24,25,1,2,2,vqc-zzfm-realamp,breast_cancer_zz_r2_q2_s2,breast_cancer,zz,2,breast_cancer_zz_r2_q2_s2__h_random_s2000.qasm
h,idle,2001,,0,3,idle,16,16,0,24,25,1,2,2,vqc-zzfm-realamp,breast_cancer_zz_r2_q2_s2,breast_cancer,zz,2,breast_cancer_zz_r2_q2_s2__h_idle_s2001.qasm
h,controlled,2002,,0,8,interface,16,17,1,24,25,1,2,2,vqc-zzfm-realamp,breast_cancer_zz_r2_q2_s2,breast_cancer,zz,2,breast_cancer_zz_r2_q2_s2__h_controlled_s2002.qasm
t,random,2010,,1,4,random,16,17,1,24,25,1,2,2,vqc-zzfm-realamp,breast_cancer_zz_r2_q2_s2,breast_cancer,zz,2,breast_cancer_zz_r2_q2_s2__t_random_s2010.qasm
t,idle,2011,,0,13,idle,16,17,1,24,25,1,2,2,vqc-zzfm-realamp,breast_cancer_zz_r2_q2_s2,breast_cancer,zz,2,breast_cancer_zz_r2_q2_s2__t_idle_s2011.qasm
t,controlled,2012,,0,8,interface,16,17,1,24,25,1,2,2,vqc-zzfm-realamp,breast_cancer_zz_r2_q2_s2,breast_cancer,zz,2,breast_cancer_zz_r2_q2_s2__t_controlled_s2012.qasm
x,random,2020,,0,7,random,16,16,0,24,25,1,2,2,vqc-zzfm-realamp,breast_cancer_zz_r2_q2_s2,breast_cancer,zz,2,breast_cancer_zz_r2_q2_s2__x_random_s2020.qasm
x,idle,2021,,0,13,idle,16,17,1,24,25,1,2,2,vqc-zzfm-realamp,breast_cancer_zz_r2_q2_s2,breast_cancer,zz,2,breast_cancer_zz_r2_q2_s2__x_idle_s2021.qasm
x,controlled,2022,,0,8,interface,16,17,1,24,25,1,2,2,vqc-zzfm-realamp,breast_cancer_zz_r2_q2_s2,breast_cancer,zz,2,breast_cancer_zz_r2_q2_s2__x_controlled_s2022.qasm
y,random,2030,,0,5,random,16,17,1,24,25,1,2,2,vqc-zzfm-realamp,breast_cancer_zz_r2_q2_s2,breast_cancer,zz,2,breast_cancer_zz_r2_q2_s2__y_random_s2030.qasm
y,idle,2031,,1,15,idle,16,17,1,24,25,1,2,2,vqc-zzfm-realamp,breast_cancer_zz_r2_q2_s2,breast_cancer,zz,2,breast_cancer_zz_r2_q2_s2__y_idle_s2031.qasm
y,controlled,2032,,0,8,interface,16,17,1,24,25,1,2,2,vqc-zzfm-realamp,breast_cancer_zz_r2_q2_s2,breast_cancer,zz,2,breast_cancer_zz_r2_q2_s2__y_controlled_s2032.qasm
z,random,2040,,1,11,random,16,17,1,24,25,1,2,2,vqc-zzfm-realamp,breast_cancer_zz_r2_q2_s2,breast_cancer,zz,2,breast_cancer_zz_r2_q2_s2__z_random_s2040.qasm
z,idle,2041,,1,15,idle,16,17,1,24,25,1,2,2,vqc-zzfm-realamp,breast_cancer_zz_r2_q2_s2,breast_cancer,zz,2,breast_cancer_zz_r2_q2_s2__z_idle_s2041.qasm
z,controlled,2042,,0,8,interface,16,17,1,24,25,1,2,2,vqc-zzfm-realamp,breast_cancer_zz_r2_q2_s2,breast_cancer,zz,2,breast_cancer_zz_r2_q2_s2__z_controlled_s2042.qasm
h,random,0,,3,10,random,28,29,1,56,57,1,4,4,vqc-zzfm-realamp,breast_cancer_zz_r2_q4_s0,breast_cancer,zz,2,breast_cancer_zz_r2_q4_s0__h_random_s0.qasm
h,idle,1,,3,7,idle,28,28,0,56,57,1,4,4,vqc-zzfm-realamp,breast_cancer_zz_r2_q4_s0,breast_cancer,zz,2,breast_cancer_zz_r2_q4_s0__h_idle_s1.qasm
h,controlled,2,,0,8,interface,28,28,0,56,57,1,4,4,vqc-zzfm-realamp,breast_cancer_zz_r2_q4_s0,breast_cancer,zz,2,breast_cancer_zz_r2_q4_s0__h_controlled_s2.qasm
t,random,10,,3,16,random,28,28,0,56,57,1,4,4,vqc-zzfm-realamp,breast_cancer_zz_r2_q4_s0,breast_cancer,zz,2,breast_cancer_zz_r2_q4_s0__t_random_s10.qasm
t,idle,11,,3,2,idle,28,28,0,56,57,1,4,4,vqc-zzfm-realamp,breast_cancer_zz_r2_q4_s0,breast_cancer,zz,2,breast_cancer_zz_r2_q4_s0__t_idle_s11.qasm
t,controlled,12,,0,8,interface,28,28,0,56,57,1,4,4,vqc-zzfm-realamp,breast_cancer_zz_r2_q4_s0,breast_cancer,zz,2,breast_cancer_zz_r2_q4_s0__t_controlled_s12.qasm
x,random,20,,3,4,random,28,29,1,56,57,1,4,4,vqc-zzfm-realamp,breast_cancer_zz_r2_q4_s0,breast_cancer,zz,2,breast_cancer_zz_r2_q4_s0__x_random_s20.qasm
x,idle,21,,0,6,idle,28,28,0,56,57,1,4,4,vqc-zzfm-realamp,breast_cancer_zz_r2_q4_s0,breast_cancer,zz,2,breast_cancer_zz_r2_q4_s0__x_idle_s21.qasm
x,controlled,22,,0,8,interface,28,28,0,56,57,1,4,4,vqc-zzfm-realamp,breast_cancer_zz_r2_q4_s0,breast_cancer,zz,2,breast_cancer_zz_r2_q4_s0__x_controlled_s22.qasm
y,random,30,,0,3,random,28,28,0,56,57,1,4,4,vqc-zzfm-realamp,breast_cancer_zz_r2_q4_s0,breast_cancer,zz,2,breast_cancer_zz_r2_q4_s0__y_random_s30.qasm
y,idle,31,,2,13,idle,28,28,0,56,57,1,4,4,vqc-zzfm-realamp,breast_cancer_zz_r2_q4_s0,breast_cancer,zz,2,breast_cancer_zz_r2_q4_s0__y_idle_s31.qasm
y,controlled,32,,0,8,interface,28,28,0,56,57,1,4,4,vqc-zzfm-realamp,breast_cancer_zz_r2_q4_s0,breast_cancer,zz,2,breast_cancer_zz_r2_q4_s0__y_controlled_s32.qasm
z,random,40,,2,16,random,28,29,1,56,57,1,4,4,vqc-zzfm-realamp,breast_cancer_zz_r2_q4_s0,breast_cancer,zz,2,breast_cancer_zz_r2_q4_s0__z_random_s40.qasm
z,idle,41,,0,9,idle,28,28,0,56,57,1,4,4,vqc-zzfm-realamp,breast_cancer_zz_r2_q4_s0,breast_cancer,zz,2,breast_cancer_zz_r2_q4_s0__z_idle_s41.qasm
z,controlled,42,,0,8,interface,28,28,0,56,57,1,4,4,vqc-zzfm-realamp,breast_cancer_zz_r2_q4_s0,breast_cancer,zz,2,breast_cancer_zz_r2_q4_s0__z_controlled_s42.qasm
h,random,1000,,0,7,random,28,28,0,56,57,1,4,4,vqc-zzfm-realamp,breast_cancer_zz_r2_q4_s1,breast_cancer,zz,2,breast_cancer_zz_r2_q4_s1__h_random_s1000.qasm
h,idle,1001,,3,15,idle,28,28,0,56,57,1,4,4,vqc-zzfm-realamp,breast_cancer_zz_r2_q4_s1,breast_cancer,zz,2,breast_cancer_zz_r2_q4_s1__h_idle_s1001.qasm
h,controlled,1002,,0,8,interface,28,28,0,56,57,1,4,4,vqc-zzfm-realamp,breast_cancer_zz_r2_q4_s1,breast_cancer,zz,2,breast_cancer_zz_r2_q4_s1__h_controlled_s1002.qasm
t,random,1010,,2,2,random,28,28,0,56,57,1,4,4,vqc-zzfm-realamp,breast_cancer_zz_r2_q4_s1,breast_cancer,zz,2,breast_cancer_zz_r2_q4_s1__t_random_s1010.qasm
t,idle,1011,,0,6,idle,28,28,0,56,57,1,4,4,vqc-zzfm-realamp,breast_cancer_zz_r2_q4_s1,breast_cancer,zz,2,breast_cancer_zz_r2_q4_s1__t_idle_s1011.qasm
t,controlled,1012,,0,8,interface,28,28,0,56,57,1,4,4,vqc-zzfm-realamp,breast_cancer_zz_r2_q4_s1,breast_cancer,zz,2,breast_cancer_zz_r2_q4_s1__t_controlled_s1012.qasm
x,random,1020,,3,9,random,28,29,1,56,57,1,4,4,vqc-zzfm-realamp,breast_cancer_zz_r2_q4_s1,breast_cancer,zz,2,breast_cancer_zz_r2_q4_s1__x_random_s1020.qasm
x,idle,1021,,3,2,idle,28,28,0,56,57,1,4,4,vqc-zzfm-realamp,breast_cancer_zz_r2_q4_s1,breast_cancer,zz,2,breast_cancer_zz_r2_q4_s1__x_idle_s1021.qasm
x,controlled,1022,,0,8,interface,28,28,0,56,57,1,4,4,vqc-zzfm-realamp,breast_cancer_zz_r2_q4_s1,breast_cancer,zz,2,breast_cancer_zz_r2_q4_s1__x_controlled_s1022.qasm
y,random,1030,,1,5,random,28,29,1,56,57,1,4,4,vqc-zzfm-realamp,breast_cancer_zz_r2_q4_s1,breast_cancer,zz,2,breast_cancer_zz_r2_q4_s1__y_random_s1030.qasm
y,idle,1031,,3,15,idle,28,28,0,56,57,1,4,4,vqc-zzfm-realamp,breast_cancer_zz_r2_q4_s1,breast_cancer,zz,2,breast_cancer_zz_r2_q4_s1__y_idle_s1031.qasm
y,controlled,1032,,0,8,interface,28,28,0,56,57,1,4,4,vqc-zzfm-realamp,breast_cancer_zz_r2_q4_s1,breast_cancer,zz,2,breast_cancer_zz_r2_q4_s1__y_controlled_s1032.qasm
z,random,1040,,1,19,random,28,29,1,56,57,1,4,4,vqc-zzfm-realamp,breast_cancer_zz_r2_q4_s1,breast_cancer,zz,2,breast_cancer_zz_r2_q4_s1__z_random_s1040.qasm
z,idle,1041,,2,21,idle,28,28,0,56,57,1,4,4,vqc-zzfm-realamp,breast_cancer_zz_r2_q4_s1,breast_cancer,zz,2,breast_cancer_zz_r2_q4_s1__z_idle_s1041.qasm
z,controlled,1042,,0,8,interface,28,28,0,56,57,1,4,4,vqc-zzfm-realamp,breast_cancer_zz_r2_q4_s1,breast_cancer,zz,2,breast_cancer_zz_r2_q4_s1__z_controlled_s1042.qasm
h,random,2000,,0,8,random,28,28,0,56,57,1,4,4,vqc-zzfm-realamp,breast_cancer_zz_r2_q4_s2,breast_cancer,zz,2,breast_cancer_zz_r2_q4_s2__h_random_s2000.qasm
h,idle,2001,,2,2,idle,28,28,0,56,57,1,4,4,vqc-zzfm-realamp,breast_cancer_zz_r2_q4_s2,breast_cancer,zz,2,breast_cancer_zz_r2_q4_s2__h_idle_s2001.qasm
h,controlled,2002,,0,8,interface,28,28,0,56,57,1,4,4,vqc-zzfm-realamp,breast_cancer_zz_r2_q4_s2,breast_cancer,zz,2,breast_cancer_zz_r2_q4_s2__h_controlled_s2002.qasm
t,random,2010,,3,4,random,28,29,1,56,57,1,4,4,vqc-zzfm-realamp,breast_cancer_zz_r2_q4_s2,breast_cancer,zz,2,breast_cancer_zz_r2_q4_s2__t_random_s2010.qasm
t,idle,2011,,0,9,idle,28,28,0,56,57,1,4,4,vqc-zzfm-realamp,breast_cancer_zz_r2_q4_s2,breast_cancer,zz,2,breast_cancer_zz_r2_q4_s2__t_idle_s2011.qasm
t,controlled,2012,,0,8,interface,28,28,0,56,57,1,4,4,vqc-zzfm-realamp,breast_cancer_zz_r2_q4_s2,breast_cancer,zz,2,breast_cancer_zz_r2_q4_s2__t_controlled_s2012.qasm
x,random,2020,,0,7,random,28,28,0,56,57,1,4,4,vqc-zzfm-realamp,breast_cancer_zz_r2_q4_s2,breast_cancer,zz,2,breast_cancer_zz_r2_q4_s2__x_random_s2020.qasm
x,idle,2021,,0,11,idle,28,28,0,56,57,1,4,4,vqc-zzfm-realamp,breast_cancer_zz_r2_q4_s2,breast_cancer,zz,2,breast_cancer_zz_r2_q4_s2__x_idle_s2021.qasm
x,controlled,2022,,0,8,interface,28,28,0,56,57,1,4,4,vqc-zzfm-realamp,breast_cancer_zz_r2_q4_s2,breast_cancer,zz,2,breast_cancer_zz_r2_q4_s2__x_controlled_s2022.qasm
y,random,2030,,0,5,random,28,28,0,56,57,1,4,4,vqc-zzfm-realamp,breast_cancer_zz_r2_q4_s2,breast_cancer,zz,2,breast_cancer_zz_r2_q4_s2__y_random_s2030.qasm
y,idle,2031,,1,15,idle,28,28,0,56,57,1,4,4,vqc-zzfm-realamp,breast_cancer_zz_r2_q4_s2,breast_cancer,zz,2,breast_cancer_zz_r2_q4_s2__y_idle_s2031.qasm
y,controlled,2032,,0,8,interface,28,28,0,56,57,1,4,4,vqc-zzfm-realamp,breast_cancer_zz_r2_q4_s2,breast_cancer,zz,2,breast_cancer_zz_r2_q4_s2__y_controlled_s2032.qasm
z,random,2040,,2,15,random,28,29,1,56,57,1,4,4,vqc-zzfm-realamp,breast_cancer_zz_r2_q4_s2,breast_cancer,zz,2,breast_cancer_zz_r2_q4_s2__z_random_s2040.qasm
z,idle,2041,,0,9,idle,28,28,0,56,57,1,4,4,vqc-zzfm-realamp,breast_cancer_zz_r2_q4_s2,breast_cancer,zz,2,breast_cancer_zz_r2_q4_s2__z_idle_s2041.qasm
z,controlled,2042,,0,8,interface,28,28,0,56,57,1,4,4,vqc-zzfm-realamp,breast_cancer_zz_r2_q4_s2,breast_cancer,zz,2,breast_cancer_zz_r2_q4_s2__z_controlled_s2042.qasm
h,random,0,,1,12,random,18,19,1,27,28,1,2,2,vqc-zzfm-realamp,breast_cancer_zz_r3_q2_s0,breast_cancer,zz,3,breast_cancer_zz_r3_q2_s0__h_random_s0.qasm
h,idle,1,,0,15,idle,18,19,1,27,28,1,2,2,vqc-zzfm-realamp,breast_cancer_zz_r3_q2_s0,breast_cancer,zz,3,breast_cancer_zz_r3_q2_s0__h_idle_s1.qasm
h,controlled,2,,0,8,interface,18,19,1,27,28,1,2,2,vqc-zzfm-realamp,breast_cancer_zz_r3_q2_s0,breast_cancer,zz,3,breast_cancer_zz_r3_q2_s0__h_controlled_s2.qasm
t,random,10,,1,18,random,18,19,1,27,28,1,2,2,vqc-zzfm-realamp,breast_cancer_zz_r3_q2_s0,breast_cancer,zz,3,breast_cancer_zz_r3_q2_s0__t_random_s10.qasm
t,idle,11,,0,3,idle,18,18,0,27,28,1,2,2,vqc-zzfm-realamp,breast_cancer_zz_r3_q2_s0,breast_cancer,zz,3,breast_cancer_zz_r3_q2_s0__t_idle_s11.qasm
t,controlled,12,,0,8,interface,18,19,1,27,28,1,2,2,vqc-zzfm-realamp,breast_cancer_zz_r3_q2_s0,breast_cancer,zz,3,breast_cancer_zz_r3_q2_s0__t_controlled_s12.qasm
x,random,20,,1,5,random,18,19,1,27,28,1,2,2,vqc-zzfm-realamp,breast_cancer_zz_r3_q2_s0,breast_cancer,zz,3,breast_cancer_zz_r3_q2_s0__x_random_s20.qasm
x,idle,21,,0,7,idle,18,18,0,27,28,1,2,2,vqc-zzfm-realamp,breast_cancer_zz_r3_q2_s0,breast_cancer,zz,3,breast_cancer_zz_r3_q2_s0__x_idle_s21.qasm
x,controlled,22,,0,8,interface,18,19,1,27,28,1,2,2,vqc-zzfm-realamp,breast_cancer_zz_r3_q2_s0,breast_cancer,zz,3,breast_cancer_zz_r3_q2_s0__x_controlled_s22.qasm
y,random,30,,0,4,random,18,19,1,27,28,1,2,2,vqc-zzfm-realamp,breast_cancer_zz_r3_q2_s0,breast_cancer,zz,3,breast_cancer_zz_r3_q2_s0__y_random_s30.qasm
y,idle,31,,1,17,idle,18,19,1,27,28,1,2,2,vqc-zzfm-realamp,breast_cancer_zz_r3_q2_s0,breast_cancer,zz,3,breast_cancer_zz_r3_q2_s0__y_idle_s31.qasm
y,controlled,32,,0,8,interface,18,19,1,27,28,1,2,2,vqc-zzfm-realamp,breast_cancer_zz_r3_q2_s0,breast_cancer,zz,3,breast_cancer_zz_r3_q2_s0__y_controlled_s32.qasm
z,random,40,,1,13,random,18,19,1,27,28,1,2,2,vqc-zzfm-realamp,breast_cancer_zz_r3_q2_s0,breast_cancer,zz,3,breast_cancer_zz_r3_q2_s0__z_random_s40.qasm
z,idle,41,,1,17,idle,18,19,1,27,28,1,2,2,vqc-zzfm-realamp,breast_cancer_zz_r3_q2_s0,breast_cancer,zz,3,breast_cancer_zz_r3_q2_s0__z_idle_s41.qasm
z,controlled,42,,0,8,interface,18,19,1,27,28,1,2,2,vqc-zzfm-realamp,breast_cancer_zz_r3_q2_s0,breast_cancer,zz,3,breast_cancer_zz_r3_q2_s0__z_controlled_s42.qasm
h,random,1000,,0,8,random,18,19,1,27,28,1,2,2,vqc-zzfm-realamp,breast_cancer_zz_r3_q2_s1,breast_cancer,zz,3,breast_cancer_zz_r3_q2_s1__h_random_s1000.qasm
h,idle,1001,,1,17,idle,18,19,1,27,28,1,2,2,vqc-zzfm-realamp,breast_cancer_zz_r3_q2_s1,breast_cancer,zz,3,breast_cancer_zz_r3_q2_s1__h_idle_s1001.qasm
h,controlled,1002,,0,8,interface,18,19,1,27,28,1,2,2,vqc-zzfm-realamp,breast_cancer_zz_r3_q2_s1,breast_cancer,zz,3,breast_cancer_zz_r3_q2_s1__h_controlled_s1002.qasm
t,random,1010,,1,1,random,18,19,1,27,28,1,2,2,vqc-zzfm-realamp,breast_cancer_zz_r3_q2_s1,breast_cancer,zz,3,breast_cancer_zz_r3_q2_s1__t_random_s1010.qasm
t,idle,1011,,0,7,idle,18,18,0,27,28,1,2,2,vqc-zzfm-realamp,breast_cancer_zz_r3_q2_s1,breast_cancer,zz,3,breast_cancer_zz_r3_q2_s1__t_idle_s1011.qasm
t,controlled,1012,,0,8,interface,18,19,1,27,28,1,2,2,vqc-zzfm-realamp,breast_cancer_zz_r3_q2_s1,breast_cancer,zz,3,breast_cancer_zz_r3_q2_s1__t_controlled_s1012.qasm
x,random,1020,,1,10,random,18,19,1,27,28,1,2,2,vqc-zzfm-realamp,breast_cancer_zz_r3_q2_s1,breast_cancer,zz,3,breast_cancer_zz_r3_q2_s1__x_random_s1020.qasm
x,idle,1021,,0,7,idle,18,18,0,27,28,1,2,2,vqc-zzfm-realamp,breast_cancer_zz_r3_q2_s1,breast_cancer,zz,3,breast_cancer_zz_r3_q2_s1__x_idle_s1021.qasm
x,controlled,1022,,0,8,interface,18,19,1,27,28,1,2,2,vqc-zzfm-realamp,breast_cancer_zz_r3_q2_s1,breast_cancer,zz,3,breast_cancer_zz_r3_q2_s1__x_controlled_s1022.qasm
y,random,1030,,0,4,random,18,19,1,27,28,1,2,2,vqc-zzfm-realamp,breast_cancer_zz_r3_q2_s1,breast_cancer,zz,3,breast_cancer_zz_r3_q2_s1__y_random_s1030.qasm
y,idle,1031,,1,17,idle,18,19,1,27,28,1,2,2,vqc-zzfm-realamp,breast_cancer_zz_r3_q2_s1,breast_cancer,zz,3,breast_cancer_zz_r3_q2_s1__y_idle_s1031.qasm
y,controlled,1032,,0,8,interface,18,19,1,27,28,1,2,2,vqc-zzfm-realamp,breast_cancer_zz_r3_q2_s1,breast_cancer,zz,3,breast_cancer_zz_r3_q2_s1__y_controlled_s1032.qasm
z,random,1040,,0,14,random,18,19,1,27,28,1,2,2,vqc-zzfm-realamp,breast_cancer_zz_r3_q2_s1,breast_cancer,zz,3,breast_cancer_zz_r3_q2_s1__z_random_s1040.qasm
z,idle,1041,,1,17,idle,18,19,1,27,28,1,2,2,vqc-zzfm-realamp,breast_cancer_zz_r3_q2_s1,breast_cancer,zz,3,breast_cancer_zz_r3_q2_s1__z_idle_s1041.qasm
z,controlled,1042,,0,8,interface,18,19,1,27,28,1,2,2,vqc-zzfm-realamp,breast_cancer_zz_r3_q2_s1,breast_cancer,zz,3,breast_cancer_zz_r3_q2_s1__z_controlled_s1042.qasm
h,random,2000,,0,9,random,18,19,1,27,28,1,2,2,vqc-zzfm-realamp,breast_cancer_zz_r3_q2_s2,breast_cancer,zz,3,breast_cancer_zz_r3_q2_s2__h_random_s2000.qasm
h,idle,2001,,0,3,idle,18,18,0,27,28,1,2,2,vqc-zzfm-realamp,breast_cancer_zz_r3_q2_s2,breast_cancer,zz,3,breast_cancer_zz_r3_q2_s2__h_idle_s2001.qasm
h,controlled,2002,,0,8,interface,18,19,1,27,28,1,2,2,vqc-zzfm-realamp,breast_cancer_zz_r3_q2_s2,breast_cancer,zz,3,breast_cancer_zz_r3_q2_s2__h_controlled_s2002.qasm
t,random,2010,,1,4,random,18,19,1,27,28,1,2,2,vqc-zzfm-realamp,breast_cancer_zz_r3_q2_s2,breast_cancer,zz,3,breast_cancer_zz_r3_q2_s2__t_random_s2010.qasm
t,idle,2011,,0,15,idle,18,19,1,27,28,1,2,2,vqc-zzfm-realamp,breast_cancer_zz_r3_q2_s2,breast_cancer,zz,3,breast_cancer_zz_r3_q2_s2__t_idle_s2011.qasm
t,controlled,2012,,0,8,interface,18,19,1,27,28,1,2,2,vqc-zzfm-realamp,breast_cancer_zz_r3_q2_s2,breast_cancer,zz,3,breast_cancer_zz_r3_q2_s2__t_controlled_s2012.qasm
x,random,2020,,0,7,random,18,18,0,27,28,1,2,2,vqc-zzfm-realamp,breast_cancer_zz_r3_q2_s2,breast_cancer,zz,3,breast_cancer_zz_r3_q2_s2__x_random_s2020.qasm
x,idle,2021,,0,15,idle,18,19,1,27,28,1,2,2,vqc-zzfm-realamp,breast_cancer_zz_r3_q2_s2,breast_cancer,zz,3,breast_cancer_zz_r3_q2_s2__x_idle_s2021.qasm
x,controlled,2022,,0,8,interface,18,19,1,27,28,1,2,2,vqc-zzfm-realamp,breast_cancer_zz_r3_q2_s2,breast_cancer,zz,3,breast_cancer_zz_r3_q2_s2__x_controlled_s2022.qasm
y,random,2030,,0,6,random,18,19,1,27,28,1,2,2,vqc-zzfm-realamp,breast_cancer_zz_r3_q2_s2,breast_cancer,zz,3,breast_cancer_zz_r3_q2_s2__y_random_s2030.qasm
y,idle,2031,,1,17,idle,18,19,1,27,28,1,2,2,vqc-zzfm-realamp,breast_cancer_zz_r3_q2_s2,breast_cancer,zz,3,breast_cancer_zz_r3_q2_s2__y_idle_s2031.qasm
y,controlled,2032,,0,8,interface,18,19,1,27,28,1,2,2,vqc-zzfm-realamp,breast_cancer_zz_r3_q2_s2,breast_cancer,zz,3,breast_cancer_zz_r3_q2_s2__y_controlled_s2032.qasm
z,random,2040,,1,13,random,18,19,1,27,28,1,2,2,vqc-zzfm-realamp,breast_cancer_zz_r3_q2_s2,breast_cancer,zz,3,breast_cancer_zz_r3_q2_s2__z_random_s2040.qasm
z,idle,2041,,1,17,idle,18,19,1,27,28,1,2,2,vqc-zzfm-realamp,breast_cancer_zz_r3_q2_s2,breast_cancer,zz,3,breast_cancer_zz_r3_q2_s2__z_idle_s2041.qasm
z,controlled,2042,,0,8,interface,18,19,1,27,28,1,2,2,vqc-zzfm-realamp,breast_cancer_zz_r3_q2_s2,breast_cancer,zz,3,breast_cancer_zz_r3_q2_s2__z_controlled_s2042.qasm
h,random,0,,3,12,random,31,31,0,63,64,1,4,4,vqc-zzfm-realamp,breast_cancer_zz_r3_q4_s0,breast_cancer,zz,3,breast_cancer_zz_r3_q4_s0__h_random_s0.qasm
h,idle,1,,0,9,idle,31,31,0,63,64,1,4,4,vqc-zzfm-realamp,breast_cancer_zz_r3_q4_s0,breast_cancer,zz,3,breast_cancer_zz_r3_q4_s0__h_idle_s1.qasm
h,controlled,2,,0,8,interface,31,31,0,63,64,1,4,4,vqc-zzfm-realamp,breast_cancer_zz_r3_q4_s0,breast_cancer,zz,3,breast_cancer_zz_r3_q4_s0__h_controlled_s2.qasm
t,random,10,,3,18,random,31,31,0,63,64,1,4,4,vqc-zzfm-realamp,breast_cancer_zz_r3_q4_s0,breast_cancer,zz,3,breast_cancer_zz_r3_q4_s0__t_random_s10.qasm
t,idle,11,,3,2,idle,31,31,0,63,64,1,4,4,vqc-zzfm-realamp,breast_cancer_zz_r3_q4_s0,breast_cancer,zz,3,breast_cancer_zz_r3_q4_s0__t_idle_s11.qasm
t,controlled,12,,0,8,interface,31,31,0,63,64,1,4,4,vqc-zzfm-realamp,breast_cancer_zz_r3_q4_s0,breast_cancer,zz,3,breast_cancer_zz_r3_q4_s0__t_controlled_s12.qasm
x,random,20,,3,5,random,31,31,0,63,64,1,4,4,vqc-zzfm-realamp,breast_cancer_zz_r3_q4_s0,breast_cancer,zz,3,breast_cancer_zz_r3_q4_s0__x_random_s20.qasm
x,idle,21,,2,6,idle,31,31,0,63,64,1,4,4,vqc-zzfm-realamp,breast_cancer_zz_r3_q4_s0,breast_cancer,zz,3,breast_cancer_zz_r3_q4_s0__x_idle_s21.qasm
x,controlled,22,,0,8,interface,31,31,0,63,64,1,4,4,vqc-zzfm-realamp,breast_cancer_zz_r3_q4_s0,breast_cancer,zz,3,breast_cancer_zz_r3_q4_s0__x_controlled_s22.qasm
y,random,30,,0,4,random,31,31,0,63,64,1,4,4,vqc-zzfm-realamp,breast_cancer_zz_r3_q4_s0,breast_cancer,zz,3,breast_cancer_zz_r3_q4_s0__y_random_s30.qasm
y,idle,31,,0,9,idle,31,31,0,63,64,1,4,4,vqc-zzfm-realamp,breast_cancer_zz_r3_q4_s0,breast_cancer,zz,3,breast_cancer_zz_r3_q4_s0__y_idle_s31.qasm
y,controlled,32,,0,8,interface,31,31,0,63,64,1,4,4,vqc-zzfm-realamp,breast_cancer_zz_r3_q4_s0,breast_cancer,zz,3,breast_cancer_zz_r3_q4_s0__y_controlled_s32.qasm
z,random,40,,2,18,random,31,32,1,63,64,1,4,4,vqc-zzfm-realamp,breast_cancer_zz_r3_q4_s0,breast_cancer,zz,3,breast_cancer_zz_r3_q4_s0__z_random_s40.qasm
z,idle,41,,1,15,idle,31,31,0,63,64,1,4,4,vqc-zzfm-realamp,breast_cancer_zz_r3_q4_s0,breast_cancer,zz,3,breast_cancer_zz_r3_q4_s0__z_idle_s41.qasm
z,controlled,42,,0,8,interface,31,31,0,63,64,1,4,4,vqc-zzfm-realamp,breast_cancer_zz_r3_q4_s0,breast_cancer,zz,3,breast_cancer_zz_r3_q4_s0__z_controlled_s42.qasm
h,random,1000,,0,8,random,31,31,0,63,64,1,4,4,vqc-zzfm-realamp,breast_cancer_zz_r3_q4_s1,breast_cancer,zz,3,breast_cancer_zz_r3_q4_s1__h_random_s1000.qasm
h,idle,1001,,3,17,idle,31,31,0,63,64,1,4,4,vqc-zzfm-realamp,breast_cancer_zz_r3_q4_s1,breast_cancer,zz,3,breast_cancer_zz_r3_q4_s1__h_idle_s1001.qasm
h,controlled,1002,,0,8,interface,31,31,0,63,64,1,4,4,vqc-zzfm-realamp,breast_cancer_zz_r3_q4_s1,breast_cancer,zz,3,breast_cancer_zz_r3_q4_s1__h_controlled_s1002.qasm
t,random,1010,,2,2,random,31,31,0,63,64,1,4,4,vqc-zzfm-realamp,breast_cancer_zz_r3_q4_s1,breast_cancer,zz,3,breast_cancer_zz_r3_q4_s1__t_random_s1010.qasm
t,idle,1011,,0,6,idle,31,31,0,63,64,1,4,4,vqc-zzfm-realamp,breast_cancer_zz_r3_q4_s1,breast_cancer,zz,3,breast_cancer_zz_r3_q4_s1__t_idle_s1011.qasm
t,controlled,1012,,0,8,interface,31,31,0,63,64,1,4,4,vqc-zzfm-realamp,breast_cancer_zz_r3_q4_s1,breast_cancer,zz,3,breast_cancer_zz_r3_q4_s1__t_controlled_s1012.qasm
x,random,1020,,3,10,random,31,32,1,63,64,1,4,4,vqc-zzfm-realamp,breast_cancer_zz_r3_q4_s1,breast_cancer,zz,3,breast_cancer_zz_r3_q4_s1__x_random_s1020.qasm
x,idle,1021,,1,6,idle,31,31,0,63,64,1,4,4,vqc-zzfm-realamp,breast_cancer_zz_r3_q4_s1,breast_cancer,zz,3,breast_cancer_zz_r3_q4_s1__x_idle_s1021.qasm
x,controlled,1022,,0,8,interface,31,31,0,63,64,1,4,4,vqc-zzfm-realamp,breast_cancer_zz_r3_q4_s1,breast_cancer,zz,3,breast_cancer_zz_r3_q4_s1__x_controlled_s1022.qasm
y,random,1030,,1,6,random,31,31,0,63,64,1,4,4,vqc-zzfm-realamp,breast_cancer_zz_r3_q4_s1,breast_cancer,zz,3,breast_cancer_zz_r3_q4_s1__y_random_s1030.qasm
y,idle,1031,,3,17,idle,31,31,0,63,64,1,4,4,vqc-zzfm-realamp,breast_cancer_zz_r3_q4_s1,breast_cancer,zz,3,breast_cancer_zz_r3_q4_s1__y_idle_s1031.qasm
y,controlled,1032,,0,8,interface,31,31,0,63,64,1,4,4,vqc-zzfm-realamp,breast_cancer_zz_r3_q4_s1,breast_cancer,zz,3,breast_cancer_zz_r3_q4_s1__y_controlled_s1032.qasm
z,random,1040,,1,21,random,31,32,1,63,64,1,4,4,vqc-zzfm-realamp,breast_cancer_zz_r3_q4_s1,breast_cancer,zz,3,breast_cancer_zz_r3_q4_s1__z_random_s1040.qasm
z,idle,1041,,2,24,idle,31,31,0,63,64,1,4,4,vqc-zzfm-realamp,breast_cancer_zz_r3_q4_s1,breast_cancer,zz,3,breast_cancer_zz_r3_q4_s1__z_idle_s1041.qasm
z,controlled,1042,,0,8,interface,31,31,0,63,64,1,4,4,vqc-zzfm-realamp,breast_cancer_zz_r3_q4_s1,breast_cancer,zz,3,breast_cancer_zz_r3_q4_s1__z_controlled_s1042.qasm
h,random,2000,,0,9,random,31,31,0,63,64,1,4,4,vqc-zzfm-realamp,breast_cancer_zz_r3_q4_s2,breast_cancer,zz,3,breast_cancer_zz_r3_q4_s2__h_random_s2000.qasm
h,idle,2001,,2,2,idle,31,31,0,63,64,1,4,4,vqc-zzfm-realamp,breast_cancer_zz_r3_q4_s2,breast_cancer,zz,3,breast_cancer_zz_r3_q4_s2__h_idle_s2001.qasm
h,controlled,2002,,0,8,interface,31,31,0,63,64,1,4,4,vqc-zzfm-realamp,breast_cancer_zz_r3_q4_s2,breast_cancer,zz,3,breast_cancer_zz_r3_q4_s2__h_controlled_s2002.qasm
t,random,2010,,3,4,random,31,32,1,63,64,1,4,4,vqc-zzfm-realamp,breast_cancer_zz_r3_q4_s2,breast_cancer,zz,3,breast_cancer_zz_r3_q4_s2__t_random_s2010.qasm
t,idle,2011,,3,13,idle,31,31,0,63,64,1,4,4,vqc-zzfm-realamp,breast_cancer_zz_r3_q4_s2,breast_cancer,zz,3,breast_cancer_zz_r3_q4_s2__t_idle_s2011.qasm
t,controlled,2012,,0,8,interface,31,31,0,63,64,1,4,4,vqc-zzfm-realamp,breast_cancer_zz_r3_q4_s2,breast_cancer,zz,3,breast_cancer_zz_r3_q4_s2__t_controlled_s2012.qasm
x,random,2020,,0,7,random,31,31,0,63,64,1,4,4,vqc-zzfm-realamp,breast_cancer_zz_r3_q4_s2,breast_cancer,zz,3,breast_cancer_zz_r3_q4_s2__x_random_s2020.qasm
x,idle,2021,,0,13,idle,31,31,0,63,64,1,4,4,vqc-zzfm-realamp,breast_cancer_zz_r3_q4_s2,breast_cancer,zz,3,breast_cancer_zz_r3_q4_s2__x_idle_s2021.qasm
x,controlled,2022,,0,8,interface,31,31,0,63,64,1,4,4,vqc-zzfm-realamp,breast_cancer_zz_r3_q4_s2,breast_cancer,zz,3,breast_cancer_zz_r3_q4_s2__x_controlled_s2022.qasm
y,random,2030,,0,6,random,31,31,0,63,64,1,4,4,vqc-zzfm-realamp,breast_cancer_zz_r3_q4_s2,breast_cancer,zz,3,breast_cancer_zz_r3_q4_s2__y_random_s2030.qasm
y,idle,2031,,0,9,idle,31,31,0,63,64,1,4,4,vqc-zzfm-realamp,breast_cancer_zz_r3_q4_s2,breast_cancer,zz,3,breast_cancer_zz_r3_q4_s2__y_idle_s2031.qasm
y,controlled,2032,,0,8,interface,31,31,0,63,64,1,4,4,vqc-zzfm-realamp,breast_cancer_zz_r3_q4_s2,breast_cancer,zz,3,breast_cancer_zz_r3_q4_s2__y_controlled_s2032.qasm
z,random,2040,,2,17,random,31,32,1,63,64,1,4,4,vqc-zzfm-realamp,breast_cancer_zz_r3_q4_s2,breast_cancer,zz,3,breast_cancer_zz_r3_q4_s2__z_random_s2040.qasm
z,idle,2041,,1,15,idle,31,31,0,63,64,1,4,4,vqc-zzfm-realamp,breast_cancer_zz_r3_q4_s2,breast_cancer,zz,3,breast_cancer_zz_r3_q4_s2__z_idle_s2041.qasm
z,controlled,2042,,0,8,interface,31,31,0,63,64,1,4,4,vqc-zzfm-realamp,breast_cancer_zz_r3_q4_s2,breast_cancer,zz,3,breast_cancer_zz_r3_q4_s2__z_controlled_s2042.qasm
