tvd_mean,tvd_std,bc_mean,bc_std,bd_mean,bd_std,tvd_baseline_mean,tvd_baseline_std,shots,reps,n_inputs,model_id,qasm_file,gate,mode,placement,qubit,op_position,encoding,n_qubits,ansatz_reps,family,depth_before,depth_delta,size_before,size_delta,dataset,acc_clean,acc_infected,accuracy_drop
0.5141438802083333,0.1437288563607899,0.8047981688074943,0.07609779366246867,0.22139281639763747,0.09075382005104202,0.027034505208333334,0.014989509799715937,512,15,8,iris_z_r1_q2_s0,iris_z_r1_q2_s0__h_random_s0.qasm,h,random,random,1,5,z,2,1,vqc-zfm-realamp,8,1,15,1,iris,1.0,1.0,0.0
0.5334309895833333,0.10020476146526067,0.7583318197243835,0.06442950436384468,0.28007879559058324,0.08208591711158633,0.027034505208333334,0.014989509799715937,512,15,8,iris_z_r1_q2_s0,iris_z_r1_q2_s0__h_idle_s1.qasm,h,idle,idle,1,7,z,2,1,vqc-zfm-realamp,8,1,15,1,iris,1.0,0.23333333333333334,0.7666666666666666
0.5858723958333333,0.11207373595716082,0.7603568860909353,0.07876087996811033,0.27969041254977295,0.10875347955718397,0.027034505208333334,0.014989509799715937,512,15,8,iris_z_r1_q2_s0,iris_z_r1_q2_s0__h_controlled_s2.qasm,h,controlled,interface,0,4,z,2,1,vqc-zfm-realamp,8,1,15,1,iris,1.0,0.13333333333333333,0.8666666666666667
0.027750651041666668,0.01605229508682981,0.9982387337590931,0.0012299925544553354,0.0017635788302650718,0.001232922379287279,0.027034505208333334,0.014989509799715937,512,15,8,iris_z_r1_q2_s0,iris_z_r1_q2_s0__t_random_s10.qasm,t,random,random,1,8,z,2,1,vqc-zfm-realamp,8,1,15,1,iris,1.0,1.0,0.0
0.027750651041666668,0.01605229508682981,0.9982387337590931,0.0012299925544553354,0.0017635788302650718,0.001232922379287279,0.027034505208333334,0.014989509799715937,512,15,8,iris_z_r1_q2_s0,iris_z_r1_q2_s0__t_idle_s11.qasm,t,idle,idle,0,7,z,2,1,vqc-zfm-realamp,8,1,15,1,iris,1.0,1.0,0.0
0.04970703125,0.025380419122728797,0.995430121356424,0.0035073989836749324,0.004586579184058668,0.0035316729758556238,0.027034505208333334,0.014989509799715937,512,15,8,iris_z_r1_q2_s0,iris_z_r1_q2_s0__t_controlled_s12.qasm,t,controlled,interface,0,4,z,2,1,vqc-zfm-realamp,8,1,15,1,iris,1.0,1.0,0.0
0.678662109375,0.18247943544576709,0.661900364692094,0.17039478614525672,0.4462273682359105,0.25979982566638704,0.027034505208333334,0.014989509799715937,512,15,8,iris_z_r1_q2_s0,iris_z_r1_q2_s0__x_random_s20.qasm,x,random,random,1,2,z,2,1,vqc-zfm-realamp,8,1,15,1,iris,1.0,1.0,0.0
0.87890625,0.066246648739678,0.35049634641184674,0.16218925941148574,1.1816054460371697,0.5615909204754019,0.027034505208333334,0.014989509799715937,512,15,8,iris_z_r1_q2_s0,iris_z_r1_q2_s0__x_idle_s21.qasm,x,idle,idle,1,7,z,2,1,vqc-zfm-realamp,8,1,15,1,iris,1.0,0.0,1.0
0.792333984375,0.1567018536694794,0.5500730404842112,0.1862840090773602,0.653673286141356,0.33269870173771726,0.027034505208333334,0.014989509799715937,512,15,8,iris_z_r1_q2_s0,iris_z_r1_q2_s0__x_controlled_s22.qasm,x,controlled,interface,0,4,z,2,1,vqc-zfm-realamp,8,1,15,1,iris,1.0,0.0,1.0
0.7946614583333333,0.1652546386478094,0.5415627034297544,0.19334373050163994,0.6737647456644621,0.3430608133899894,0.027034505208333334,0.014989509799715937,512,15,8,iris_z_r1_q2_s0,iris_z_r1_q2_s0__y_random_s30.qasm,y,random,random,0,2,z,2,1,vqc-zfm-realamp,8,1,15,1,iris,1.0,0.0,1.0
0.8300130208333333,0.08688074814085794,0.5299307479854021,0.1266652964075925,0.6641968011108295,0.24331553001830225,0.027034505208333334,0.014989509799715937,512,15,8,iris_z_r1_q2_s0,iris_z_r1_q2_s0__y_idle_s31.qasm,y,idle,idle,0,7,z,2,1,vqc-zfm-realamp,8,1,15,1,iris,1.0,0.0,1.0
0.831591796875,0.09390837537377698,0.5213073634497667,0.13320770850793204,0.6839517647471673,0.2552899593935389,0.027034505208333334,0.014989509799715937,512,15,8,iris_z_r1_q2_s0,iris_z_r1_q2_s0__y_controlled_s32.qasm,y,controlled,interface,0,4,z,2,1,vqc-zfm-realamp,8,1,15,1,iris,1.0,0.0,1.0
0.8867838541666667,0.0683779426668317,0.3371003956592633,0.14845454253699714,1.196494977993512,0.4906671304971526,0.027034505208333334,0.014989509799715937,512,15,8,iris_z_r1_q2_s0,iris_z_r1_q2_s0__z_random_s40.qasm,z,random,random,1,6,z,2,1,vqc-zfm-realamp,8,1,15,1,iris,1.0,0.0,1.0
0.027750651041666668,0.01605229508682981,0.9982387337590931,0.0012299925544553354,0.0017635788302650718,0.001232922379287279,0.027034505208333334,0.014989509799715937,512,15,8,iris_z_r1_q2_s0,iris_z_r1_q2_s0__z_idle_s41.qasm,z,idle,idle,0,7,z,2,1,vqc-zfm-realamp,8,1,15,1,iris,1.0,1.0,0.0
0.0830078125,0.0681581860826572,0.987795785728314,0.010560162280994654,0.012336892784694938,0.010753871273846412,0.027034505208333334,0.014989509799715937,512,15,8,iris_z_r1_q2_s0,iris_z_r1_q2_s0__z_controlled_s42.qasm,z,controlled,interface,0,4,z,2,1,vqc-zfm-realamp,8,1,15,1,iris,1.0,1.0,0.0
0.6088053385416666,0.10360047004221588,0.7274382682580014,0.08964817940855158,0.32576174748560643,0.12265719537577895,0.02626953125,0.016068039390413753,512,15,8,iris_z_r1_q2_s1,iris_z_r1_q2_s1__h_random_s1000.qasm,h,random,random,0,4,z,2,1,vqc-zfm-realamp,8,1,15,1,iris,1.0,0.1,0.9
0.41697591145833335,0.09690072186444683,0.8284129900183148,0.06646374479028253,0.1914732850634822,0.0804681224288369,0.02626953125,0.016068039390413753,512,15,8,iris_z_r1_q2_s1,iris_z_r1_q2_s1__h_idle_s1001.qasm,h,idle,idle,1,7,z,2,1,vqc-zfm-realamp,8,1,15,1,iris,1.0,0.4,0.6
0.6088053385416666,0.10360047004221588,0.7274382682580014,0.08964817940855158,0.32576174748560643,0.12265719537577895,0.02626953125,0.016068039390413753,512,15,8,iris_z_r1_q2_s1,iris_z_r1_q2_s1__h_controlled_s1002.qasm,h,controlled,interface,0,4,z,2,1,vqc-zfm-realamp,8,1,15,1,iris,1.0,0.1,0.9
0.02861328125,0.01737009790732975,0.9984162191359996,0.0013577839948848837,0.001585962565895049,0.00136157011802622,0.02626953125,0.016068039390413753,512,15,8,iris_z_r1_q2_s1,iris_z_r1_q2_s1__t_random_s1010.qasm,t,random,random,1,0,z,2,1,vqc-zfm-realamp,8,1,15,1,iris,1.0,1.0,0.0
0.02861328125,0.01737009790732975,0.9984162191359996,0.0013577839948848837,0.001585962565895049,0.00136157011802622,0.02626953125,0.016068039390413753,512,15,8,iris_z_r1_q2_s1,iris_z_r1_q2_s1__t_idle_s1011.qasm,t,idle,idle,1,7,z,2,1,vqc-zfm-realamp,8,1,15,1,iris,1.0,1.0,0.0
0.042464192708333334,0.02228402907113527,0.99630451427388,0.002702975648606043,0.0037060191372999063,0.002717450997818231,0.02626953125,0.016068039390413753,512,15,8,iris_z_r1_q2_s1,iris_z_r1_q2_s1__t_controlled_s1012.qasm,t,controlled,interface,0,4,z,2,1,vqc-zfm-realamp,8,1,15,1,iris,1.0,1.0,0.0
0.029720052083333334,0.01714079705732228,0.9982153904250871,0.0013873415390265834,0.0017871711138574941,0.0013913589696315217,0.02626953125,0.016068039390413753,512,15,8,iris_z_r1_q2_s1,iris_z_r1_q2_s1__x_random_s1020.qasm,x,random,random,1,5,z,2,1,vqc-zfm-realamp,8,1,15,1,iris,1.0,1.0,0.0
0.8499186197916667,0.1463986285132676,0.4668334676271772,0.1847791559883164,0.8327523156475442,0.3700267316243351,0.02626953125,0.016068039390413753,512,15,8,iris_z_r1_q2_s1,iris_z_r1_q2_s1__x_idle_s1021.qasm,x,idle,idle,0,7,z,2,1,vqc-zfm-realamp,8,1,15,1,iris,1.0,0.0,1.0
0.8103352864583333,0.2345739980706839,0.4847042713690485,0.2117890135550902,0.8061172575399468,0.3939730568438481,0.02626953125,0.016068039390413753,512,15,8,iris_z_r1_q2_s1,iris_z_r1_q2_s1__x_controlled_s1022.qasm,x,controlled,interface,0,4,z,2,1,vqc-zfm-realamp,8,1,15,1,iris,1.0,0.06666666666666667,0.9333333333333333
0.8087076822916667,0.23603663042693893,0.4860738721084136,0.21388472792274738,0.8056931217865289,0.4011565511154819,0.02626953125,0.016068039390413753,512,15,8,iris_z_r1_q2_s1,iris_z_r1_q2_s1__y_random_s1030.qasm,y,random,random,0,2,z,2,1,vqc-zfm-realamp,8,1,15,1,iris,1.0,0.06666666666666667,0.9333333333333333
0.85322265625,0.14426104607647816,0.371875447500953,0.19380693300591478,1.1123860122218148,0.4989354632521127,0.02626953125,0.016068039390413753,512,15,8,iris_z_r1_q2_s1,iris_z_r1_q2_s1__y_idle_s1031.qasm,y,idle,idle,1,7,z,2,1,vqc-zfm-realamp,8,1,15,1,iris,1.0,0.0,1.0
0.8484212239583333,0.14686480457460513,0.46746935046562577,0.18786976294763164,0.8346824019632049,0.37987433102993007,0.02626953125,0.016068039390413753,512,15,8,iris_z_r1_q2_s1,iris_z_r1_q2_s1__y_controlled_s1032.qasm,y,controlled,interface,0,4,z,2,1,vqc-zfm-realamp,8,1,15,1,iris,1.0,0.0,1.0
0.02861328125,0.01737009790732975,0.9984162191359996,0.0013577839948848837,0.001585962565895049,0.00136157011802622,0.02626953125,0.016068039390413753,512,15,8,iris_z_r1_q2_s1,iris_z_r1_q2_s1__z_random_s1040.qasm,z,random,random,0,7,z,2,1,vqc-zfm-realamp,8,1,15,1,iris,1.0,1.0,0.0
0.02861328125,0.01737009790732975,0.9984162191359996,0.0013577839948848837,0.001585962565895049,0.00136157011802622,0.02626953125,0.016068039390413753,512,15,8,iris_z_r1_q2_s1,iris_z_r1_q2_s1__z_idle_s1041.qasm,z,idle,idle,1,7,z,2,1,vqc-zfm-realamp,8,1,15,1,iris,1.0,1.0,0.0
0.07609049479166667,0.08652490557670615,0.9893279401768869,0.016374305598991494,0.010869985351974828,0.01687677452571646,0.02626953125,0.016068039390413753,512,15,8,iris_z_r1_q2_s1,iris_z_r1_q2_s1__z_controlled_s1042.qasm,z,controlled,interface,0,4,z,2,1,vqc-zfm-realamp,8,1,15,1,iris,1.0,0.9333333333333333,0.06666666666666665
0.43681640625,0.21840803028523137,0.8300859003992586,0.12413096128265062,0.19768853965069955,0.1523386350434264,0.028271484375,0.016284429804660244,512,15,8,iris_z_r1_q2_s2,iris_z_r1_q2_s2__h_random_s2000.qasm,h,random,random,0,5,z,2,1,vqc-zfm-realamp,8,1,15,1,iris,1.0,0.3333333333333333,0.6666666666666667
0.45403645833333334,0.10063267943759588,0.840912281837178,0.04670636374844416,0.17477219347820575,0.054515349109682754,0.028271484375,0.016284429804660244,512,15,8,iris_z_r1_q2_s2,iris_z_r1_q2_s2__h_idle_s2001.qasm,h,idle,idle,0,7,z,2,1,vqc-zfm-realamp,8,1,15,1,iris,1.0,0.5333333333333333,0.4666666666666667
0.683349609375,0.08778261683065233,0.688822720430137,0.07056422650862311,0.37824508781990046,0.10587569208941841,0.028271484375,0.016284429804660244,512,15,8,iris_z_r1_q2_s2,iris_z_r1_q2_s2__h_controlled_s2002.qasm,h,controlled,interface,0,4,z,2,1,vqc-zfm-realamp,8,1,15,1,iris,1.0,0.1,0.9
0.14554036458333333,0.07571476732542418,0.9711308481125869,0.018499223402518986,0.029476022454628527,0.019090606029763754,0.028271484375,0.016284429804660244,512,15,8,iris_z_r1_q2_s2,iris_z_r1_q2_s2__t_random_s2010.qasm,t,random,random,1,2,z,2,1,vqc-zfm-realamp,8,1,15,1,iris,1.0,1.0,0.0
0.027945963541666667,0.015709803707203127,0.9984661519953867,0.0012139644845929934,0.001535765429147131,0.001216760808091222,0.028271484375,0.016284429804660244,512,15,8,iris_z_r1_q2_s2,iris_z_r1_q2_s2__t_idle_s2011.qasm,t,idle,idle,0,7,z,2,1,vqc-zfm-realamp,8,1,15,1,iris,1.0,1.0,0.0
0.06287434895833334,0.03549308386519396,0.9936381475705932,0.0045614128999744135,0.00639273806449451,0.004599095869401764,0.028271484375,0.016284429804660244,512,15,8,iris_z_r1_q2_s2,iris_z_r1_q2_s2__t_controlled_s2012.qasm,t,controlled,interface,0,4,z,2,1,vqc-zfm-realamp,8,1,15,1,iris,1.0,1.0,0.0
0.7182291666666667,0.18727432798722993,0.6193478663449401,0.19434305511605532,0.5317940756521244,0.33036891706988925,0.028271484375,0.016284429804660244,512,15,8,iris_z_r1_q2_s2,iris_z_r1_q2_s2__x_random_s2020.qasm,x,random,random,0,4,z,2,1,vqc-zfm-realamp,8,1,15,1,iris,1.0,0.03333333333333333,0.9666666666666667
0.8442057291666667,0.07260956534806363,0.3957571108325447,0.14804887778252884,1.0463772038029364,0.5655346322651558,0.028271484375,0.016284429804660244,512,15,8,iris_z_r1_q2_s2,iris_z_r1_q2_s2__x_idle_s2021.qasm,x,idle,idle,1,7,z,2,1,vqc-zfm-realamp,8,1,15,1,iris,1.0,0.0,1.0
0.7182291666666667,0.18727432798722993,0.6193478663449401,0.19434305511605532,0.5317940756521244,0.33036891706988925,0.028271484375,0.016284429804660244,512,15,8,iris_z_r1_q2_s2,iris_z_r1_q2_s2__x_controlled_s2022.qasm,x,controlled,interface,0,4,z,2,1,vqc-zfm-realamp,8,1,15,1,iris,1.0,0.03333333333333333,0.9666666666666667
0.72001953125,0.18384717832545266,0.6184833335924628,0.19096636345403759,0.5310995092781028,0.32306884031559446,0.028271484375,0.016284429804660244,512,15,8,iris_z_r1_q2_s2,iris_z_r1_q2_s2__y_random_s2030.qasm,y,random,random,0,3,z,2,1,vqc-zfm-realamp,8,1,15,1,iris,1.0,0.03333333333333333,0.9666666666666667
0.83408203125,0.07281640562134542,0.5226493747739807,0.12145535322985558,0.6782143850170487,0.24846283720830897,0.028271484375,0.016284429804660244,512,15,8,iris_z_r1_q2_s2,iris_z_r1_q2_s2__y_idle_s2031.qasm,y,idle,idle,0,7,z,2,1,vqc-zfm-realamp,8,1,15,1,iris,1.0,0.0,1.0
0.8294921875,0.07333093581470877,0.5258687881304306,0.11656835684638725,0.6684191537628291,0.2298297260877244,0.028271484375,0.016284429804660244,512,15,8,iris_z_r1_q2_s2,iris_z_r1_q2_s2__y_controlled_s2032.qasm,y,controlled,interface,0,4,z,2,1,vqc-zfm-realamp,8,1,15,1,iris,1.0,0.0,1.0
0.845947265625,0.0706343736307617,0.4055287122256737,0.130493275466051,0.9651771657055882,0.37446356515556395,0.028271484375,0.016284429804660244,512,15,8,iris_z_r1_q2_s2,iris_z_r1_q2_s2__z_random_s2040.qasm,z,random,random,1,6,z,2,1,vqc-zfm-realamp,8,1,15,1,iris,1.0,0.0,1.0
0.027945963541666667,0.015709803707203127,0.9984661519953867,0.0012139644845929934,0.001535765429147131,0.001216760808091222,0.028271484375,0.016284429804660244,512,15,8,iris_z_r1_q2_s2,iris_z_r1_q2_s2__z_idle_s2041.qasm,z,idle,idle,0,7,z,2,1,vqc-zfm-realamp,8,1,15,1,iris,1.0,1.0,0.0
0.123876953125,0.108643229164716,0.9764493130879629,0.029253734413078773,0.024300596599962043,0.030925506011903643,0.028271484375,0.016284429804660244,512,15,8,iris_z_r1_q2_s2,iris_z_r1_q2_s2__z_controlled_s2042.qasm,z,controlled,interface,0,4,z,2,1,vqc-zfm-realamp,8,1,15,1,iris,1.0,1.0,0.0
0.44814453125,0.2001357333219616,0.8238432646453876,0.10392368072943237,0.2016726789259641,0.12547486003325287,0.055257161458333336,0.0191986588217174,512,15,8,iris_z_r1_q4_s0,iris_z_r1_q4_s0__h_random_s0.qasm,h,random,random,3,5,z,4,1,vqc-zfm-realamp,10,1,31,1,iris,1.0,0.9666666666666667,0.033333333333333326
0.467724609375,0.09652501124405254,0.8250595200636724,0.052917010612584685,0.1943409354088928,0.06378316620904771,0.055257161458333336,0.0191986588217174,512,15,8,iris_z_r1_q4_s0,iris_z_r1_q4_s0__h_idle_s1.qasm,h,idle,idle,0,7,z,4,1,vqc-zfm-realamp,10,1,31,1,iris,1.0,0.5,0.5
0.64296875,0.11855286414028929,0.7103601498371234,0.10101572984332348,0.3524351477469138,0.14583620780062126,0.055257161458333336,0.0191986588217174,512,15,8,iris_z_r1_q4_s0,iris_z_r1_q4_s0__h_controlled_s2.qasm,h,controlled,interface,0,4,z,4,1,vqc-zfm-realamp,10,0,31,1,iris,1.0,0.1,0.9
0.054296875,0.02062312570397813,0.9924853674192634,0.0026817006791002,0.007546664613014176,0.0027045130397982176,0.055257161458333336,0.0191986588217174,512,15,8,iris_z_r1_q4_s0,iris_z_r1_q4_s0__t_random_s10.qasm,t,random,random,3,8,z,4,1,vqc-zfm-realamp,10,0,31,1,iris,1.0,1.0,0.0
0.18292643229166666,0.09582511617842186,0.9581318780704837,0.03023199708652611,0.04327085616571784,0.03170554725509086,0.055257161458333336,0.0191986588217174,512,15,8,iris_z_r1_q4_s0,iris_z_r1_q4_s0__t_idle_s11.qasm,t,idle,idle,1,5,z,4,1,vqc-zfm-realamp,10,0,31,1,iris,1.0,1.0,0.0
0.08268229166666667,0.0322229453988606,0.9873899613934347,0.006391870149805889,0.012711262706640174,0.006494291045899391,0.055257161458333336,0.0191986588217174,512,15,8,iris_z_r1_q4_s0,iris_z_r1_q4_s0__t_controlled_s12.qasm,t,controlled,interface,0,4,z,4,1,vqc-zfm-realamp,10,0,31,1,iris,1.0,1.0,0.0
0.229541015625,0.1290945107923868,0.9503683937911614,0.0318006935497309,0.051468774737795334,0.0336133823505641,0.055257161458333336,0.0191986588217174,512,15,8,iris_z_r1_q4_s0,iris_z_r1_q4_s0__x_random_s20.qasm,x,random,random,3,2,z,4,1,vqc-zfm-realamp,10,1,31,1,iris,1.0,1.0,0.0
0.836669921875,0.08303425685543052,0.3855756575110645,0.19213905751468185,1.1349756218082447,0.6656327659845835,0.055257161458333336,0.0191986588217174,512,15,8,iris_z_r1_q4_s0,iris_z_r1_q4_s0__x_idle_s21.qasm,x,idle,idle,2,8,z,4,1,vqc-zfm-realamp,10,0,31,1,iris,1.0,0.0,1.0
0.7699055989583333,0.15870393496883567,0.5622095995897591,0.17406947146200627,0.621438599675632,0.29809542223273516,0.055257161458333336,0.0191986588217174,512,15,8,iris_z_r1_q4_s0,iris_z_r1_q4_s0__x_controlled_s22.qasm,x,controlled,interface,0,4,z,4,1,vqc-zfm-realamp,10,0,31,1,iris,1.0,0.0,1.0
0.768603515625,0.15967597466947725,0.5638926841303927,0.17492788124493044,0.6188466105176523,0.29986014699195307,0.055257161458333336,0.0191986588217174,512,15,8,iris_z_r1_q4_s0,iris_z_r1_q4_s0__y_random_s30.qasm,y,random,random,0,2,z,4,1,vqc-zfm-realamp,10,0,31,1,iris,1.0,0.0,1.0
0.86298828125,0.06694341279743492,0.31832670246654593,0.14221693805324995,1.2233805088807406,0.3778704283441423,0.055257161458333336,0.0191986588217174,512,15,8,iris_z_r1_q4_s0,iris_z_r1_q4_s0__y_idle_s31.qasm,y,idle,idle,1,8,z,4,1,vqc-zfm-realamp,10,1,31,1,iris,1.0,0.0,1.0
0.83154296875,0.06469643646284709,0.5183582457925141,0.10137172311321678,0.6772680019291746,0.2041067930492124,0.055257161458333336,0.0191986588217174,512,15,8,iris_z_r1_q4_s0,iris_z_r1_q4_s0__y_controlled_s32.qasm,y,controlled,interface,0,4,z,4,1,vqc-zfm-realamp,10,0,31,1,iris,1.0,0.03333333333333333,0.9666666666666667
0.8303548177083333,0.08343117215675741,0.3951396489912317,0.17688658332937926,1.061966677552437,0.556876511359744,0.055257161458333336,0.0191986588217174,512,15,8,iris_z_r1_q4_s0,iris_z_r1_q4_s0__z_random_s40.qasm,z,random,random,2,7,z,4,1,vqc-zfm-realamp,10,0,31,1,iris,1.0,0.03333333333333333,0.9666666666666667
0.054296875,0.02062312570397813,0.9924853674192634,0.0026817006791002,0.007546664613014176,0.0027045130397982176,0.055257161458333336,0.0191986588217174,512,15,8,iris_z_r1_q4_s0,iris_z_r1_q4_s0__z_idle_s41.qasm,z,idle,idle,3,7,z,4,1,vqc-zfm-realamp,10,0,31,1,iris,1.0,1.0,0.0
0.12667643229166667,0.08470923857573448,0.973821626435727,0.021434454634375412,0.02677297161506066,0.022256354443206564,0.055257161458333336,0.0191986588217174,512,15,8,iris_z_r1_q4_s0,iris_z_r1_q4_s0__z_controlled_s42.qasm,z,controlled,interface,0,4,z,4,1,vqc-zfm-realamp,10,0,31,1,iris,1.0,1.0,0.0
0.5369954427083333,0.09248904320831638,0.7514209184354089,0.076895366457862,0.2909355791049049,0.10107848615516736,0.055712890625,0.020966113072997818,512,15,8,iris_z_r1_q4_s1,iris_z_r1_q4_s1__h_random_s1000.qasm,h,random,random,0,4,z,4,1,vqc-zfm-realamp,10,0,31,1,iris,0.9,0.3333333333333333,0.5666666666666667
0.43699544270833335,0.07878444658319651,0.8119341816630038,0.05473882674843794,0.2106307398750786,0.06792523025037821,0.055712890625,0.020966113072997818,512,15,8,iris_z_r1_q4_s1,iris_z_r1_q4_s1__h_idle_s1001.qasm,h,idle,idle,2,8,z,4,1,vqc-zfm-realamp,10,0,31,1,iris,0.9,0.5666666666666667,0.33333333333333337
0.5369954427083333,0.09248904320831638,0.7514209184354089,0.076895366457862,0.2909355791049049,0.10107848615516736,0.055712890625,0.020966113072997818,512,15,8,iris_z_r1_q4_s1,iris_z_r1_q4_s1__h_controlled_s1002.qasm,h,controlled,interface,0,4,z,4,1,vqc-zfm-realamp,10,0,31,1,iris,0.9,0.3333333333333333,0.5666666666666667
0.057633463541666666,0.023432068371985987,0.9924109532103216,0.0032595690293327623,0.0076233903240526734,0.0032873457823639294,0.055712890625,0.020966113072997818,512,15,8,iris_z_r1_q4_s1,iris_z_r1_q4_s1__t_random_s1010.qasm,t,random,random,2,0,z,4,1,vqc-zfm-realamp,10,1,31,1,iris,0.9,0.9,0.0
0.057633463541666666,0.023432068371985987,0.9924109532103216,0.0032595690293327623,0.0076233903240526734,0.0032873457823639294,0.055712890625,0.020966113072997818,512,15,8,iris_z_r1_q4_s1,iris_z_r1_q4_s1__t_idle_s1011.qasm,t,idle,idle,2,8,z,4,1,vqc-zfm-realamp,10,0,31,1,iris,0.9,0.9,0.0
0.06139322916666667,0.02449171677954532,0.9914452787584334,0.003691266482661968,0.008598468589547643,0.003729119192292994,0.055712890625,0.020966113072997818,512,15,8,iris_z_r1_q4_s1,iris_z_r1_q4_s1__t_controlled_s1012.qasm,t,controlled,interface,0,4,z,4,1,vqc-zfm-realamp,10,0,31,1,iris,0.9,0.8666666666666667,0.033333333333333326
0.121337890625,0.0928222741868311,0.9731494235910183,0.020785130741641327,0.02745060296139239,0.021700796409428947,0.055712890625,0.020966113072997818,512,15,8,iris_z_r1_q4_s1,iris_z_r1_q4_s1__x_random_s1020.qasm,x,random,random,3,5,z,4,1,vqc-zfm-realamp,10,1,31,1,iris,0.9,0.7333333333333333,0.16666666666666674
0.848583984375,0.1952385866815804,0.4109887972723214,0.23517178634663707,1.0509273000920547,0.5796867364036419,0.055712890625,0.020966113072997818,512,15,8,iris_z_r1_q4_s1,iris_z_r1_q4_s1__x_idle_s1021.qasm,x,idle,idle,0,5,z,4,1,vqc-zfm-realamp,10,0,31,1,iris,0.9,0.06666666666666667,0.8333333333333334
0.833203125,0.24108694413460355,0.40803495741787316,0.2524565324935015,1.092763426120516,0.6558603661581258,0.055712890625,0.020966113072997818,512,15,8,iris_z_r1_q4_s1,iris_z_r1_q4_s1__x_controlled_s1022.qasm,x,controlled,interface,0,4,z,4,1,vqc-zfm-realamp,10,0,31,1,iris,0.9,0.1,0.8
0.12337239583333333,0.05905812798431123,0.9723810405241304,0.014346988107300772,0.028116760974238306,0.01479313734193444,0.055712890625,0.020966113072997818,512,15,8,iris_z_r1_q4_s1,iris_z_r1_q4_s1__y_random_s1030.qasm,y,random,random,1,2,z,4,1,vqc-zfm-realamp,10,0,31,1,iris,0.9,0.8333333333333334,0.06666666666666665
0.797509765625,0.2088731758681797,0.4263604194041039,0.21775937598585532,0.9572554270153592,0.4394219985263026,0.055712890625,0.020966113072997818,512,15,8,iris_z_r1_q4_s1,iris_z_r1_q4_s1__y_idle_s1031.qasm,y,idle,idle,2,8,z,4,1,vqc-zfm-realamp,10,0,31,1,iris,0.9,0.1,0.8
0.8517903645833333,0.19786213173669165,0.39828276474051305,0.24203830446516045,1.1256314685819329,0.6865863490956423,0.055712890625,0.020966113072997818,512,15,8,iris_z_r1_q4_s1,iris_z_r1_q4_s1__y_controlled_s1032.qasm,y,controlled,interface,0,4,z,4,1,vqc-zfm-realamp,10,0,31,1,iris,0.9,0.06666666666666667,0.8333333333333334
0.057633463541666666,0.023432068371985987,0.9924109532103216,0.0032595690293327623,0.0076233903240526734,0.0032873457823639294,0.055712890625,0.020966113072997818,512,15,8,iris_z_r1_q4_s1,iris_z_r1_q4_s1__z_random_s1040.qasm,z,random,random,1,8,z,4,1,vqc-zfm-realamp,10,1,31,1,iris,0.9,0.9,0.0
0.057633463541666666,0.023432068371985987,0.9924109532103216,0.0032595690293327623,0.0076233903240526734,0.0032873457823639294,0.055712890625,0.020966113072997818,512,15,8,iris_z_r1_q4_s1,iris_z_r1_q4_s1__z_idle_s1041.qasm,z,idle,idle,2,8,z,4,1,vqc-zfm-realamp,10,0,31,1,iris,0.9,0.9,0.0
0.06993815104166666,0.04430789069728936,0.9895306553541693,0.006506166751196084,0.01054633049740848,0.006616389433500274,0.055712890625,0.020966113072997818,512,15,8,iris_z_r1_q4_s1,iris_z_r1_q4_s1__z_controlled_s1042.qasm,z,controlled,interface,0,4,z,4,1,vqc-zfm-realamp,10,0,31,1,iris,0.9,0.9,0.0
0.349755859375,0.19710056562944134,0.868722404735715,0.10522411910611927,0.1482966384362395,0.12394766427906927,0.059309895833333334,0.018297514169794672,512,15,8,iris_z_r1_q4_s2,iris_z_r1_q4_s2__h_random_s2000.qasm,h,random,random,0,5,z,4,1,vqc-zfm-realamp,10,0,31,1,iris,1.0,0.4,0.6
0.349755859375,0.19710056562944134,0.868722404735715,0.10522411910611927,0.1482966384362395,0.12394766427906927,0.059309895833333334,0.018297514169794672,512,15,8,iris_z_r1_q4_s2,iris_z_r1_q4_s2__h_idle_s2001.qasm,h,idle,idle,0,5,z,4,1,vqc-zfm-realamp,10,0,31,1,iris,1.0,0.4,0.6
0.6639322916666667,0.08229462823488101,0.691818694831625,0.0538929551697638,0.3714515406464504,0.07767875383018209,0.059309895833333334,0.018297514169794672,512,15,8,iris_z_r1_q4_s2,iris_z_r1_q4_s2__h_controlled_s2002.qasm,h,controlled,interface,0,4,z,4,1,vqc-zfm-realamp,10,0,31,1,iris,1.0,0.1,0.9
0.19220377604166666,0.0767470835747042,0.9464434697382927,0.026547212134380757,0.0554368932785821,0.028021368291131686,0.059309895833333334,0.018297514169794672,512,15,8,iris_z_r1_q4_s2,iris_z_r1_q4_s2__t_random_s2010.qasm,t,random,random,3,2,z,4,1,vqc-zfm-realamp,10,1,31,1,iris,1.0,1.0,0.0
0.056868489583333334,0.016573166841144838,0.991978167419396,0.0029307936465858965,0.008058549103958841,0.002956526413547551,0.059309895833333334,0.018297514169794672,512,15,8,iris_z_r1_q4_s2,iris_z_r1_q4_s2__t_idle_s2011.qasm,t,idle,idle,3,7,z,4,1,vqc-zfm-realamp,10,0,31,1,iris,1.0,1.0,0.0
0.07802734375,0.024803982622038503,0.9884980758575589,0.004672186580178085,0.011579786771400112,0.0047372744883119764,0.059309895833333334,0.018297514169794672,512,15,8,iris_z_r1_q4_s2,iris_z_r1_q4_s2__t_controlled_s2012.qasm,t,controlled,interface,0,4,z,4,1,vqc-zfm-realamp,10,0,31,1,iris,1.0,1.0,0.0
0.7423828125,0.1846514854020891,0.5833432890457038,0.21843023563735905,0.618531278522811,0.4123128449118897,0.059309895833333334,0.018297514169794672,512,15,8,iris_z_r1_q4_s2,iris_z_r1_q4_s2__x_random_s2020.qasm,x,random,random,0,4,z,4,1,vqc-zfm-realamp,10,0,31,1,iris,1.0,0.0,1.0
0.8231119791666667,0.11674360735443792,0.5099082436276949,0.17207542596651104,0.7331640401726224,0.3502362818761129,0.059309895833333334,0.018297514169794672,512,15,8,iris_z_r1_q4_s2,iris_z_r1_q4_s2__x_idle_s2021.qasm,x,idle,idle,0,7,z,4,1,vqc-zfm-realamp,10,1,31,1,iris,1.0,0.0,1.0
0.7423828125,0.1846514854020891,0.5833432890457038,0.21843023563735905,0.618531278522811,0.4123128449118897,0.059309895833333334,0.018297514169794672,512,15,8,iris_z_r1_q4_s2,iris_z_r1_q4_s2__x_controlled_s2022.qasm,x,controlled,interface,0,4,z,4,1,vqc-zfm-realamp,10,0,31,1,iris,1.0,0.0,1.0
0.742724609375,0.18347232563838248,0.5832316003962201,0.21825124416853312,0.619816307947099,0.4171395363174116,0.059309895833333334,0.018297514169794672,512,15,8,iris_z_r1_q4_s2,iris_z_r1_q4_s2__y_random_s2030.qasm,y,random,random,0,3,z,4,1,vqc-zfm-realamp,10,0,31,1,iris,1.0,0.0,1.0
0.8185872395833333,0.13405187826061638,0.44476987870806384,0.16492635801395714,0.8769746273595879,0.36847694897387706,0.059309895833333334,0.018297514169794672,512,15,8,iris_z_r1_q4_s2,iris_z_r1_q4_s2__y_idle_s2031.qasm,y,idle,idle,2,8,z,4,1,vqc-zfm-realamp,10,0,31,1,iris,1.0,0.0,1.0
0.8229654947916667,0.11425525166104282,0.5098911799622992,0.16800676070108447,0.7305519915142885,0.3425492191184081,0.059309895833333334,0.018297514169794672,512,15,8,iris_z_r1_q4_s2,iris_z_r1_q4_s2__y_controlled_s2032.qasm,y,controlled,interface,0,4,z,4,1,vqc-zfm-realamp,10,0,31,1,iris,1.0,0.0,1.0
0.668701171875,0.26805956518526786,0.6223591988932564,0.21189427966557875,0.5290241876943784,0.3270221502480741,0.059309895833333334,0.018297514169794672,512,15,8,iris_z_r1_q4_s2,iris_z_r1_q4_s2__z_random_s2040.qasm,z,random,random,2,6,z,4,1,vqc-zfm-realamp,10,1,31,1,iris,1.0,0.03333333333333333,0.9666666666666667
0.056868489583333334,0.016573166841144838,0.991978167419396,0.0029307936465858965,0.008058549103958841,0.002956526413547551,0.059309895833333334,0.018297514169794672,512,15,8,iris_z_r1_q4_s2,iris_z_r1_q4_s2__z_idle_s2041.qasm,z,idle,idle,1,8,z,4,1,vqc-zfm-realamp,10,1,31,1,iris,1.0,1.0,0.0
0.11728515625,0.06086988039310278,0.979330479403393,0.012201747896116577,0.020964378851201497,0.012536062704031549,0.059309895833333334,0.018297514169794672,512,15,8,iris_z_r1_q4_s2,iris_z_r1_q4_s2__z_controlled_s2042.qasm,z,controlled,interface,0,4,z,4,1,vqc-zfm-realamp,10,0,31,1,iris,1.0,1.0,0.0
0.3880696614583333,0.12885908914598604,0.8214535577424849,0.08845063817201473,0.20239704869446484,0.10662458176956924,0.022770182291666666,0.013621782846574957,512,15,8,iris_z_r2_q2_s0,iris_z_r2_q2_s0__h_random_s0.qasm,h,random,random,1,7,z,2,2,vqc-zfm-realamp,10,1,18,1,iris,1.0,0.7333333333333333,0.2666666666666667
0.4105631510416667,0.10255576991656619,0.8113841647291428,0.07370556523456938,0.21290581168249478,0.08696150635786769,0.022770182291666666,0.013621782846574957,512,15,8,iris_z_r2_q2_s0,iris_z_r2_q2_s0__h_idle_s1.qasm,h,idle,idle,1,9,z,2,2,vqc-zfm-realamp,10,1,18,1,iris,1.0,0.6333333333333333,0.3666666666666667
0.5882649739583333,0.12122239256276829,0.7535322376245922,0.09054095513904319,0.2907726415572331,0.12723376212508478,0.022770182291666666,0.013621782846574957,512,15,8,iris_z_r2_q2_s0,iris_z_r2_q2_s0__h_controlled_s2.qasm,h,controlled,interface,0,4,z,2,2,vqc-zfm-realamp,10,1,18,1,iris,1.0,0.13333333333333333,0.8666666666666667
0.025309244791666668,0.016073075299274396,0.9983578704932115,0.001308985385866408,0.0016443397403458834,0.0013121899052899856,0.022770182291666666,0.013621782846574957,512,15,8,iris_z_r2_q2_s0,iris_z_r2_q2_s0__t_random_s10.qasm,t,random,random,1,10,z,2,2,vqc-zfm-realamp,10,1,18,1,iris,1.0,1.0,0.0
0.025309244791666668,0.016073075299274396,0.9983578704932115,0.001308985385866408,0.0016443397403458834,0.0013121899052899856,0.022770182291666666,0.013621782846574957,512,15,8,iris_z_r2_q2_s0,iris_z_r2_q2_s0__t_idle_s11.qasm,t,idle,idle,0,9,z,2,2,vqc-zfm-realamp,10,1,18,1,iris,1.0,1.0,0.0
0.05263671875,0.03044291648217085,0.9951225295231213,0.0035231495360375977,0.004895690570652297,0.0035485291565445433,0.022770182291666666,0.013621782846574957,512,15,8,iris_z_r2_q2_s0,iris_z_r2_q2_s0__t_controlled_s12.qasm,t,controlled,interface,0,4,z,2,2,vqc-zfm-realamp,10,1,18,1,iris,1.0,1.0,0.0
0.7533203125,0.22747263537704399,0.5312083943572491,0.2936755240613654,0.8250235291366291,0.6583568591994217,0.022770182291666666,0.013621782846574957,512,15,8,iris_z_r2_q2_s0,iris_z_r2_q2_s0__x_random_s20.qasm,x,random,random,1,3,z,2,2,vqc-zfm-realamp,10,1,18,1,iris,1.0,1.0,0.0
0.8865885416666667,0.09892815380676095,0.29870953503436615,0.21624383568431893,1.5112815554583792,0.8103626140421861,0.022770182291666666,0.013621782846574957,512,15,8,iris_z_r2_q2_s0,iris_z_r2_q2_s0__x_idle_s21.qasm,x,idle,idle,1,9,z,2,2,vqc-zfm-realamp,10,1,18,1,iris,1.0,0.0,1.0
0.78251953125,0.15593915409696466,0.5558207487382588,0.18122692759764353,0.6375733402620744,0.31237610351447004,0.022770182291666666,0.013621782846574957,512,15,8,iris_z_r2_q2_s0,iris_z_r2_q2_s0__x_controlled_s22.qasm,x,controlled,interface,0,4,z,2,2,vqc-zfm-realamp,10,1,18,1,iris,1.0,0.0,1.0
0.784130859375,0.16204974322480634,0.5525178045541208,0.18479155666592478,0.6456605083999241,0.31817848966183915,0.022770182291666666,0.013621782846574957,512,15,8,iris_z_r2_q2_s0,iris_z_r2_q2_s0__y_random_s30.qasm,y,random,random,0,2,z,2,2,vqc-zfm-realamp,10,1,18,1,iris,1.0,0.0,1.0
0.8259928385416667,0.07570721482588058,0.5333317751828739,0.10996732305147272,0.6502616589122125,0.20921304970193175,0.022770182291666666,0.013621782846574957,512,15,8,iris_z_r2_q2_s0,iris_z_r2_q2_s0__y_idle_s31.qasm,y,idle,idle,0,9,z,2,2,vqc-zfm-realamp,10,1,18,1,iris,1.0,0.0,1.0
0.8276529947916667,0.07613179861582868,0.5292545372629541,0.11384134911274264,0.6596888751240442,0.21718781602608264,0.022770182291666666,0.013621782846574957,512,15,8,iris_z_r2_q2_s0,iris_z_r2_q2_s0__y_controlled_s32.qasm,y,controlled,interface,0,4,z,2,2,vqc-zfm-realamp,10,1,18,1,iris,1.0,0.0,1.0
0.879443359375,0.10421679371489964,0.33477965121708164,0.1840773663497738,1.2498707601071903,0.5629245494806715,0.022770182291666666,0.013621782846574957,512,15,8,iris_z_r2_q2_s0,iris_z_r2_q2_s0__z_random_s40.qasm,z,random,random,1,8,z,2,2,vqc-zfm-realamp,10,1,18,1,iris,1.0,0.0,1.0
0.025309244791666668,0.016073075299274396,0.9983578704932115,0.001308985385866408,0.0016443397403458834,0.0013121899052899856,0.022770182291666666,0.013621782846574957,512,15,8,iris_z_r2_q2_s0,iris_z_r2_q2_s0__z_idle_s41.qasm,z,idle,idle,0,9,z,2,2,vqc-zfm-realamp,10,1,18,1,iris,1.0,1.0,0.0
0.09713541666666667,0.08167540211571589,0.9820998674623247,0.015746987290435405,0.018191857637436512,0.016130786990369544,0.022770182291666666,0.013621782846574957,512,15,8,iris_z_r2_q2_s0,iris_z_r2_q2_s0__z_controlled_s42.qasm,z,controlled,interface,0,4,z,2,2,vqc-zfm-realamp,10,1,18,1,iris,1.0,1.0,0.0
0.11653645833333333,0.04435237779499402,0.9731743003617908,0.015796925530965525,0.027324273955398895,0.01627457643603976,0.026334635416666665,0.013566800780887029,512,15,8,iris_z_r2_q2_s1,iris_z_r2_q2_s1__h_random_s1000.qasm,h,random,random,0,5,z,2,2,vqc-zfm-realamp,10,1,18,1,iris,1.0,1.0,0.0
0.4437337239583333,0.07283755233905628,0.7960239240368338,0.06351422888791956,0.23128532930292664,0.0793968038321299,0.026334635416666665,0.013566800780887029,512,15,8,iris_z_r2_q2_s1,iris_z_r2_q2_s1__h_idle_s1001.qasm,h,idle,idle,1,9,z,2,2,vqc-zfm-realamp,10,1,18,1,iris,1.0,0.8,0.19999999999999996
0.575048828125,0.09528390007132968,0.7419191037128648,0.08294960580091582,0.30459916930089137,0.10962637386657714,0.026334635416666665,0.013566800780887029,512,15,8,iris_z_r2_q2_s1,iris_z_r2_q2_s1__h_controlled_s1002.qasm,h,controlled,interface,0,4,z,2,2,vqc-zfm-realamp,10,1,18,1,iris,1.0,0.2,0.8
0.202783203125,0.0964125434061971,0.9608391609390666,0.02420960651528572,0.0402657102328596,0.025198589312557633,0.026334635416666665,0.013566800780887029,512,15,8,iris_z_r2_q2_s1,iris_z_r2_q2_s1__t_random_s1010.qasm,t,random,random,1,1,z,2,2,vqc-zfm-realamp,10,1,18,1,iris,1.0,1.0,0.0
0.025846354166666665,0.01719736143864485,0.9982096265793869,0.0014735578828149194,0.001793069379308172,0.0014779693202592802,0.026334635416666665,0.013566800780887029,512,15,8,iris_z_r2_q2_s1,iris_z_r2_q2_s1__t_idle_s1011.qasm,t,idle,idle,1,9,z,2,2,vqc-zfm-realamp,10,1,18,1,iris,1.0,1.0,0.0
0.03899739583333333,0.023191983009234196,0.9967492891611688,0.0025082273529603493,0.003259180463696418,0.002521435990755051,0.026334635416666665,0.013566800780887029,512,15,8,iris_z_r2_q2_s1,iris_z_r2_q2_s1__t_controlled_s1012.qasm,t,controlled,interface,0,4,z,2,2,vqc-zfm-realamp,10,1,18,1,iris,1.0,1.0,0.0
0.030631510416666667,0.020935798436701267,0.9976690533334373,0.001725794586457806,0.0023351655788863127,0.0017314548100280458,0.026334635416666665,0.013566800780887029,512,15,8,iris_z_r2_q2_s1,iris_z_r2_q2_s1__x_random_s1020.qasm,x,random,random,1,6,z,2,2,vqc-zfm-realamp,10,1,18,1,iris,1.0,1.0,0.0
0.8497884114583333,0.17284880306055195,0.43256681150001686,0.23189661060388525,0.9904272724763413,0.5691385583341945,0.026334635416666665,0.013566800780887029,512,15,8,iris_z_r2_q2_s1,iris_z_r2_q2_s1__x_idle_s1021.qasm,x,idle,idle,0,9,z,2,2,vqc-zfm-realamp,10,1,18,1,iris,1.0,0.0,1.0
0.8199869791666666,0.24416605770308553,0.4445102380548149,0.24464380569058672,0.9563507790025376,0.5439012943173054,0.026334635416666665,0.013566800780887029,512,15,8,iris_z_r2_q2_s1,iris_z_r2_q2_s1__x_controlled_s1022.qasm,x,controlled,interface,0,4,z,2,2,vqc-zfm-realamp,10,1,18,1,iris,1.0,0.06666666666666667,0.9333333333333333
0.8222005208333333,0.24184545283376604,0.44310883640243526,0.24029705136868793,0.9512592551488709,0.524801773072085,0.026334635416666665,0.013566800780887029,512,15,8,iris_z_r2_q2_s1,iris_z_r2_q2_s1__y_random_s1030.qasm,y,random,random,0,2,z,2,2,vqc-zfm-realamp,10,1,18,1,iris,1.0,0.06666666666666667,0.9333333333333333
0.918798828125,0.05825949718891749,0.2585712505127972,0.12586344985048553,1.444602796816635,0.40802045873562887,0.026334635416666665,0.013566800780887029,512,15,8,iris_z_r2_q2_s1,iris_z_r2_q2_s1__y_idle_s1031.qasm,y,idle,idle,1,9,z,2,2,vqc-zfm-realamp,10,1,18,1,iris,1.0,0.0,1.0
0.851123046875,0.1688420668574638,0.43755065886100386,0.22086179476542234,0.9550656560127637,0.5159717461407202,0.026334635416666665,0.013566800780887029,512,15,8,iris_z_r2_q2_s1,iris_z_r2_q2_s1__y_controlled_s1032.qasm,y,controlled,interface,0,4,z,2,2,vqc-zfm-realamp,10,1,18,1,iris,1.0,0.0,1.0
0.025846354166666665,0.01719736143864485,0.9982096265793869,0.0014735578828149194,0.001793069379308172,0.0014779693202592802,0.026334635416666665,0.013566800780887029,512,15,8,iris_z_r2_q2_s1,iris_z_r2_q2_s1__z_random_s1040.qasm,z,random,random,0,9,z,2,2,vqc-zfm-realamp,10,1,18,1,iris,1.0,1.0,0.0
0.025846354166666665,0.01719736143864485,0.9982096265793869,0.0014735578828149194,0.001793069379308172,0.0014779693202592802,0.026334635416666665,0.013566800780887029,512,15,8,iris_z_r2_q2_s1,iris_z_r2_q2_s1__z_idle_s1041.qasm,z,idle,idle,1,9,z,2,2,vqc-zfm-realamp,10,1,18,1,iris,1.0,1.0,0.0
0.066748046875,0.06406858461838892,0.9919886341880583,0.008644254884767708,0.008082002324005931,0.008783850858328899,0.026334635416666665,0.013566800780887029,512,15,8,iris_z_r2_q2_s1,iris_z_r2_q2_s1__z_controlled_s1042.qasm,z,controlled,interface,0,4,z,2,2,vqc-zfm-realamp,10,1,18,1,iris,1.0,0.9333333333333333,0.06666666666666665
0.33269856770833334,0.1446845804409228,0.8728884530363566,0.06287943895534383,0.13850902447902663,0.07136433981326139,0.029345703125,0.016606277095574922,512,15,8,iris_z_r2_q2_s2,iris_z_r2_q2_s2__h_random_s2000.qasm,h,random,random,0,6,z,2,2,vqc-zfm-realamp,10,1,18,1,iris,1.0,0.8333333333333334,0.16666666666666663
0.4368977864583333,0.12054115025251144,0.8383789702291782,0.05843093878661112,0.17868747487115189,0.06914296540985829,0.029345703125,0.016606277095574922,512,15,8,iris_z_r2_q2_s2,iris_z_r2_q2_s2__h_idle_s2001.qasm,h,idle,idle,0,9,z,2,2,vqc-zfm-realamp,10,1,18,1,iris,1.0,0.6333333333333333,0.3666666666666667
0.7048665364583333,0.08783157587917112,0.6627171303866876,0.086878561272652,0.42066878615946557,0.13899632051850522,0.029345703125,0.016606277095574922,512,15,8,iris_z_r2_q2_s2,iris_z_r2_q2_s2__h_controlled_s2002.qasm,h,controlled,interface,0,4,z,2,2,vqc-zfm-realamp,10,1,18,1,iris,1.0,0.03333333333333333,0.9666666666666667
0.2673828125,0.09882420065907413,0.9430484267246568,0.025733026812297576,0.059006432490548585,0.02709495235762797,0.029345703125,0.016606277095574922,512,15,8,iris_z_r2_q2_s2,iris_z_r2_q2_s2__t_random_s2010.qasm,t,random,random,1,2,z,2,2,vqc-zfm-realamp,10,1,18,1,iris,1.0,1.0,0.0
0.028287760416666665,0.015582182816245672,0.99862594866397,0.0010747998424526933,0.001375576035550069,0.001077167236707657,0.029345703125,0.016606277095574922,512,15,8,iris_z_r2_q2_s2,iris_z_r2_q2_s2__t_idle_s2011.qasm,t,idle,idle,0,9,z,2,2,vqc-zfm-realamp,10,1,18,1,iris,1.0,1.0,0.0
0.08004557291666667,0.04168902750821396,0.9905138959592935,0.007944752141780927,0.009563804931961602,0.008068401574597043,0.029345703125,0.016606277095574922,512,15,8,iris_z_r2_q2_s2,iris_z_r2_q2_s2__t_controlled_s2012.qasm,t,controlled,interface,0,4,z,2,2,vqc-zfm-realamp,10,1,18,1,iris,1.0,1.0,0.0
0.7432454427083334,0.06458364302037961,0.6307557973405536,0.06724594673672508,0.46656154041144987,0.10735416719474826,0.029345703125,0.016606277095574922,512,15,8,iris_z_r2_q2_s2,iris_z_r2_q2_s2__x_random_s2020.qasm,x,random,random,0,5,z,2,2,vqc-zfm-realamp,10,1,18,1,iris,1.0,0.0,1.0
0.8434895833333333,0.0627238693509084,0.4337456495277422,0.16022560506424433,0.9108573381644175,0.40014517632237806,0.029345703125,0.016606277095574922,512,15,8,iris_z_r2_q2_s2,iris_z_r2_q2_s2__x_idle_s2021.qasm,x,idle,idle,1,9,z,2,2,vqc-zfm-realamp,10,1,18,1,iris,1.0,0.0,1.0
0.6892252604166667,0.18828489406465937,0.6509284708453446,0.1811011188834872,0.4708432378177573,0.29337670777798003,0.029345703125,0.016606277095574922,512,15,8,iris_z_r2_q2_s2,iris_z_r2_q2_s2__x_controlled_s2022.qasm,x,controlled,interface,0,4,z,2,2,vqc-zfm-realamp,10,1,18,1,iris,1.0,0.03333333333333333,0.9666666666666667
0.8282552083333333,0.05548601672764362,0.5344171210181575,0.08738126938189218,0.6413235492141075,0.17656607204243843,0.029345703125,0.016606277095574922,512,15,8,iris_z_r2_q2_s2,iris_z_r2_q2_s2__y_random_s2030.qasm,y,random,random,0,4,z,2,2,vqc-zfm-realamp,10,1,18,1,iris,1.0,0.0,1.0
0.8367350260416667,0.05897688098764822,0.4784340092853141,0.08620725550133168,0.7555233692887557,0.1971931407082522,0.029345703125,0.016606277095574922,512,15,8,iris_z_r2_q2_s2,iris_z_r2_q2_s2__y_idle_s2031.qasm,y,idle,idle,0,9,z,2,2,vqc-zfm-realamp,10,1,18,1,iris,1.0,0.0,1.0
0.8282552083333333,0.05548601672764362,0.5344171210181575,0.08738126938189218,0.6413235492141075,0.17656607204243843,0.029345703125,0.016606277095574922,512,15,8,iris_z_r2_q2_s2,iris_z_r2_q2_s2__y_controlled_s2032.qasm,y,controlled,interface,0,4,z,2,2,vqc-zfm-realamp,10,1,18,1,iris,1.0,0.0,1.0
0.5160481770833333,0.23977876736225878,0.773133410758341,0.20050788280206078,0.30523848439368495,0.3397892656318786,0.029345703125,0.016606277095574922,512,15,8,iris_z_r2_q2_s2,iris_z_r2_q2_s2__z_random_s2040.qasm,z,random,random,1,7,z,2,2,vqc-zfm-realamp,10,1,18,1,iris,1.0,1.0,0.0
0.028287760416666665,0.015582182816245672,0.99862594866397,0.0010747998424526933,0.001375576035550069,0.001077167236707657,0.029345703125,0.016606277095574922,512,15,8,iris_z_r2_q2_s2,iris_z_r2_q2_s2__z_idle_s2041.qasm,z,idle,idle,0,9,z,2,2,vqc-zfm-realamp,10,1,18,1,iris,1.0,1.0,0.0
0.16814778645833334,0.13993428364413316,0.9628066124745599,0.05038876369112404,0.03938280438537126,0.05547665716302883,0.029345703125,0.016606277095574922,512,15,8,iris_z_r2_q2_s2,iris_z_r2_q2_s2__z_controlled_s2042.qasm,z,controlled,interface,0,4,z,2,2,vqc-zfm-realamp,10,1,18,1,iris,1.0,0.9666666666666667,0.033333333333333326
0.436669921875,0.16697137238160664,0.8331807764182516,0.08499841624620313,0.18791285842215524,0.10504603034773466,0.06697591145833333,0.018414346989015763,512,15,8,iris_z_r2_q4_s0,iris_z_r2_q4_s0__h_random_s0.qasm,h,random,random,3,7,z,4,2,vqc-zfm-realamp,13,0,38,1,iris,1.0,0.9666666666666667,0.033333333333333326
0.4190266927083333,0.1515724196361315,0.8364833443898491,0.07255335937012514,0.18224472859602678,0.08562911591715708,0.06697591145833333,0.018414346989015763,512,15,8,iris_z_r2_q4_s0,iris_z_r2_q4_s0__h_idle_s1.qasm,h,idle,idle,3,9,z,4,2,vqc-zfm-realamp,13,0,38,1,iris,1.0,0.5666666666666667,0.43333333333333335
0.544384765625,0.10657632493834494,0.7722896643043138,0.07078301471461751,0.26280836000666996,0.09512896575842839,0.06697591145833333,0.018414346989015763,512,15,8,iris_z_r2_q4_s0,iris_z_r2_q4_s0__h_controlled_s2.qasm,h,controlled,interface,0,4,z,4,2,vqc-zfm-realamp,13,0,38,1,iris,1.0,0.16666666666666666,0.8333333333333334
0.06925455729166667,0.02086265408018606,0.9915204672111467,0.0028823061848328884,0.008519918844458243,0.002909583546251675,0.06697591145833333,0.018414346989015763,512,15,8,iris_z_r2_q4_s0,iris_z_r2_q4_s0__t_random_s10.qasm,t,random,random,3,10,z,4,2,vqc-zfm-realamp,13,0,38,1,iris,1.0,1.0,0.0
0.07879231770833334,0.028643424192906206,0.9884780392372811,0.00444356741496354,0.011598980975868478,0.00450336589615324,0.06697591145833333,0.018414346989015763,512,15,8,iris_z_r2_q4_s0,iris_z_r2_q4_s0__t_idle_s11.qasm,t,idle,idle,0,5,z,4,2,vqc-zfm-realamp,13,0,38,1,iris,1.0,1.0,0.0
0.08372395833333333,0.0295280950925358,0.987940470842559,0.0044169206599287145,0.012142843546586294,0.0044755864066413,0.06697591145833333,0.018414346989015763,512,15,8,iris_z_r2_q4_s0,iris_z_r2_q4_s0__t_controlled_s12.qasm,t,controlled,interface,0,4,z,4,2,vqc-zfm-realamp,13,0,38,1,iris,1.0,1.0,0.0
0.6229654947916666,0.220128306894316,0.69159269912656,0.19646396072897573,0.4137578302633708,0.3082409631035926,0.06697591145833333,0.018414346989015763,512,15,8,iris_z_r2_q4_s0,iris_z_r2_q4_s0__x_random_s20.qasm,x,random,random,3,3,z,4,2,vqc-zfm-realamp,13,1,38,1,iris,1.0,0.9666666666666667,0.033333333333333326
0.4927571614583333,0.07236207133620298,0.8484240850559612,0.04063043298774182,0.1655145767727708,0.047686834162430886,0.06697591145833333,0.018414346989015763,512,15,8,iris_z_r2_q4_s0,iris_z_r2_q4_s0__x_idle_s21.qasm,x,idle,idle,0,7,z,4,2,vqc-zfm-realamp,13,0,38,1,iris,1.0,1.0,0.0
0.7355794270833333,0.1652081279584996,0.577776065641006,0.18851023695379354,0.6037888539408839,0.33501266410240355,0.06697591145833333,0.018414346989015763,512,15,8,iris_z_r2_q4_s0,iris_z_r2_q4_s0__x_controlled_s22.qasm,x,controlled,interface,0,4,z,4,2,vqc-zfm-realamp,13,0,38,1,iris,1.0,0.03333333333333333,0.9666666666666667
0.7315755208333333,0.16916996694267658,0.5817111257247211,0.19480572379723732,0.6004857941960053,0.3461382116748373,0.06697591145833333,0.018414346989015763,512,15,8,iris_z_r2_q4_s0,iris_z_r2_q4_s0__y_random_s30.qasm,y,random,random,0,2,z,4,2,vqc-zfm-realamp,13,0,38,1,iris,1.0,0.03333333333333333,0.9666666666666667
0.75537109375,0.1309060691916634,0.5780028639878658,0.14966406662930626,0.5833080379663315,0.2680824614265516,0.06697591145833333,0.018414346989015763,512,15,8,iris_z_r2_q4_s0,iris_z_r2_q4_s0__y_idle_s31.qasm,y,idle,idle,0,9,z,4,2,vqc-zfm-realamp,13,1,38,1,iris,1.0,0.0,1.0
0.7580403645833333,0.12376330765435596,0.570887102226764,0.14486021386336762,0.5945351053996527,0.26409957268951934,0.06697591145833333,0.018414346989015763,512,15,8,iris_z_r2_q4_s0,iris_z_r2_q4_s0__y_controlled_s32.qasm,y,controlled,interface,0,4,z,4,2,vqc-zfm-realamp,13,0,38,1,iris,1.0,0.03333333333333333,0.9666666666666667
0.7453938802083333,0.15021482466852143,0.5113810092229671,0.20496342505363643,0.7601219465344742,0.44317007999229396,0.06697591145833333,0.018414346989015763,512,15,8,iris_z_r2_q4_s0,iris_z_r2_q4_s0__z_random_s40.qasm,z,random,random,2,9,z,4,2,vqc-zfm-realamp,13,1,38,1,iris,1.0,0.03333333333333333,0.9666666666666667
0.06925455729166667,0.02086265408018606,0.9915204672111467,0.0028823061848328884,0.008519918844458243,0.002909583546251675,0.06697591145833333,0.018414346989015763,512,15,8,iris_z_r2_q4_s0,iris_z_r2_q4_s0__z_idle_s41.qasm,z,idle,idle,2,11,z,4,2,vqc-zfm-realamp,13,0,38,1,iris,1.0,1.0,0.0
0.12906901041666666,0.06618019473055448,0.9699120582575459,0.02089492038074638,0.030784406693152355,0.021715758569498294,0.06697591145833333,0.018414346989015763,512,15,8,iris_z_r2_q4_s0,iris_z_r2_q4_s0__z_controlled_s42.qasm,z,controlled,interface,0,4,z,4,2,vqc-zfm-realamp,13,0,38,1,iris,1.0,1.0,0.0
0.48660481770833336,0.1387076996330162,0.7758653661981697,0.0938629787534421,0.2605745863491602,0.1144768073751187,0.071240234375,0.01946924157335907,512,15,8,iris_z_r2_q4_s1,iris_z_r2_q4_s1__h_random_s1000.qasm,h,random,random,0,5,z,4,2,vqc-zfm-realamp,13,0,38,1,iris,1.0,0.23333333333333334,0.7666666666666666
0.4156412760416667,0.06548859280625491,0.8339620865302355,0.0382823816037639,0.18260949382680733,0.045536509147640035,0.071240234375,0.01946924157335907,512,15,8,iris_z_r2_q4_s1,iris_z_r2_q4_s1__h_idle_s1001.qasm,h,idle,idle,2,11,z,4,2,vqc-zfm-realamp,13,0,38,1,iris,1.0,0.5333333333333333,0.4666666666666667
0.46463216145833336,0.08522610224937967,0.8063481893890693,0.06648597569707815,0.21857939068486512,0.0813668742592297,0.071240234375,0.01946924157335907,512,15,8,iris_z_r2_q4_s1,iris_z_r2_q4_s1__h_controlled_s1002.qasm,h,controlled,interface,0,4,z,4,2,vqc-zfm-realamp,13,0,38,1,iris,1.0,0.16666666666666666,0.8333333333333334
0.17692057291666666,0.07191487556074792,0.9507471350449843,0.02298916355582012,0.05079885907842351,0.024141809781029363,0.071240234375,0.01946924157335907,512,15,8,iris_z_r2_q4_s1,iris_z_r2_q4_s1__t_random_s1010.qasm,t,random,random,2,1,z,4,2,vqc-zfm-realamp,13,1,38,1,iris,1.0,1.0,0.0
0.14479166666666668,0.03550977249434057,0.9662679403111191,0.012349262882496154,0.03439636087449769,0.012848581782944181,0.071240234375,0.01946924157335907,512,15,8,iris_z_r2_q4_s1,iris_z_r2_q4_s1__t_idle_s1011.qasm,t,idle,idle,0,7,z,4,2,vqc-zfm-realamp,13,0,38,1,iris,1.0,0.9666666666666667,0.033333333333333326
0.102587890625,0.04607606537791658,0.9833717231355438,0.011706532524297418,0.01683996438828766,0.012034023712677238,0.071240234375,0.01946924157335907,512,15,8,iris_z_r2_q4_s1,iris_z_r2_q4_s1__t_controlled_s1012.qasm,t,controlled,interface,0,4,z,4,2,vqc-zfm-realamp,13,0,38,1,iris,1.0,1.0,0.0
0.429345703125,0.23385857037742921,0.8243238197489191,0.15055483758952468,0.21157563170426438,0.19642248333739432,0.071240234375,0.01946924157335907,512,15,8,iris_z_r2_q4_s1,iris_z_r2_q4_s1__x_random_s1020.qasm,x,random,random,3,6,z,4,2,vqc-zfm-realamp,13,0,38,1,iris,1.0,0.16666666666666666,0.8333333333333334
0.196337890625,0.1238559406860368,0.9472384384453149,0.054048368829925954,0.05598333794075084,0.06098540858191822,0.071240234375,0.01946924157335907,512,15,8,iris_z_r2_q4_s1,iris_z_r2_q4_s1__x_idle_s1021.qasm,x,idle,idle,0,5,z,4,2,vqc-zfm-realamp,13,0,38,1,iris,1.0,1.0,0.0
0.663623046875,0.21240484500742293,0.6166852115292752,0.18379657229018456,0.5278209670099094,0.29969424822589535,0.071240234375,0.01946924157335907,512,15,8,iris_z_r2_q4_s1,iris_z_r2_q4_s1__x_controlled_s1022.qasm,x,controlled,interface,0,4,z,4,2,vqc-zfm-realamp,13,0,38,1,iris,1.0,0.03333333333333333,0.9666666666666667
0.251708984375,0.11626360044599415,0.926963528200638,0.053165968893910814,0.07760941602125021,0.06056843926942936,0.071240234375,0.01946924157335907,512,15,8,iris_z_r2_q4_s1,iris_z_r2_q4_s1__y_random_s1030.qasm,y,random,random,1,3,z,4,2,vqc-zfm-realamp,13,0,38,1,iris,1.0,1.0,0.0
0.7522786458333334,0.1412784417998886,0.5132414913019191,0.16333193236093202,0.7087344055313837,0.27625246765964745,0.071240234375,0.01946924157335907,512,15,8,iris_z_r2_q4_s1,iris_z_r2_q4_s1__y_idle_s1031.qasm,y,idle,idle,2,11,z,4,2,vqc-zfm-realamp,13,0,38,1,iris,1.0,0.0,1.0
0.7100748697916667,0.11763850816417118,0.5871201563899845,0.13857696354676552,0.5627163300645495,0.25124767597621633,0.071240234375,0.01946924157335907,512,15,8,iris_z_r2_q4_s1,iris_z_r2_q4_s1__y_controlled_s1032.qasm,y,controlled,interface,0,4,z,4,2,vqc-zfm-realamp,13,0,38,1,iris,1.0,0.0,1.0
0.08260091145833333,0.022451588624642027,0.9900164764117009,0.003910089687544968,0.010041508088990691,0.003955444663546286,0.071240234375,0.01946924157335907,512,15,8,iris_z_r2_q4_s1,iris_z_r2_q4_s1__z_random_s1040.qasm,z,random,random,1,10,z,4,2,vqc-zfm-realamp,13,1,38,1,iris,1.0,1.0,0.0
0.07540690104166667,0.020523765857891584,0.9912914182125969,0.0037548290898980147,0.008753909276045631,0.0037927372218144683,0.071240234375,0.01946924157335907,512,15,8,iris_z_r2_q4_s1,iris_z_r2_q4_s1__z_idle_s1041.qasm,z,idle,idle,2,11,z,4,2,vqc-zfm-realamp,13,0,38,1,iris,1.0,1.0,0.0
0.18173828125,0.14737443352984878,0.9500113489031385,0.06639130613631447,0.05401004388802095,0.07595477811331504,0.071240234375,0.01946924157335907,512,15,8,iris_z_r2_q4_s1,iris_z_r2_q4_s1__z_controlled_s1042.qasm,z,controlled,interface,0,4,z,4,2,vqc-zfm-realamp,13,0,38,1,iris,1.0,0.9666666666666667,0.033333333333333326
0.45441080729166666,0.06184732856610942,0.806980798985977,0.047165864663499577,0.2161980847080994,0.05935665620414428,0.07151692708333333,0.02031341289848968,512,15,8,iris_z_r2_q4_s2,iris_z_r2_q4_s2__h_random_s2000.qasm,h,random,random,0,6,z,4,2,vqc-zfm-realamp,13,0,38,1,iris,1.0,0.3,0.7
0.3458984375,0.15399380176835986,0.8611831871031541,0.08944983747251116,0.15497458124111987,0.10578493278245696,0.07151692708333333,0.02031341289848968,512,15,8,iris_z_r2_q4_s2,iris_z_r2_q4_s2__h_idle_s2001.qasm,h,idle,idle,0,5,z,4,2,vqc-zfm-realamp,13,0,38,1,iris,1.0,0.4,0.6
0.5372884114583333,0.0887970461493488,0.7582214041690972,0.062286174745323795,0.28024202035267953,0.08377022893028131,0.07151692708333333,0.02031341289848968,512,15,8,iris_z_r2_q4_s2,iris_z_r2_q4_s2__h_controlled_s2002.qasm,h,controlled,interface,0,4,z,4,2,vqc-zfm-realamp,13,0,38,1,iris,1.0,0.1,0.9
0.19332682291666667,0.045712432927853285,0.956716156769518,0.017452436005126356,0.04441561192473273,0.018299678118527306,0.07151692708333333,0.02031341289848968,512,15,8,iris_z_r2_q4_s2,iris_z_r2_q4_s2__t_random_s2010.qasm,t,random,random,3,2,z,4,2,vqc-zfm-realamp,13,1,38,1,iris,1.0,1.0,0.0
0.07112630208333333,0.021032147662180048,0.9920928168784855,0.0032077304772770367,0.007943847983019968,0.003238038400544691,0.07151692708333333,0.02031341289848968,512,15,8,iris_z_r2_q4_s2,iris_z_r2_q4_s2__t_idle_s2011.qasm,t,idle,idle,3,9,z,4,2,vqc-zfm-realamp,13,0,38,1,iris,1.0,1.0,0.0
0.11940104166666667,0.04807355324436325,0.9807976475487483,0.011275583212265707,0.01945582823536018,0.011578934598493613,0.07151692708333333,0.02031341289848968,512,15,8,iris_z_r2_q4_s2,iris_z_r2_q4_s2__t_controlled_s2012.qasm,t,controlled,interface,0,4,z,4,2,vqc-zfm-realamp,13,0,38,1,iris,1.0,1.0,0.0
0.21863606770833333,0.10749798908373519,0.9343089610055403,0.05168371376245864,0.0695563277189514,0.05743215652627236,0.07151692708333333,0.02031341289848968,512,15,8,iris_z_r2_q4_s2,iris_z_r2_q4_s2__x_random_s2020.qasm,x,random,random,0,5,z,4,2,vqc-zfm-realamp,13,0,38,1,iris,1.0,1.0,0.0
0.6330891927083333,0.1636001700949413,0.6672003409165858,0.12074248105244632,0.42041249688885163,0.17606857576786727,0.07151692708333333,0.02031341289848968,512,15,8,iris_z_r2_q4_s2,iris_z_r2_q4_s2__x_idle_s2021.qasm,x,idle,idle,0,9,z,4,2,vqc-zfm-realamp,13,1,38,1,iris,1.0,0.0,1.0
0.58212890625,0.19161271980819358,0.7102373900443409,0.14334962578615604,0.36297651543338577,0.2054224096360015,0.07151692708333333,0.02031341289848968,512,15,8,iris_z_r2_q4_s2,iris_z_r2_q4_s2__x_controlled_s2022.qasm,x,controlled,interface,0,4,z,4,2,vqc-zfm-realamp,13,0,38,1,iris,1.0,0.0,1.0
0.650146484375,0.13558813634210654,0.6537431655891058,0.10334302936722868,0.43742721556042974,0.1572490070650144,0.07151692708333333,0.02031341289848968,512,15,8,iris_z_r2_q4_s2,iris_z_r2_q4_s2__y_random_s2030.qasm,y,random,random,0,4,z,4,2,vqc-zfm-realamp,13,0,38,1,iris,1.0,0.0,1.0
0.644140625,0.1427707656213739,0.6577588218807989,0.10470846909718919,0.4316516740493353,0.1599947560453044,0.07151692708333333,0.02031341289848968,512,15,8,iris_z_r2_q4_s2,iris_z_r2_q4_s2__y_idle_s2031.qasm,y,idle,idle,1,11,z,4,2,vqc-zfm-realamp,13,1,38,1,iris,1.0,0.0,1.0
0.650146484375,0.13558813634210654,0.6537431655891058,0.10334302936722868,0.43742721556042974,0.1572490070650144,0.07151692708333333,0.02031341289848968,512,15,8,iris_z_r2_q4_s2,iris_z_r2_q4_s2__y_controlled_s2032.qasm,y,controlled,interface,0,4,z,4,2,vqc-zfm-realamp,13,0,38,1,iris,1.0,0.0,1.0
0.23385416666666667,0.09198532204860177,0.9221045051504063,0.0378117008658907,0.08195669641639167,0.04171334631763671,0.07151692708333333,0.02031341289848968,512,15,8,iris_z_r2_q4_s2,iris_z_r2_q4_s2__z_random_s2040.qasm,z,random,random,2,8,z,4,2,vqc-zfm-realamp,13,1,38,1,iris,1.0,0.9333333333333333,0.06666666666666665
0.07112630208333333,0.021032147662180048,0.9920928168784855,0.0032077304772770367,0.007943847983019968,0.003238038400544691,0.07151692708333333,0.02031341289848968,512,15,8,iris_z_r2_q4_s2,iris_z_r2_q4_s2__z_idle_s2041.qasm,z,idle,idle,0,9,z,4,2,vqc-zfm-realamp,13,1,38,1,iris,1.0,1.0,0.0
0.22965494791666666,0.15717855264130012,0.9276815473437724,0.07159449842018084,0.07820635919130177,0.08029279435630414,0.07151692708333333,0.02031341289848968,512,15,8,iris_z_r2_q4_s2,iris_z_r2_q4_s2__z_controlled_s2042.qasm,z,controlled,interface,0,4,z,4,2,vqc-zfm-realamp,13,0,38,1,iris,1.0,1.0,0.0
0.543701171875,0.21369024240794957,0.7560036687306736,0.12064007691848747,0.29187725314356733,0.15442622624112698,0.027897135416666666,0.016005267176968384,512,15,8,iris_z_r3_q2_s0,iris_z_r3_q2_s0__h_random_s0.qasm,h,random,random,1,8,z,2,3,vqc-zfm-realamp,12,1,21,1,iris,1.0,1.0,0.0
0.4547200520833333,0.053449876528166025,0.8122522029843314,0.03634213180830132,0.20893138911794812,0.0442812434703715,0.027897135416666666,0.016005267176968384,512,15,8,iris_z_r3_q2_s0,iris_z_r3_q2_s0__h_idle_s1.qasm,h,idle,idle,1,11,z,2,3,vqc-zfm-realamp,12,1,21,1,iris,1.0,0.5333333333333333,0.4666666666666667
0.5964518229166667,0.11915561491396297,0.7480966612821608,0.08332136202865265,0.2967306228590631,0.11552754895823643,0.027897135416666666,0.016005267176968384,512,15,8,iris_z_r3_q2_s0,iris_z_r3_q2_s0__h_controlled_s2.qasm,h,controlled,interface,0,4,z,2,3,vqc-zfm-realamp,12,1,21,1,iris,1.0,0.13333333333333333,0.8666666666666667
0.0296875,0.014958948545989538,0.9985457838484425,0.0010382728602571574,0.0014558157844062813,0.0010407342956661328,0.027897135416666666,0.016005267176968384,512,15,8,iris_z_r3_q2_s0,iris_z_r3_q2_s0__t_random_s10.qasm,t,random,random,1,12,z,2,3,vqc-zfm-realamp,12,1,21,1,iris,1.0,1.0,0.0
0.0296875,0.014958948545989538,0.9985457838484425,0.0010382728602571574,0.0014558157844062813,0.0010407342956661328,0.027897135416666666,0.016005267176968384,512,15,8,iris_z_r3_q2_s0,iris_z_r3_q2_s0__t_idle_s11.qasm,t,idle,idle,0,11,z,2,3,vqc-zfm-realamp,12,1,21,1,iris,1.0,1.0,0.0
0.04733072916666667,0.02946968708006962,0.9960561080815237,0.003479882143042239,0.003957813690558263,0.0035028002305533663,0.027897135416666666,0.016005267176968384,512,15,8,iris_z_r3_q2_s0,iris_z_r3_q2_s0__t_controlled_s12.qasm,t,controlled,interface,0,4,z,2,3,vqc-zfm-realamp,12,1,21,1,iris,1.0,1.0,0.0
0.437158203125,0.30297072243536166,0.825246893589863,0.1816142792850475,0.22022132086021345,0.2463504222875281,0.027897135416666666,0.016005267176968384,512,15,8,iris_z_r3_q2_s0,iris_z_r3_q2_s0__x_random_s20.qasm,x,random,random,1,3,z,2,3,vqc-zfm-realamp,12,1,21,1,iris,1.0,1.0,0.0
0.8504069010416667,0.08138482897038633,0.42740633856843346,0.16522333554011343,0.9404146515406779,0.45272442100619603,0.027897135416666666,0.016005267176968384,512,15,8,iris_z_r3_q2_s0,iris_z_r3_q2_s0__x_idle_s21.qasm,x,idle,idle,1,11,z,2,3,vqc-zfm-realamp,12,1,21,1,iris,1.0,0.0,1.0
0.8000651041666667,0.17040291504533067,0.5249809295776563,0.20442136412732057,0.7168469198797062,0.37654092379110105,0.027897135416666666,0.016005267176968384,512,15,8,iris_z_r3_q2_s0,iris_z_r3_q2_s0__x_controlled_s22.qasm,x,controlled,interface,0,4,z,2,3,vqc-zfm-realamp,12,1,21,1,iris,1.0,0.0,1.0
0.7996907552083333,0.1700635850647367,0.5254242863277011,0.20441467840327515,0.7160942408823023,0.377109822124189,0.027897135416666666,0.016005267176968384,512,15,8,iris_z_r3_q2_s0,iris_z_r3_q2_s0__y_random_s30.qasm,y,random,random,0,3,z,2,3,vqc-zfm-realamp,12,1,21,1,iris,1.0,0.0,1.0
0.849365234375,0.08298581299313706,0.49750332357124644,0.1330971871877807,0.7345453647323973,0.27131826074278526,0.027897135416666666,0.016005267176968384,512,15,8,iris_z_r3_q2_s0,iris_z_r3_q2_s0__y_idle_s31.qasm,y,idle,idle,0,11,z,2,3,vqc-zfm-realamp,12,1,21,1,iris,1.0,0.0,1.0
0.8492350260416667,0.08290867848471596,0.4935654833138557,0.13279998640225074,0.7429393269363792,0.27297166920145505,0.027897135416666666,0.016005267176968384,512,15,8,iris_z_r3_q2_s0,iris_z_r3_q2_s0__y_controlled_s32.qasm,y,controlled,interface,0,4,z,2,3,vqc-zfm-realamp,12,1,21,1,iris,1.0,0.0,1.0
0.45289713541666665,0.281325626331003,0.8168123719281764,0.18020275103418223,0.23054042841170438,0.2462893434491818,0.027897135416666666,0.016005267176968384,512,15,8,iris_z_r3_q2_s0,iris_z_r3_q2_s0__z_random_s40.qasm,z,random,random,1,9,z,2,3,vqc-zfm-realamp,12,1,21,1,iris,1.0,1.0,0.0
0.0296875,0.014958948545989538,0.9985457838484425,0.0010382728602571574,0.0014558157844062813,0.0010407342956661328,0.027897135416666666,0.016005267176968384,512,15,8,iris_z_r3_q2_s0,iris_z_r3_q2_s0__z_idle_s41.qasm,z,idle,idle,0,11,z,2,3,vqc-zfm-realamp,12,1,21,1,iris,1.0,1.0,0.0
0.07952473958333334,0.07648015513829556,0.9878491808619534,0.01563844157402822,0.012352817783556614,0.016045213306335182,0.027897135416666666,0.016005267176968384,512,15,8,iris_z_r3_q2_s0,iris_z_r3_q2_s0__z_controlled_s42.qasm,z,controlled,interface,0,4,z,2,3,vqc-zfm-realamp,12,1,21,1,iris,1.0,1.0,0.0
0.7140950520833333,0.15755763524889915,0.6205520606602764,0.14801409414279734,0.5060063644407091,0.24368606629801184,0.032698567708333334,0.015186506311241538,512,15,8,iris_z_r3_q2_s1,iris_z_r3_q2_s1__h_random_s1000.qasm,h,random,random,0,6,z,2,3,vqc-zfm-realamp,12,1,21,1,iris,1.0,0.0,1.0
0.283740234375,0.17234893422126937,0.9119458969945268,0.07781047025778996,0.0960072849355362,0.08871560815863916,0.032698567708333334,0.015186506311241538,512,15,8,iris_z_r3_q2_s1,iris_z_r3_q2_s1__h_idle_s1001.qasm,h,idle,idle,1,11,z,2,3,vqc-zfm-realamp,12,1,21,1,iris,1.0,0.6333333333333333,0.3666666666666667
0.43167317708333336,0.09559942808064412,0.8586049263657437,0.056595096983406486,0.15469726980243545,0.06770920668410442,0.032698567708333334,0.015186506311241538,512,15,8,iris_z_r3_q2_s1,iris_z_r3_q2_s1__h_controlled_s1002.qasm,h,controlled,interface,0,4,z,2,3,vqc-zfm-realamp,12,1,21,1,iris,1.0,0.23333333333333334,0.7666666666666666
0.16466471354166667,0.06025572419751529,0.9686979835851147,0.015995955202472857,0.03193927834835944,0.01656300541067872,0.032698567708333334,0.015186506311241538,512,15,8,iris_z_r3_q2_s1,iris_z_r3_q2_s1__t_random_s1010.qasm,t,random,random,1,1,z,2,3,vqc-zfm-realamp,12,1,21,1,iris,1.0,1.0,0.0
0.035172526041666666,0.017719512103759667,0.9985233781727415,0.0012020506540055182,0.0014784385164160673,0.0012048345543129698,0.032698567708333334,0.015186506311241538,512,15,8,iris_z_r3_q2_s1,iris_z_r3_q2_s1__t_idle_s1011.qasm,t,idle,idle,1,11,z,2,3,vqc-zfm-realamp,12,1,21,1,iris,1.0,1.0,0.0
0.07294921875,0.05233479133729334,0.9904510629124996,0.012427582693769378,0.009674796172972015,0.012697525197155444,0.032698567708333334,0.015186506311241538,512,15,8,iris_z_r3_q2_s1,iris_z_r3_q2_s1__t_controlled_s1012.qasm,t,controlled,interface,0,4,z,2,3,vqc-zfm-realamp,12,1,21,1,iris,1.0,1.0,0.0
0.43478190104166664,0.15478403609144933,0.8181398008266783,0.08569215990543354,0.20651629826054396,0.10919786000458921,0.032698567708333334,0.015186506311241538,512,15,8,iris_z_r3_q2_s1,iris_z_r3_q2_s1__x_random_s1020.qasm,x,random,random,1,7,z,2,3,vqc-zfm-realamp,12,1,21,1,iris,1.0,0.7333333333333333,0.2666666666666667
0.6502766927083333,0.15242308460987217,0.7123361043671772,0.15036767682642316,0.3665250833097523,0.24659197111775172,0.032698567708333334,0.015186506311241538,512,15,8,iris_z_r3_q2_s1,iris_z_r3_q2_s1__x_idle_s1021.qasm,x,idle,idle,0,11,z,2,3,vqc-zfm-realamp,12,1,21,1,iris,1.0,0.0,1.0
0.6364908854166667,0.21328226103987444,0.663221992649012,0.1793846817294517,0.4540672250767753,0.311217128059083,0.032698567708333334,0.015186506311241538,512,15,8,iris_z_r3_q2_s1,iris_z_r3_q2_s1__x_controlled_s1022.qasm,x,controlled,interface,0,4,z,2,3,vqc-zfm-realamp,12,1,21,1,iris,1.0,0.06666666666666667,0.9333333333333333
0.6397298177083334,0.22114255776048092,0.6689778315424291,0.17394789380181938,0.44065349986135754,0.29044301923526894,0.032698567708333334,0.015186506311241538,512,15,8,iris_z_r3_q2_s1,iris_z_r3_q2_s1__y_random_s1030.qasm,y,random,random,0,3,z,2,3,vqc-zfm-realamp,12,1,21,1,iris,1.0,0.06666666666666667,0.9333333333333333
0.5869954427083334,0.19580535080023037,0.7440545730508202,0.15044278474093536,0.3214831470696824,0.2423515839433211,0.032698567708333334,0.015186506311241538,512,15,8,iris_z_r3_q2_s1,iris_z_r3_q2_s1__y_idle_s1031.qasm,y,idle,idle,1,11,z,2,3,vqc-zfm-realamp,12,1,21,1,iris,1.0,0.0,1.0
0.6743001302083333,0.14959160965149187,0.6441410106002948,0.1397777649152421,0.4682014617169224,0.2509922908284576,0.032698567708333334,0.015186506311241538,512,15,8,iris_z_r3_q2_s1,iris_z_r3_q2_s1__y_controlled_s1032.qasm,y,controlled,interface,0,4,z,2,3,vqc-zfm-realamp,12,1,21,1,iris,1.0,0.03333333333333333,0.9666666666666667
0.62138671875,0.2065498792185169,0.7110611403903203,0.17136430103520417,0.37231034286199693,0.25487614876480486,0.032698567708333334,0.015186506311241538,512,15,8,iris_z_r3_q2_s1,iris_z_r3_q2_s1__z_random_s1040.qasm,z,random,random,0,10,z,2,3,vqc-zfm-realamp,12,1,21,1,iris,1.0,0.03333333333333333,0.9666666666666667
0.035172526041666666,0.017719512103759667,0.9985233781727415,0.0012020506540055182,0.0014784385164160673,0.0012048345543129698,0.032698567708333334,0.015186506311241538,512,15,8,iris_z_r3_q2_s1,iris_z_r3_q2_s1__z_idle_s1041.qasm,z,idle,idle,1,11,z,2,3,vqc-zfm-realamp,12,1,21,1,iris,1.0,1.0,0.0
0.1162109375,0.11374836344118044,0.9751600219513618,0.04247723407386129,0.026169425736061572,0.04584731485106984,0.032698567708333334,0.015186506311241538,512,15,8,iris_z_r3_q2_s1,iris_z_r3_q2_s1__z_controlled_s1042.qasm,z,controlled,interface,0,4,z,2,3,vqc-zfm-realamp,12,1,21,1,iris,1.0,1.0,0.0
0.41184895833333335,0.12888157052788402,0.8503277825794925,0.07555333310870278,0.16618414640197307,0.09061983172312421,0.029736328125,0.016444691021820425,512,15,8,iris_z_r3_q2_s2,iris_z_r3_q2_s2__h_random_s2000.qasm,h,random,random,0,7,z,2,3,vqc-zfm-realamp,12,1,21,1,iris,1.0,0.5,0.5
0.43728841145833336,0.11518189235465383,0.8188178243276117,0.06926304875813272,0.20354269658387922,0.08585246936805895,0.029736328125,0.016444691021820425,512,15,8,iris_z_r3_q2_s2,iris_z_r3_q2_s2__h_idle_s2001.qasm,h,idle,idle,0,11,z,2,3,vqc-zfm-realamp,12,1,21,1,iris,1.0,0.4,0.6
0.684814453125,0.10461443348724797,0.6787145282362872,0.07843530677012855,0.3945424866702914,0.11975854394184332,0.029736328125,0.016444691021820425,512,15,8,iris_z_r3_q2_s2,iris_z_r3_q2_s2__h_controlled_s2002.qasm,h,controlled,interface,0,4,z,2,3,vqc-zfm-realamp,12,1,21,1,iris,1.0,0.1,0.9
0.07747395833333333,0.04864113501133554,0.9923949831689394,0.00801990288435791,0.0076669784449234345,0.008126231785014463,0.029736328125,0.016444691021820425,512,15,8,iris_z_r3_q2_s2,iris_z_r3_q2_s2__t_random_s2010.qasm,t,random,random,1,3,z,2,3,vqc-zfm-realamp,12,1,21,1,iris,1.0,1.0,0.0
0.028434244791666667,0.015226852429020093,0.9984453874489609,0.0013116784024139669,0.0015566862043036262,0.0013149290234392907,0.029736328125,0.016444691021820425,512,15,8,iris_z_r3_q2_s2,iris_z_r3_q2_s2__t_idle_s2011.qasm,t,idle,idle,0,11,z,2,3,vqc-zfm-realamp,12,1,21,1,iris,1.0,1.0,0.0
0.06253255208333333,0.033139859431435555,0.9933584017993239,0.004680819593141971,0.006674874560484873,0.004718737201676807,0.029736328125,0.016444691021820425,512,15,8,iris_z_r3_q2_s2,iris_z_r3_q2_s2__t_controlled_s2012.qasm,t,controlled,interface,0,4,z,2,3,vqc-zfm-realamp,12,1,21,1,iris,1.0,1.0,0.0
0.08914388020833333,0.07001746360980869,0.9828374701530913,0.015915648242337974,0.01744413859863647,0.016333352036917995,0.029736328125,0.016444691021820425,512,15,8,iris_z_r3_q2_s2,iris_z_r3_q2_s2__x_random_s2020.qasm,x,random,random,0,6,z,2,3,vqc-zfm-realamp,12,1,21,1,iris,1.0,1.0,0.0
0.8410481770833333,0.08158912636565345,0.5004443316885994,0.13196772998087097,0.7302834586883247,0.28256075990483887,0.029736328125,0.016444691021820425,512,15,8,iris_z_r3_q2_s2,iris_z_r3_q2_s2__x_idle_s2021.qasm,x,idle,idle,1,11,z,2,3,vqc-zfm-realamp,12,1,21,1,iris,1.0,0.0,1.0
0.72734375,0.19540564185346354,0.6047952989013733,0.2147581448783785,0.5756068380260674,0.39662323354433615,0.029736328125,0.016444691021820425,512,15,8,iris_z_r3_q2_s2,iris_z_r3_q2_s2__x_controlled_s2022.qasm,x,controlled,interface,0,4,z,2,3,vqc-zfm-realamp,12,1,21,1,iris,1.0,0.0,1.0
0.8429524739583333,0.08137818845149546,0.5046875500227338,0.13637898695885986,0.7239971943730107,0.2910167495823767,0.029736328125,0.016444691021820425,512,15,8,iris_z_r3_q2_s2,iris_z_r3_q2_s2__y_random_s2030.qasm,y,random,random,0,5,z,2,3,vqc-zfm-realamp,12,1,21,1,iris,1.0,0.0,1.0
0.8521647135416667,0.0715693493951907,0.4052895717652768,0.11329686001013026,0.9520917438866765,0.33336785838989963,0.029736328125,0.016444691021820425,512,15,8,iris_z_r3_q2_s2,iris_z_r3_q2_s2__y_idle_s2031.qasm,y,idle,idle,0,11,z,2,3,vqc-zfm-realamp,12,1,21,1,iris,1.0,0.0,1.0
0.8429524739583333,0.08137818845149546,0.5046875500227338,0.13637898695885986,0.7239971943730107,0.2910167495823767,0.029736328125,0.016444691021820425,512,15,8,iris_z_r3_q2_s2,iris_z_r3_q2_s2__y_controlled_s2032.qasm,y,controlled,interface,0,4,z,2,3,vqc-zfm-realamp,12,1,21,1,iris,1.0,0.0,1.0
0.8463704427083333,0.060155243748207216,0.4990945346549118,0.09711279595634632,0.7152136984139311,0.20504115357654001,0.029736328125,0.016444691021820425,512,15,8,iris_z_r3_q2_s2,iris_z_r3_q2_s2__z_random_s2040.qasm,z,random,random,1,8,z,2,3,vqc-zfm-realamp,12,1,21,1,iris,1.0,0.0,1.0
0.028434244791666667,0.015226852429020093,0.9984453874489609,0.0013116784024139669,0.0015566862043036262,0.0013149290234392907,0.029736328125,0.016444691021820425,512,15,8,iris_z_r3_q2_s2,iris_z_r3_q2_s2__z_idle_s2041.qasm,z,idle,idle,0,11,z,2,3,vqc-zfm-realamp,12,1,21,1,iris,1.0,1.0,0.0
0.12615559895833334,0.10702504111393173,0.9757644956222002,0.02613499186120986,0.024901996915724183,0.027303965712667015,0.029736328125,0.016444691021820425,512,15,8,iris_z_r3_q2_s2,iris_z_r3_q2_s2__z_controlled_s2042.qasm,z,controlled,interface,0,4,z,2,3,vqc-zfm-realamp,12,1,21,1,iris,1.0,1.0,0.0
0.4532552083333333,0.14317035369210968,0.8209538113220403,0.07332672466034318,0.20117224835307254,0.08760755481914576,0.0662109375,0.021245415884992746,512,15,8,iris_z_r3_q4_s0,iris_z_r3_q4_s0__h_random_s0.qasm,h,random,random,3,8,z,4,3,vqc-zfm-realamp,16,0,45,1,iris,1.0,1.0,0.0
0.4529947916666667,0.0786634008731873,0.802275529324142,0.06477189957879778,0.22359071273486358,0.08127388863738465,0.0662109375,0.021245415884992746,512,15,8,iris_z_r3_q4_s0,iris_z_r3_q4_s0__h_idle_s1.qasm,h,idle,idle,2,14,z,4,3,vqc-zfm-realamp,16,0,45,1,iris,1.0,0.4666666666666667,0.5333333333333333
0.6153971354166666,0.1127246967501761,0.7323815894579605,0.08986858963257849,0.31925237047246485,0.12603534377662357,0.0662109375,0.021245415884992746,512,15,8,iris_z_r3_q4_s0,iris_z_r3_q4_s0__h_controlled_s2.qasm,h,controlled,interface,0,4,z,4,3,vqc-zfm-realamp,16,0,45,1,iris,1.0,0.06666666666666667,0.9333333333333333
0.06780598958333334,0.018771321924351835,0.9925599301584865,0.002894363637092331,0.007472142016365613,0.0029186862647224377,0.0662109375,0.021245415884992746,512,15,8,iris_z_r3_q4_s0,iris_z_r3_q4_s0__t_random_s10.qasm,t,random,random,3,12,z,4,3,vqc-zfm-realamp,16,0,45,1,iris,1.0,1.0,0.0
0.07991536458333333,0.02307056423620746,0.9868629249173518,0.008234771642085885,0.013259273435947043,0.008403565512667459,0.0662109375,0.021245415884992746,512,15,8,iris_z_r3_q4_s0,iris_z_r3_q4_s0__t_idle_s11.qasm,t,idle,idle,0,5,z,4,3,vqc-zfm-realamp,16,0,45,1,iris,1.0,1.0,0.0
0.08470052083333333,0.02575600155186496,0.9885629556550899,0.004674872364540722,0.011514154147546411,0.004736040936662516,0.0662109375,0.021245415884992746,512,15,8,iris_z_r3_q4_s0,iris_z_r3_q4_s0__t_controlled_s12.qasm,t,controlled,interface,0,4,z,4,3,vqc-zfm-realamp,16,0,45,1,iris,1.0,1.0,0.0
0.5375325520833333,0.2511742269571658,0.7004279349331101,0.2335670731680198,0.4333334898124028,0.42689862078032126,0.0662109375,0.021245415884992746,512,15,8,iris_z_r3_q4_s0,iris_z_r3_q4_s0__x_random_s20.qasm,x,random,random,3,3,z,4,3,vqc-zfm-realamp,16,1,45,1,iris,1.0,1.0,0.0
0.08522135416666667,0.022995138198125015,0.9842267736954374,0.005478032382642796,0.015914487150188686,0.005579470381999636,0.0662109375,0.021245415884992746,512,15,8,iris_z_r3_q4_s0,iris_z_r3_q4_s0__x_idle_s21.qasm,x,idle,idle,3,9,z,4,3,vqc-zfm-realamp,16,0,45,1,iris,1.0,1.0,0.0
0.77197265625,0.15506124332507643,0.5619180941601328,0.17641525733743713,0.6230892209384381,0.3010759086543008,0.0662109375,0.021245415884992746,512,15,8,iris_z_r3_q4_s0,iris_z_r3_q4_s0__x_controlled_s22.qasm,x,controlled,interface,0,4,z,4,3,vqc-zfm-realamp,16,0,45,1,iris,1.0,0.0,1.0
0.7754557291666667,0.15900983343632805,0.5578703938325797,0.1792465676903452,0.632052045760702,0.3058659764368059,0.0662109375,0.021245415884992746,512,15,8,iris_z_r3_q4_s0,iris_z_r3_q4_s0__y_random_s30.qasm,y,random,random,0,3,z,4,3,vqc-zfm-realamp,16,0,45,1,iris,1.0,0.0,1.0
0.8620279947916667,0.08106519597783689,0.33439015068780337,0.15611809304677007,1.21214622568058,0.4959540395652437,0.0662109375,0.021245415884992746,512,15,8,iris_z_r3_q4_s0,iris_z_r3_q4_s0__y_idle_s31.qasm,y,idle,idle,3,11,z,4,3,vqc-zfm-realamp,16,0,45,1,iris,1.0,0.0,1.0
0.8246744791666667,0.07392895612082014,0.5242052560793804,0.10786723545329237,0.6678986094742775,0.21280202799992584,0.0662109375,0.021245415884992746,512,15,8,iris_z_r3_q4_s0,iris_z_r3_q4_s0__y_controlled_s32.qasm,y,controlled,interface,0,4,z,4,3,vqc-zfm-realamp,16,0,45,1,iris,1.0,0.0,1.0
0.8319173177083333,0.08223997496498987,0.4312018861034269,0.14360175943039924,0.9036535726413759,0.3652018047257199,0.0662109375,0.021245415884992746,512,15,8,iris_z_r3_q4_s0,iris_z_r3_q4_s0__z_random_s40.qasm,z,random,random,2,11,z,4,3,vqc-zfm-realamp,16,1,45,1,iris,1.0,0.0,1.0
0.06780598958333334,0.018771321924351835,0.9925599301584865,0.002894363637092331,0.007472142016365613,0.0029186862647224377,0.0662109375,0.021245415884992746,512,15,8,iris_z_r3_q4_s0,iris_z_r3_q4_s0__z_idle_s41.qasm,z,idle,idle,1,14,z,4,3,vqc-zfm-realamp,16,1,45,1,iris,1.0,1.0,0.0
0.118896484375,0.06672933930719985,0.9774461539748418,0.016060656467476488,0.02294873002984353,0.01658296835829458,0.0662109375,0.021245415884992746,512,15,8,iris_z_r3_q4_s0,iris_z_r3_q4_s0__z_controlled_s42.qasm,z,controlled,interface,0,4,z,4,3,vqc-zfm-realamp,16,0,45,1,iris,1.0,1.0,0.0
0.4443359375,0.0966053481028033,0.8230822680593067,0.06602211299779723,0.19803716564580873,0.08253449108497529,0.072998046875,0.020999594699642063,512,15,8,iris_z_r3_q4_s1,iris_z_r3_q4_s1__h_random_s1000.qasm,h,random,random,0,6,z,4,3,vqc-zfm-realamp,16,0,45,1,iris,1.0,0.36666666666666664,0.6333333333333333
0.376025390625,0.06474246652146455,0.8609696467337493,0.03936387082241876,0.15075377423219555,0.04613852897480717,0.072998046875,0.020999594699642063,512,15,8,iris_z_r3_q4_s1,iris_z_r3_q4_s1__h_idle_s1001.qasm,h,idle,idle,2,14,z,4,3,vqc-zfm-realamp,16,0,45,1,iris,1.0,0.4666666666666667,0.5333333333333333
0.3902994791666667,0.09485947415931695,0.865044336058719,0.05773704721037948,0.1472842748890472,0.06860939881548647,0.072998046875,0.020999594699642063,512,15,8,iris_z_r3_q4_s1,iris_z_r3_q4_s1__h_controlled_s1002.qasm,h,controlled,interface,0,4,z,4,3,vqc-zfm-realamp,16,0,45,1,iris,1.0,0.4,0.6
0.21533203125,0.1015168698828373,0.9523374002435776,0.023341539653562005,0.04914008985138603,0.02474544234490373,0.072998046875,0.020999594699642063,512,15,8,iris_z_r3_q4_s1,iris_z_r3_q4_s1__t_random_s1010.qasm,t,random,random,2,1,z,4,3,vqc-zfm-realamp,16,1,45,1,iris,1.0,0.9666666666666667,0.033333333333333326
0.17762044270833333,0.03228696973543022,0.9604949802288495,0.011686178285511972,0.04038084570280177,0.012204892008400187,0.072998046875,0.020999594699642063,512,15,8,iris_z_r3_q4_s1,iris_z_r3_q4_s1__t_idle_s1011.qasm,t,idle,idle,3,9,z,4,3,vqc-zfm-realamp,16,0,45,1,iris,1.0,1.0,0.0
0.12037760416666667,0.04504196847255212,0.9813928967417819,0.012930647751771244,0.018870543675535888,0.013329367866116349,0.072998046875,0.020999594699642063,512,15,8,iris_z_r3_q4_s1,iris_z_r3_q4_s1__t_controlled_s1012.qasm,t,controlled,interface,0,4,z,4,3,vqc-zfm-realamp,16,0,45,1,iris,1.0,1.0,0.0
0.6141276041666667,0.19437106004151525,0.6482605711459094,0.1840186536276223,0.47356397375666004,0.28238780290490634,0.072998046875,0.020999594699642063,512,15,8,iris_z_r3_q4_s1,iris_z_r3_q4_s1__x_random_s1020.qasm,x,random,random,3,7,z,4,3,vqc-zfm-realamp,16,0,45,1,iris,1.0,0.9333333333333333,0.06666666666666665
0.6141276041666667,0.19437106004151525,0.6482605711459094,0.1840186536276223,0.47356397375666004,0.28238780290490634,0.072998046875,0.020999594699642063,512,15,8,iris_z_r3_q4_s1,iris_z_r3_q4_s1__x_idle_s1021.qasm,x,idle,idle,3,7,z,4,3,vqc-zfm-realamp,16,0,45,1,iris,1.0,0.9333333333333333,0.06666666666666665
0.48631184895833335,0.16851698167718832,0.7762879317524347,0.128705692642491,0.26841715795239285,0.17911956848529345,0.072998046875,0.020999594699642063,512,15,8,iris_z_r3_q4_s1,iris_z_r3_q4_s1__x_controlled_s1022.qasm,x,controlled,interface,0,4,z,4,3,vqc-zfm-realamp,16,0,45,1,iris,1.0,0.06666666666666667,0.9333333333333333
0.379052734375,0.13935177608125093,0.8748610416845868,0.08007697878739854,0.1381240344976748,0.09555736588193682,0.072998046875,0.020999594699642063,512,15,8,iris_z_r3_q4_s1,iris_z_r3_q4_s1__y_random_s1030.qasm,y,random,random,1,3,z,4,3,vqc-zfm-realamp,16,0,45,1,iris,1.0,0.8666666666666667,0.1333333333333333
0.6331217447916667,0.14527123433862899,0.6567125030608139,0.15029919464212227,0.4510218794035438,0.2571443353216841,0.072998046875,0.020999594699642063,512,15,8,iris_z_r3_q4_s1,iris_z_r3_q4_s1__y_idle_s1031.qasm,y,idle,idle,2,14,z,4,3,vqc-zfm-realamp,16,0,45,1,iris,1.0,0.0,1.0
0.555322265625,0.1438025254193614,0.7394011465417233,0.11478667238008286,0.31442458116112254,0.1598261499093959,0.072998046875,0.020999594699642063,512,15,8,iris_z_r3_q4_s1,iris_z_r3_q4_s1__y_controlled_s1032.qasm,y,controlled,interface,0,4,z,4,3,vqc-zfm-realamp,16,0,45,1,iris,1.0,0.0,1.0
0.27975260416666664,0.06739825331339219,0.908489103482614,0.04347694602310406,0.09713711942724033,0.048474522820145256,0.072998046875,0.020999594699642063,512,15,8,iris_z_r3_q4_s1,iris_z_r3_q4_s1__z_random_s1040.qasm,z,random,random,1,13,z,4,3,vqc-zfm-realamp,16,1,45,1,iris,1.0,0.8,0.19999999999999996
0.077685546875,0.02278477835138826,0.9916387172212703,0.003043975800607239,0.008401149662502671,0.003071564974069198,0.072998046875,0.020999594699642063,512,15,8,iris_z_r3_q4_s1,iris_z_r3_q4_s1__z_idle_s1041.qasm,z,idle,idle,1,14,z,4,3,vqc-zfm-realamp,16,1,45,1,iris,1.0,1.0,0.0
0.22537434895833333,0.19877486032809352,0.9299169926985636,0.11474363139186508,0.08211469971490154,0.14512135426398187,0.072998046875,0.020999594699642063,512,15,8,iris_z_r3_q4_s1,iris_z_r3_q4_s1__z_controlled_s1042.qasm,z,controlled,interface,0,4,z,4,3,vqc-zfm-realamp,16,0,45,1,iris,1.0,0.9333333333333333,0.06666666666666665
0.434521484375,0.05209266833254285,0.8042880720756995,0.03937385405673634,0.21899367883152215,0.04888827458291949,0.08351236979166667,0.018626498634984015,512,15,8,iris_z_r3_q4_s2,iris_z_r3_q4_s2__h_random_s2000.qasm,h,random,random,0,7,z,4,3,vqc-zfm-realamp,16,0,45,1,iris,0.9666666666666667,0.03333333333333333,0.9333333333333333
0.26437174479166664,0.09839460322967863,0.9133797568485252,0.051452074649691905,0.09223872892517516,0.05763149934999195,0.08351236979166667,0.018626498634984015,512,15,8,iris_z_r3_q4_s2,iris_z_r3_q4_s2__h_idle_s2001.qasm,h,idle,idle,0,5,z,4,3,vqc-zfm-realamp,16,0,45,1,iris,0.9666666666666667,0.7333333333333333,0.2333333333333334
0.52919921875,0.08477096892357201,0.7630635500805197,0.05505480039483042,0.27301002304119387,0.07202517738384315,0.08351236979166667,0.018626498634984015,512,15,8,iris_z_r3_q4_s2,iris_z_r3_q4_s2__h_controlled_s2002.qasm,h,controlled,interface,0,4,z,4,3,vqc-zfm-realamp,16,0,45,1,iris,0.9666666666666667,0.13333333333333333,0.8333333333333334
0.1578125,0.035704991175699384,0.9712995276975938,0.010861201596834761,0.02918286432563732,0.011176804519524812,0.08351236979166667,0.018626498634984015,512,15,8,iris_z_r3_q4_s2,iris_z_r3_q4_s2__t_random_s2010.qasm,t,random,random,3,3,z,4,3,vqc-zfm-realamp,16,1,45,1,iris,0.9666666666666667,0.9333333333333333,0.033333333333333326
0.08251953125,0.01758219353957537,0.9923407249676596,0.0027362054430085537,0.00769256512164355,0.002760471609231773,0.08351236979166667,0.018626498634984015,512,15,8,iris_z_r3_q4_s2,iris_z_r3_q4_s2__t_idle_s2011.qasm,t,idle,idle,2,14,z,4,3,vqc-zfm-realamp,16,0,45,1,iris,0.9666666666666667,0.9666666666666667,0.0
0.14049479166666667,0.045643360734319995,0.9777908019685777,0.011785950057235714,0.0225324928362214,0.012092507778103988,0.08351236979166667,0.018626498634984015,512,15,8,iris_z_r3_q4_s2,iris_z_r3_q4_s2__t_controlled_s2012.qasm,t,controlled,interface,0,4,z,4,3,vqc-zfm-realamp,16,0,45,1,iris,0.9666666666666667,0.9666666666666667,0.0
0.2801432291666667,0.052909944362629954,0.9063949137113757,0.03144656110141708,0.0988975586206716,0.035367458417498825,0.08351236979166667,0.018626498634984015,512,15,8,iris_z_r3_q4_s2,iris_z_r3_q4_s2__x_random_s2020.qasm,x,random,random,0,6,z,4,3,vqc-zfm-realamp,16,0,45,1,iris,0.9666666666666667,0.9,0.06666666666666665
0.58046875,0.11552631187461825,0.7205477818669664,0.08414915123732307,0.33440494489797173,0.11479701877062642,0.08351236979166667,0.018626498634984015,512,15,8,iris_z_r3_q4_s2,iris_z_r3_q4_s2__x_idle_s2021.qasm,x,idle,idle,3,11,z,4,3,vqc-zfm-realamp,16,0,45,1,iris,0.9666666666666667,0.03333333333333333,0.9333333333333333
0.4984049479166667,0.154998442802674,0.7812081854534945,0.10565727383189816,0.2560482554432074,0.1352194832080954,0.08351236979166667,0.018626498634984015,512,15,8,iris_z_r3_q4_s2,iris_z_r3_q4_s2__x_controlled_s2022.qasm,x,controlled,interface,0,4,z,4,3,vqc-zfm-realamp,16,0,45,1,iris,0.9666666666666667,0.03333333333333333,0.9333333333333333
0.605517578125,0.08428455261541397,0.7049517002379003,0.07545340754957737,0.3553382692907866,0.10687114415898935,0.08351236979166667,0.018626498634984015,512,15,8,iris_z_r3_q4_s2,iris_z_r3_q4_s2__y_random_s2030.qasm,y,random,random,0,5,z,4,3,vqc-zfm-realamp,16,0,45,1,iris,0.9666666666666667,0.0,0.9666666666666667
0.5573567708333333,0.11875496123362521,0.748153636440248,0.08831986401553243,0.29709513460810294,0.11791927968572322,0.08351236979166667,0.018626498634984015,512,15,8,iris_z_r3_q4_s2,iris_z_r3_q4_s2__y_idle_s2031.qasm,y,idle,idle,0,11,z,4,3,vqc-zfm-realamp,16,1,45,1,iris,0.9666666666666667,0.03333333333333333,0.9333333333333333
0.605517578125,0.08428455261541397,0.7049517002379003,0.07545340754957737,0.3553382692907866,0.10687114415898935,0.08351236979166667,0.018626498634984015,512,15,8,iris_z_r3_q4_s2,iris_z_r3_q4_s2__y_controlled_s2032.qasm,y,controlled,interface,0,4,z,4,3,vqc-zfm-realamp,16,0,45,1,iris,0.9666666666666667,0.0,0.9666666666666667
0.36248372395833334,0.16799798676505606,0.8569596499281882,0.11235741015145523,0.16438442208589127,0.1472359176858996,0.08351236979166667,0.018626498634984015,512,15,8,iris_z_r3_q4_s2,iris_z_r3_q4_s2__z_random_s2040.qasm,z,random,random,2,11,z,4,3,vqc-zfm-realamp,16,1,45,1,iris,0.9666666666666667,0.9333333333333333,0.033333333333333326
0.08251953125,0.01758219353957537,0.9923407249676596,0.0027362054430085537,0.00769256512164355,0.002760471609231773,0.08351236979166667,0.018626498634984015,512,15,8,iris_z_r3_q4_s2,iris_z_r3_q4_s2__z_idle_s2041.qasm,z,idle,idle,3,11,z,4,3,vqc-zfm-realamp,16,0,45,1,iris,0.9666666666666667,0.9666666666666667,0.0
0.2516276041666667,0.1583225045767591,0.9220931183485545,0.08047976588980094,0.0852682687143961,0.09325511295740177,0.08351236979166667,0.018626498634984015,512,15,8,iris_z_r3_q4_s2,iris_z_r3_q4_s2__z_controlled_s2042.qasm,z,controlled,interface,0,4,z,4,3,vqc-zfm-realamp,16,0,45,1,iris,0.9666666666666667,0.9666666666666667,0.0
0.4328125,0.240020891975674,0.7896219666608163,0.16345780143754726,0.2595086088414476,0.22039890707454948,0.029817708333333335,0.017280343266284026,512,15,8,iris_zz_r1_q2_s0,iris_zz_r1_q2_s0__h_random_s0.qasm,h,random,random,1,9,zz,2,1,vqc-zzfm-realamp,14,1,21,1,iris,0.6666666666666666,0.6333333333333333,0.033333333333333326
0.3651204427083333,0.15899331174201634,0.8737631966754507,0.08994984440497227,0.14055257474337543,0.10740780313449402,0.029817708333333335,0.017280343266284026,512,15,8,iris_zz_r1_q2_s0,iris_zz_r1_q2_s0__h_idle_s1.qasm,h,idle,idle,0,11,zz,2,1,vqc-zzfm-realamp,14,1,21,1,iris,0.6666666666666666,0.4666666666666667,0.19999999999999996
0.5084309895833333,0.1673709579814126,0.8026656580963163,0.12092251709226016,0.23180281245327125,0.15724048663288648,0.029817708333333335,0.017280343266284026,512,15,8,iris_zz_r1_q2_s0,iris_zz_r1_q2_s0__h_controlled_s2.qasm,h,controlled,interface,0,8,zz,2,1,vqc-zzfm-realamp,14,1,21,1,iris,0.6666666666666666,0.36666666666666664,0.3
0.03274739583333333,0.017718144111358507,0.9984191397479897,0.0011989111584240952,0.0015828328921777587,0.0012017968859265307,0.029817708333333335,0.017280343266284026,512,15,8,iris_zz_r1_q2_s0,iris_zz_r1_q2_s0__t_random_s10.qasm,t,random,random,1,14,zz,2,1,vqc-zzfm-realamp,14,1,21,1,iris,0.6666666666666666,0.6666666666666666,0.0
0.18142903645833333,0.06639322589485983,0.9672677023222674,0.015728495289955662,0.033411764086601556,0.016221899904151894,0.029817708333333335,0.017280343266284026,512,15,8,iris_zz_r1_q2_s0,iris_zz_r1_q2_s0__t_idle_s11.qasm,t,idle,idle,0,3,zz,2,1,vqc-zzfm-realamp,14,0,21,1,iris,0.6666666666666666,0.3333333333333333,0.3333333333333333
0.18131510416666666,0.05776229373781596,0.9673253127252953,0.019255853163765713,0.033419821172469534,0.020002381105784783,0.029817708333333335,0.017280343266284026,512,15,8,iris_zz_r1_q2_s0,iris_zz_r1_q2_s0__t_controlled_s12.qasm,t,controlled,interface,0,8,zz,2,1,vqc-zzfm-realamp,14,1,21,1,iris,0.6666666666666666,0.3333333333333333,0.3333333333333333
0.6684244791666667,0.14077383195190804,0.6648253589632505,0.14537302539947633,0.4343009522548685,0.23419745129765537,0.029817708333333335,0.017280343266284026,512,15,8,iris_zz_r1_q2_s0,iris_zz_r1_q2_s0__x_random_s20.qasm,x,random,random,1,4,zz,2,1,vqc-zzfm-realamp,14,1,21,1,iris,0.6666666666666666,0.3333333333333333,0.3333333333333333
0.18610026041666666,0.0969555536977425,0.9513427084390013,0.048138090795707696,0.0512393782596874,0.05291129533604731,0.029817708333333335,0.017280343266284026,512,15,8,iris_zz_r1_q2_s0,iris_zz_r1_q2_s0__x_idle_s21.qasm,x,idle,idle,0,7,zz,2,1,vqc-zzfm-realamp,14,0,21,1,iris,0.6666666666666666,0.5,0.16666666666666663
0.17913411458333334,0.07608509652475234,0.9630107057380777,0.02145278415800903,0.03794143866039059,0.022449840665009404,0.029817708333333335,0.017280343266284026,512,15,8,iris_zz_r1_q2_s0,iris_zz_r1_q2_s0__x_controlled_s22.qasm,x,controlled,interface,0,8,zz,2,1,vqc-zzfm-realamp,14,1,21,1,iris,0.6666666666666666,0.5333333333333333,0.1333333333333333
0.5396809895833333,0.1633214257239941,0.7573336559164836,0.13098679577922445,0.2931538820626002,0.1751413769728548,0.029817708333333335,0.017280343266284026,512,15,8,iris_zz_r1_q2_s0,iris_zz_r1_q2_s0__y_random_s30.qasm,y,random,random,0,3,zz,2,1,vqc-zzfm-realamp,14,0,21,1,iris,0.6666666666666666,0.36666666666666664,0.3
0.66875,0.19967991328465787,0.667517893637568,0.18837168314443803,0.4495737260635327,0.31218956472106846,0.029817708333333335,0.017280343266284026,512,15,8,iris_zz_r1_q2_s0,iris_zz_r1_q2_s0__y_idle_s31.qasm,y,idle,idle,1,13,zz,2,1,vqc-zzfm-realamp,14,1,21,1,iris,0.6666666666666666,0.3333333333333333,0.3333333333333333
0.5269694010416667,0.2797747650495157,0.7395224963669484,0.277663306897714,0.4454278333056894,0.6501587378827116,0.029817708333333335,0.017280343266284026,512,15,8,iris_zz_r1_q2_s0,iris_zz_r1_q2_s0__y_controlled_s32.qasm,y,controlled,interface,0,8,zz,2,1,vqc-zzfm-realamp,14,1,21,1,iris,0.6666666666666666,0.5,0.16666666666666663
0.6684244791666667,0.14077383195190804,0.6648253589632505,0.14537302539947633,0.4343009522548685,0.23419745129765537,0.029817708333333335,0.017280343266284026,512,15,8,iris_zz_r1_q2_s0,iris_zz_r1_q2_s0__z_random_s40.qasm,z,random,random,1,10,zz,2,1,vqc-zzfm-realamp,14,1,21,1,iris,0.6666666666666666,0.3333333333333333,0.3333333333333333
0.03274739583333333,0.017718144111358507,0.9984191397479897,0.0011989111584240952,0.0015828328921777587,0.0012017968859265307,0.029817708333333335,0.017280343266284026,512,15,8,iris_zz_r1_q2_s0,iris_zz_r1_q2_s0__z_idle_s41.qasm,z,idle,idle,1,13,zz,2,1,vqc-zzfm-realamp,14,1,21,1,iris,0.6666666666666666,0.6666666666666666,0.0
0.454833984375,0.29307382691380246,0.7833911951778523,0.22383064372678835,0.2965637927814055,0.34531974867836407,0.029817708333333335,0.017280343266284026,512,15,8,iris_zz_r1_q2_s0,iris_zz_r1_q2_s0__z_controlled_s42.qasm,z,controlled,interface,0,8,zz,2,1,vqc-zzfm-realamp,14,1,21,1,iris,0.6666666666666666,0.4666666666666667,0.19999999999999996
0.3279947916666667,0.1927009209934255,0.8955368025817038,0.10534623155560092,0.11866353424360362,0.13526094853977444,0.036474609375,0.01717595955631284,512,15,8,iris_zz_r1_q2_s1,iris_zz_r1_q2_s1__h_random_s1000.qasm,h,random,random,0,6,zz,2,1,vqc-zzfm-realamp,14,1,21,1,iris,0.5666666666666667,0.43333333333333335,0.1333333333333333
0.4273600260416667,0.08729081201248762,0.8546649083142355,0.04596338171724041,0.158483564614905,0.0535551505558292,0.036474609375,0.01717595955631284,512,15,8,iris_zz_r1_q2_s1,iris_zz_r1_q2_s1__h_idle_s1001.qasm,h,idle,idle,1,13,zz,2,1,vqc-zzfm-realamp,14,1,21,1,iris,0.5666666666666667,0.5,0.06666666666666665
0.215087890625,0.11794987542271285,0.9501267396225086,0.03619692875297329,0.05189520894200936,0.038478180850124034,0.036474609375,0.01717595955631284,512,15,8,iris_zz_r1_q2_s1,iris_zz_r1_q2_s1__h_controlled_s1002.qasm,h,controlled,interface,0,8,zz,2,1,vqc-zzfm-realamp,14,1,21,1,iris,0.5666666666666667,0.6333333333333333,-0.06666666666666665
0.24405924479166666,0.058886203654665126,0.9470645362824245,0.019424283303228193,0.05459772864985935,0.020464079685238157,0.036474609375,0.01717595955631284,512,15,8,iris_zz_r1_q2_s1,iris_zz_r1_q2_s1__t_random_s1010.qasm,t,random,random,1,1,zz,2,1,vqc-zzfm-realamp,14,1,21,1,iris,0.5666666666666667,0.9,-0.33333333333333337
0.14431966145833333,0.057292293198367504,0.9796232458472288,0.012690447525675951,0.020671223341378546,0.012965040362482855,0.036474609375,0.01717595955631284,512,15,8,iris_zz_r1_q2_s1,iris_zz_r1_q2_s1__t_idle_s1011.qasm,t,idle,idle,0,7,zz,2,1,vqc-zzfm-realamp,14,0,21,1,iris,0.5666666666666667,0.43333333333333335,0.1333333333333333
0.14431966145833333,0.057292293198367504,0.9796232458472288,0.012690447525675951,0.020671223341378546,0.012965040362482855,0.036474609375,0.01717595955631284,512,15,8,iris_zz_r1_q2_s1,iris_zz_r1_q2_s1__t_controlled_s1012.qasm,t,controlled,interface,0,8,zz,2,1,vqc-zzfm-realamp,14,1,21,1,iris,0.5666666666666667,0.43333333333333335,0.1333333333333333
0.400537109375,0.1281829361843262,0.8625246040653176,0.07190153837047406,0.15138094486474774,0.08364867830370247,0.036474609375,0.01717595955631284,512,15,8,iris_zz_r1_q2_s1,iris_zz_r1_q2_s1__x_random_s1020.qasm,x,random,random,1,8,zz,2,1,vqc-zzfm-realamp,14,1,21,1,iris,0.5666666666666667,0.4666666666666667,0.09999999999999998
0.40826822916666666,0.16473096189995748,0.8477515131597452,0.09534056075225393,0.1716384689635864,0.11448773964203898,0.036474609375,0.01717595955631284,512,15,8,iris_zz_r1_q2_s1,iris_zz_r1_q2_s1__x_idle_s1021.qasm,x,idle,idle,0,7,zz,2,1,vqc-zzfm-realamp,14,0,21,1,iris,0.5666666666666667,0.5666666666666667,0.0
0.362939453125,0.1708193013390791,0.8862182432332532,0.07553696732385963,0.12452697365726537,0.0870506008187072,0.036474609375,0.01717595955631284,512,15,8,iris_zz_r1_q2_s1,iris_zz_r1_q2_s1__x_controlled_s1022.qasm,x,controlled,interface,0,8,zz,2,1,vqc-zzfm-realamp,14,1,21,1,iris,0.5666666666666667,0.5333333333333333,0.033333333333333326
0.5496744791666667,0.1517679366841371,0.7722035179498021,0.09435699535872331,0.265719146566856,0.1191280764695045,0.036474609375,0.01717595955631284,512,15,8,iris_zz_r1_q2_s1,iris_zz_r1_q2_s1__y_random_s1030.qasm,y,random,random,0,3,zz,2,1,vqc-zzfm-realamp,14,0,21,1,iris,0.5666666666666667,0.4666666666666667,0.09999999999999998
0.37177734375,0.22842805842045458,0.8751008648003329,0.1504043671501128,0.15304258339897542,0.21291569319757056,0.036474609375,0.01717595955631284,512,15,8,iris_zz_r1_q2_s1,iris_zz_r1_q2_s1__y_idle_s1031.qasm,y,idle,idle,1,13,zz,2,1,vqc-zzfm-realamp,14,1,21,1,iris,0.5666666666666667,0.43333333333333335,0.1333333333333333
0.5657877604166667,0.15051507113821982,0.7671209354160834,0.12086363428274237,0.27973238252315874,0.17836560821840472,0.036474609375,0.01717595955631284,512,15,8,iris_zz_r1_q2_s1,iris_zz_r1_q2_s1__y_controlled_s1032.qasm,y,controlled,interface,0,8,zz,2,1,vqc-zzfm-realamp,14,1,21,1,iris,0.5666666666666667,0.4,0.16666666666666663
0.19078776041666667,0.05398897221679566,0.9710982728579042,0.011672907287074704,0.02939998590855866,0.012037156988327373,0.036474609375,0.01717595955631284,512,15,8,iris_zz_r1_q2_s1,iris_zz_r1_q2_s1__z_random_s1040.qasm,z,random,random,0,10,zz,2,1,vqc-zzfm-realamp,14,1,21,1,iris,0.5666666666666667,0.6333333333333333,-0.06666666666666665
0.04072265625,0.019600544393855026,0.9982707304856978,0.001388331317982203,0.0017317347258140187,0.0013920579936069766,0.036474609375,0.01717595955631284,512,15,8,iris_zz_r1_q2_s1,iris_zz_r1_q2_s1__z_idle_s1041.qasm,z,idle,idle,1,13,zz,2,1,vqc-zzfm-realamp,14,1,21,1,iris,0.5666666666666667,0.5666666666666667,0.0
0.34736328125,0.26265121827306864,0.8544528269335748,0.2101768789687001,0.20716104047237044,0.3581506674462003,0.036474609375,0.01717595955631284,512,15,8,iris_zz_r1_q2_s1,iris_zz_r1_q2_s1__z_controlled_s1042.qasm,z,controlled,interface,0,8,zz,2,1,vqc-zzfm-realamp,14,1,21,1,iris,0.5666666666666667,0.6,-0.033333333333333326
0.1615234375,0.1217888943624954,0.949412605368079,0.06311240785327148,0.05427804782259882,0.06999059238511467,0.03445638020833333,0.018624450527565877,512,15,8,iris_zz_r1_q2_s2,iris_zz_r1_q2_s2__h_random_s2000.qasm,h,random,random,0,7,zz,2,1,vqc-zzfm-realamp,14,0,21,1,iris,0.6666666666666666,0.5,0.16666666666666663
0.45107421875,0.17004265829686882,0.8408744048032729,0.10561094460033313,0.181825336091766,0.13302202277710062,0.03445638020833333,0.018624450527565877,512,15,8,iris_zz_r1_q2_s2,iris_zz_r1_q2_s2__h_idle_s2001.qasm,h,idle,idle,0,3,zz,2,1,vqc-zzfm-realamp,14,0,21,1,iris,0.6666666666666666,0.4666666666666667,0.19999999999999996
0.198095703125,0.1177929408181394,0.9560699908191609,0.03751404550578893,0.04571002034573662,0.039853766244725614,0.03445638020833333,0.018624450527565877,512,15,8,iris_zz_r1_q2_s2,iris_zz_r1_q2_s2__h_controlled_s2002.qasm,h,controlled,interface,0,8,zz,2,1,vqc-zzfm-realamp,14,1,21,1,iris,0.6666666666666666,0.7333333333333333,-0.06666666666666665
0.18712565104166667,0.0711512722991496,0.959083632977588,0.0178359772089916,0.041951252893269335,0.018704567355794403,0.03445638020833333,0.018624450527565877,512,15,8,iris_zz_r1_q2_s2,iris_zz_r1_q2_s2__t_random_s2010.qasm,t,random,random,1,3,zz,2,1,vqc-zzfm-realamp,14,1,21,1,iris,0.6666666666666666,0.7666666666666667,-0.10000000000000009
0.03673502604166667,0.017049889742089853,0.9984002837687653,0.001194386914387018,0.0016017132889876717,0.0011970252502618338,0.03445638020833333,0.018624450527565877,512,15,8,iris_zz_r1_q2_s2,iris_zz_r1_q2_s2__t_idle_s2011.qasm,t,idle,idle,0,11,zz,2,1,vqc-zzfm-realamp,14,1,21,1,iris,0.6666666666666666,0.6666666666666666,0.0
0.169384765625,0.05901377368434045,0.9679911540141312,0.01589473968634579,0.0326667779899717,0.016387123066393686,0.03445638020833333,0.018624450527565877,512,15,8,iris_zz_r1_q2_s2,iris_zz_r1_q2_s2__t_controlled_s2012.qasm,t,controlled,interface,0,8,zz,2,1,vqc-zzfm-realamp,14,1,21,1,iris,0.6666666666666666,0.23333333333333334,0.4333333333333333
0.5116048177083333,0.11959769092990172,0.7777071707241049,0.12352679359904749,0.2650248627561483,0.16826551534732626,0.03445638020833333,0.018624450527565877,512,15,8,iris_zz_r1_q2_s2,iris_zz_r1_q2_s2__x_random_s2020.qasm,x,random,random,0,6,zz,2,1,vqc-zzfm-realamp,14,1,21,1,iris,0.6666666666666666,0.7,-0.033333333333333326
0.6025065104166667,0.27445587696385243,0.6851217353432087,0.18354366796510213,0.4151345914797918,0.2749556642197134,0.03445638020833333,0.018624450527565877,512,15,8,iris_zz_r1_q2_s2,iris_zz_r1_q2_s2__x_idle_s2021.qasm,x,idle,idle,0,11,zz,2,1,vqc-zzfm-realamp,14,1,21,1,iris,0.6666666666666666,0.3333333333333333,0.3333333333333333
0.41424153645833334,0.11943509646856888,0.8475491303040836,0.081797749919207,0.17012709217300306,0.09750738984333542,0.03445638020833333,0.018624450527565877,512,15,8,iris_zz_r1_q2_s2,iris_zz_r1_q2_s2__x_controlled_s2022.qasm,x,controlled,interface,0,8,zz,2,1,vqc-zzfm-realamp,14,1,21,1,iris,0.6666666666666666,0.7,-0.033333333333333326
0.5408365885416667,0.15612095823639555,0.7861326064836363,0.11477628973031112,0.2518755881720857,0.15216349198380322,0.03445638020833333,0.018624450527565877,512,15,8,iris_zz_r1_q2_s2,iris_zz_r1_q2_s2__y_random_s2030.qasm,y,random,random,0,5,zz,2,1,vqc-zzfm-realamp,14,1,21,1,iris,0.6666666666666666,0.5333333333333333,0.1333333333333333
0.3590169270833333,0.163434278862848,0.8814682087138916,0.08903584155531907,0.1313762453162539,0.1026008515971404,0.03445638020833333,0.018624450527565877,512,15,8,iris_zz_r1_q2_s2,iris_zz_r1_q2_s2__y_idle_s2031.qasm,y,idle,idle,1,13,zz,2,1,vqc-zzfm-realamp,14,1,21,1,iris,0.6666666666666666,0.3333333333333333,0.3333333333333333
0.6662923177083333,0.19449426519857285,0.6613430683400601,0.16710800015495383,0.4466388115844978,0.26041980070678267,0.03445638020833333,0.018624450527565877,512,15,8,iris_zz_r1_q2_s2,iris_zz_r1_q2_s2__y_controlled_s2032.qasm,y,controlled,interface,0,8,zz,2,1,vqc-zzfm-realamp,14,1,21,1,iris,0.6666666666666666,0.4,0.2666666666666666
0.3262532552083333,0.15025071190446587,0.91322187954551,0.050353592831631114,0.09230281448940511,0.0553280892702908,0.03445638020833333,0.018624450527565877,512,15,8,iris_zz_r1_q2_s2,iris_zz_r1_q2_s2__z_random_s2040.qasm,z,random,random,1,10,zz,2,1,vqc-zzfm-realamp,14,1,21,1,iris,0.6666666666666666,0.5333333333333333,0.1333333333333333
0.03673502604166667,0.017049889742089853,0.9984002837687653,0.001194386914387018,0.0016017132889876717,0.0011970252502618338,0.03445638020833333,0.018624450527565877,512,15,8,iris_zz_r1_q2_s2,iris_zz_r1_q2_s2__z_idle_s2041.qasm,z,idle,idle,1,13,zz,2,1,vqc-zzfm-realamp,14,1,21,1,iris,0.6666666666666666,0.6666666666666666,0.0
0.37763671875,0.1713349429152666,0.8590948372248614,0.08337614043502076,0.15645204313027072,0.09498976902218956,0.03445638020833333,0.018624450527565877,512,15,8,iris_zz_r1_q2_s2,iris_zz_r1_q2_s2__z_controlled_s2042.qasm,z,controlled,interface,0,8,zz,2,1,vqc-zzfm-realamp,14,1,21,1,iris,0.6666666666666666,0.4,0.2666666666666666
0.44552408854166664,0.14932378209172312,0.8145126955953683,0.10039433488141118,0.2131649725549442,0.1281861135140991,0.08059895833333333,0.018382101219298765,512,15,8,iris_zz_r1_q4_s0,iris_zz_r1_q4_s0__h_random_s0.qasm,h,random,random,3,9,zz,4,1,vqc-zzfm-realamp,25,1,49,1,iris,0.43333333333333335,0.4666666666666667,-0.033333333333333326
0.48186848958333334,0.12077626163061739,0.7904369629059507,0.09781911970231555,0.24330396241747895,0.12955418785449765,0.08059895833333333,0.018382101219298765,512,15,8,iris_zz_r1_q4_s0,iris_zz_r1_q4_s0__h_idle_s1.qasm,h,idle,idle,0,9,zz,4,1,vqc-zzfm-realamp,25,0,49,1,iris,0.43333333333333335,0.3333333333333333,0.10000000000000003
0.5291666666666667,0.08101456922159757,0.7765351966548782,0.0759163423271547,0.2580030532384258,0.1025570233445568,0.08059895833333333,0.018382101219298765,512,15,8,iris_zz_r1_q4_s0,iris_zz_r1_q4_s0__h_controlled_s2.qasm,h,controlled,interface,0,8,zz,4,1,vqc-zzfm-realamp,25,0,49,1,iris,0.43333333333333335,0.43333333333333335,0.0
0.08046875,0.020144348573722493,0.9924805705910354,0.0034518008433559455,0.007553902019911425,0.0034827433141940327,0.08059895833333333,0.018382101219298765,512,15,8,iris_zz_r1_q4_s0,iris_zz_r1_q4_s0__t_random_s10.qasm,t,random,random,3,14,zz,4,1,vqc-zzfm-realamp,25,0,49,1,iris,0.43333333333333335,0.43333333333333335,0.0
0.20950520833333333,0.060623865979961535,0.9568746422771163,0.02047183687560556,0.04431264745461467,0.021457917193081596,0.08059895833333333,0.018382101219298765,512,15,8,iris_zz_r1_q4_s0,iris_zz_r1_q4_s0__t_idle_s11.qasm,t,idle,idle,2,2,zz,4,1,vqc-zzfm-realamp,25,0,49,1,iris,0.43333333333333335,0.4,0.033333333333333326
0.16329752604166667,0.0426682912547049,0.9703177162121528,0.01205466015281077,0.030208942732583507,0.012430106222382957,0.08059895833333333,0.018382101219298765,512,15,8,iris_zz_r1_q4_s0,iris_zz_r1_q4_s0__t_controlled_s12.qasm,t,controlled,interface,0,8,zz,4,1,vqc-zzfm-realamp,25,0,49,1,iris,0.43333333333333335,0.4666666666666667,-0.033333333333333326
0.3126953125,0.12212379036925461,0.8990231801551912,0.06772508126626013,0.1095718906731621,0.08103514809362779,0.08059895833333333,0.018382101219298765,512,15,8,iris_zz_r1_q4_s0,iris_zz_r1_q4_s0__x_random_s20.qasm,x,random,random,3,4,zz,4,1,vqc-zzfm-realamp,25,1,49,1,iris,0.43333333333333335,0.4666666666666667,-0.033333333333333326
0.5411458333333333,0.06411871369210018,0.7501350074446518,0.06621602008015934,0.2916423274373844,0.09247324007829462,0.08059895833333333,0.018382101219298765,512,15,8,iris_zz_r1_q4_s0,iris_zz_r1_q4_s0__x_idle_s21.qasm,x,idle,idle,0,6,zz,4,1,vqc-zzfm-realamp,25,0,49,1,iris,0.43333333333333335,0.4,0.033333333333333326
0.5105305989583333,0.1194649827781005,0.7719907252555305,0.10187350144353559,0.2678129426846797,0.13570079344348682,0.08059895833333333,0.018382101219298765,512,15,8,iris_zz_r1_q4_s0,iris_zz_r1_q4_s0__x_controlled_s22.qasm,x,controlled,interface,0,8,zz,4,1,vqc-zzfm-realamp,25,0,49,1,iris,0.43333333333333335,0.4,0.033333333333333326
0.5222981770833334,0.08157915136199875,0.7749841894600359,0.060434764251106936,0.2578755600286781,0.07649839311545995,0.08059895833333333,0.018382101219298765,512,15,8,iris_zz_r1_q4_s0,iris_zz_r1_q4_s0__y_random_s30.qasm,y,random,random,0,3,zz,4,1,vqc-zzfm-realamp,25,0,49,1,iris,0.43333333333333335,0.5666666666666667,-0.1333333333333333
0.5085286458333333,0.08689501683490168,0.7515254932368154,0.07385559641903865,0.2907911217928418,0.10306034666010004,0.08059895833333333,0.018382101219298765,512,15,8,iris_zz_r1_q4_s0,iris_zz_r1_q4_s0__y_idle_s31.qasm,y,idle,idle,1,15,zz,4,1,vqc-zzfm-realamp,25,0,49,1,iris,0.43333333333333335,0.5333333333333333,-0.09999999999999998
0.5222493489583333,0.11222067051833459,0.7717501983093786,0.08928562713725145,0.26594968972511457,0.11806373825129142,0.08059895833333333,0.018382101219298765,512,15,8,iris_zz_r1_q4_s0,iris_zz_r1_q4_s0__y_controlled_s32.qasm,y,controlled,interface,0,8,zz,4,1,vqc-zzfm-realamp,25,0,49,1,iris,0.43333333333333335,0.4666666666666667,-0.033333333333333326
0.5105143229166667,0.08169659202520288,0.7621303253504247,0.06684540211824144,0.2753996940168477,0.08628251125019866,0.08059895833333333,0.018382101219298765,512,15,8,iris_zz_r1_q4_s0,iris_zz_r1_q4_s0__z_random_s40.qasm,z,random,random,2,14,zz,4,1,vqc-zzfm-realamp,25,1,49,1,iris,0.43333333333333335,0.36666666666666664,0.06666666666666671
0.5062174479166667,0.0860480258614469,0.766554786590439,0.06714354324382443,0.26963343227159603,0.08672182789719006,0.08059895833333333,0.018382101219298765,512,15,8,iris_zz_r1_q4_s0,iris_zz_r1_q4_s0__z_idle_s41.qasm,z,idle,idle,1,15,zz,4,1,vqc-zzfm-realamp,25,0,49,1,iris,0.43333333333333335,0.5333333333333333,-0.09999999999999998
0.373095703125,0.13274509589457403,0.8601828388637607,0.07915959949016352,0.15494360597790505,0.093653644078573,0.08059895833333333,0.018382101219298765,512,15,8,iris_zz_r1_q4_s0,iris_zz_r1_q4_s0__z_controlled_s42.qasm,z,controlled,interface,0,8,zz,4,1,vqc-zzfm-realamp,25,0,49,1,iris,0.43333333333333335,0.4666666666666667,-0.033333333333333326
0.4309895833333333,0.06661527560234506,0.8126626181075776,0.0504273222088248,0.20942966687735726,0.06363533923341086,0.08435872395833334,0.018093739587359523,512,15,8,iris_zz_r1_q4_s1,iris_zz_r1_q4_s1__h_random_s1000.qasm,h,random,random,0,6,zz,4,1,vqc-zzfm-realamp,25,0,49,1,iris,0.43333333333333335,0.5,-0.06666666666666665
0.36329752604166665,0.1475119116835136,0.861919631095247,0.07125577321007047,0.1520936392174626,0.08422909508329941,0.08435872395833334,0.018093739587359523,512,15,8,iris_zz_r1_q4_s1,iris_zz_r1_q4_s1__h_idle_s1001.qasm,h,idle,idle,3,13,zz,4,1,vqc-zzfm-realamp,25,0,49,1,iris,0.43333333333333335,0.36666666666666664,0.06666666666666671
0.4149576822916667,0.05529787252134292,0.8339514461994061,0.05124053001624675,0.18357496645754606,0.0640650044905349,0.08435872395833334,0.018093739587359523,512,15,8,iris_zz_r1_q4_s1,iris_zz_r1_q4_s1__h_controlled_s1002.qasm,h,controlled,interface,0,8,zz,4,1,vqc-zzfm-realamp,25,0,49,1,iris,0.43333333333333335,0.5,-0.06666666666666665
0.20016276041666667,0.0663041989932116,0.963946666076037,0.01658479406985037,0.03686834274283465,0.017294464192478147,0.08435872395833334,0.018093739587359523,512,15,8,iris_zz_r1_q4_s1,iris_zz_r1_q4_s1__t_random_s1010.qasm,t,random,random,2,1,zz,4,1,vqc-zzfm-realamp,25,0,49,1,iris,0.43333333333333335,0.36666666666666664,0.06666666666666671
0.153466796875,0.05870468150310729,0.9746346526902818,0.01601230328199955,0.025828789496666216,0.016542346984902558,0.08435872395833334,0.018093739587359523,512,15,8,iris_zz_r1_q4_s1,iris_zz_r1_q4_s1__t_idle_s1011.qasm,t,idle,idle,0,6,zz,4,1,vqc-zzfm-realamp,25,0,49,1,iris,0.43333333333333335,0.6666666666666666,-0.23333333333333328
0.153466796875,0.05870468150310729,0.9746346526902818,0.01601230328199955,0.025828789496666216,0.016542346984902558,0.08435872395833334,0.018093739587359523,512,15,8,iris_zz_r1_q4_s1,iris_zz_r1_q4_s1__t_controlled_s1012.qasm,t,controlled,interface,0,8,zz,4,1,vqc-zzfm-realamp,25,0,49,1,iris,0.43333333333333335,0.6666666666666666,-0.23333333333333328
0.407568359375,0.12924001006054442,0.8495238810878993,0.08241693750604444,0.16801955949753858,0.10065807574761353,0.08435872395833334,0.018093739587359523,512,15,8,iris_zz_r1_q4_s1,iris_zz_r1_q4_s1__x_random_s1020.qasm,x,random,random,3,8,zz,4,1,vqc-zzfm-realamp,25,1,49,1,iris,0.43333333333333335,0.5,-0.06666666666666665
0.3380859375,0.144501642167243,0.8826963165597648,0.07542147083102432,0.12847025396053022,0.08626627629784152,0.08435872395833334,0.018093739587359523,512,15,8,iris_zz_r1_q4_s1,iris_zz_r1_q4_s1__x_idle_s1021.qasm,x,idle,idle,3,2,zz,4,1,vqc-zzfm-realamp,25,0,49,1,iris,0.43333333333333335,0.4666666666666667,-0.033333333333333326
0.48601888020833334,0.18594273079888315,0.7848372679274657,0.1228773419264742,0.2547015408926174,0.15822044343920202,0.08435872395833334,0.018093739587359523,512,15,8,iris_zz_r1_q4_s1,iris_zz_r1_q4_s1__x_controlled_s1022.qasm,x,controlled,interface,0,8,zz,4,1,vqc-zzfm-realamp,25,0,49,1,iris,0.43333333333333335,0.43333333333333335,0.0
0.46551106770833334,0.13950757205364178,0.8011234263038585,0.11305889746243102,0.23292865723816375,0.15429303031792194,0.08435872395833334,0.018093739587359523,512,15,8,iris_zz_r1_q4_s1,iris_zz_r1_q4_s1__y_random_s1030.qasm,y,random,random,1,4,zz,4,1,vqc-zzfm-realamp,25,1,49,1,iris,0.43333333333333335,0.43333333333333335,0.0
0.41770833333333335,0.15963694336800544,0.8447632401916522,0.09752999752886521,0.17560086358164118,0.11855219739287151,0.08435872395833334,0.018093739587359523,512,15,8,iris_zz_r1_q4_s1,iris_zz_r1_q4_s1__y_idle_s1031.qasm,y,idle,idle,3,13,zz,4,1,vqc-zzfm-realamp,25,0,49,1,iris,0.43333333333333335,0.5666666666666667,-0.1333333333333333
0.5404134114583333,0.12893677526670855,0.7569017597432648,0.09334777237586556,0.28622655095281824,0.12457135480058117,0.08435872395833334,0.018093739587359523,512,15,8,iris_zz_r1_q4_s1,iris_zz_r1_q4_s1__y_controlled_s1032.qasm,y,controlled,interface,0,8,zz,4,1,vqc-zzfm-realamp,25,0,49,1,iris,0.43333333333333335,0.5666666666666667,-0.1333333333333333
0.32102864583333335,0.08905690790954075,0.8919249420178607,0.03885898149428792,0.11530436031351063,0.0429533140792015,0.08435872395833334,0.018093739587359523,512,15,8,iris_zz_r1_q4_s1,iris_zz_r1_q4_s1__z_random_s1040.qasm,z,random,random,1,16,zz,4,1,vqc-zzfm-realamp,25,1,49,1,iris,0.43333333333333335,0.4666666666666667,-0.033333333333333326
0.08655598958333334,0.0197481178213081,0.9920387234974408,0.0027046141216614523,0.007996854542382423,0.0027271239953479934,0.08435872395833334,0.018093739587359523,512,15,8,iris_zz_r1_q4_s1,iris_zz_r1_q4_s1__z_idle_s1041.qasm,z,idle,idle,2,18,zz,4,1,vqc-zzfm-realamp,25,0,49,1,iris,0.43333333333333335,0.43333333333333335,0.0
0.32203776041666665,0.13975679238299937,0.8869350920525997,0.07944092193118121,0.12426877960528557,0.09419615767091082,0.08435872395833334,0.018093739587359523,512,15,8,iris_zz_r1_q4_s1,iris_zz_r1_q4_s1__z_controlled_s1042.qasm,z,controlled,interface,0,8,zz,4,1,vqc-zzfm-realamp,25,0,49,1,iris,0.43333333333333335,0.43333333333333335,0.0
0.38961588541666664,0.1508932818574035,0.8429548078155198,0.12670844327394412,0.18387383911078092,0.1673182503949802,0.08046875,0.01945721645812106,512,15,8,iris_zz_r1_q4_s2,iris_zz_r1_q4_s2__h_random_s2000.qasm,h,random,random,0,7,zz,4,1,vqc-zzfm-realamp,25,0,49,1,iris,0.5,0.6,-0.09999999999999998
0.43819986979166664,0.1237033465348132,0.8302519843227517,0.07294855753511555,0.19011674496001446,0.09183502929325382,0.08046875,0.01945721645812106,512,15,8,iris_zz_r1_q4_s2,iris_zz_r1_q4_s2__h_idle_s2001.qasm,h,idle,idle,2,2,zz,4,1,vqc-zzfm-realamp,25,0,49,1,iris,0.5,0.5333333333333333,-0.033333333333333326
0.292138671875,0.10822047566143143,0.9010575573969422,0.050503821596751396,0.10580145485499966,0.05724886055322157,0.08046875,0.01945721645812106,512,15,8,iris_zz_r1_q4_s2,iris_zz_r1_q4_s2__h_controlled_s2002.qasm,h,controlled,interface,0,8,zz,4,1,vqc-zzfm-realamp,25,0,49,1,iris,0.5,0.6,-0.09999999999999998
0.20939127604166666,0.06490426463408533,0.9523668987209374,0.020728929464191664,0.04904396398936834,0.021916762499220612,0.08046875,0.01945721645812106,512,15,8,iris_zz_r1_q4_s2,iris_zz_r1_q4_s2__t_random_s2010.qasm,t,random,random,3,3,zz,4,1,vqc-zzfm-realamp,25,1,49,1,iris,0.5,0.4666666666666667,0.033333333333333326
0.220166015625,0.05880872159057357,0.9544536356621737,0.01679051634935726,0.046770624930125404,0.017564828543915705,0.08046875,0.01945721645812106,512,15,8,iris_zz_r1_q4_s2,iris_zz_r1_q4_s2__t_idle_s2011.qasm,t,idle,idle,1,15,zz,4,1,vqc-zzfm-realamp,25,0,49,1,iris,0.5,0.5333333333333333,-0.033333333333333326
0.185498046875,0.04470300401042133,0.9651143435964861,0.012399595651885014,0.035590783434841455,0.012796169662521166,0.08046875,0.01945721645812106,512,15,8,iris_zz_r1_q4_s2,iris_zz_r1_q4_s2__t_controlled_s2012.qasm,t,controlled,interface,0,8,zz,4,1,vqc-zzfm-realamp,25,0,49,1,iris,0.5,0.5333333333333333,-0.033333333333333326
0.413720703125,0.07851897022212687,0.8431483596238957,0.05893757229048678,0.17316324429428448,0.0722345553233145,0.08046875,0.01945721645812106,512,15,8,iris_zz_r1_q4_s2,iris_zz_r1_q4_s2__x_random_s2020.qasm,x,random,random,0,6,zz,4,1,vqc-zzfm-realamp,25,0,49,1,iris,0.5,0.43333333333333335,0.06666666666666665
0.6078938802083333,0.17558220715697961,0.6630732412056551,0.1696179711445683,0.4518131913048462,0.3049618149782007,0.08046875,0.01945721645812106,512,15,8,iris_zz_r1_q4_s2,iris_zz_r1_q4_s2__x_idle_s2021.qasm,x,idle,idle,3,13,zz,4,1,vqc-zzfm-realamp,25,0,49,1,iris,0.5,0.5,0.0
0.322900390625,0.06770527955039993,0.9086685538560559,0.03338106082788972,0.09644603116182159,0.036592786795979,0.08046875,0.01945721645812106,512,15,8,iris_zz_r1_q4_s2,iris_zz_r1_q4_s2__x_controlled_s2022.qasm,x,controlled,interface,0,8,zz,4,1,vqc-zzfm-realamp,25,0,49,1,iris,0.5,0.5,0.0
0.42986653645833334,0.047460666790030144,0.8442280557222356,0.034554964819701404,0.1701705419473144,0.04094657678798286,0.08046875,0.01945721645812106,512,15,8,iris_zz_r1_q4_s2,iris_zz_r1_q4_s2__y_random_s2030.qasm,y,random,random,0,5,zz,4,1,vqc-zzfm-realamp,25,0,49,1,iris,0.5,0.5,0.0
0.4820475260416667,0.13095682390528318,0.7931944229044304,0.12680283187865576,0.24656081706620647,0.1791505066663378,0.08046875,0.01945721645812106,512,15,8,iris_zz_r1_q4_s2,iris_zz_r1_q4_s2__y_idle_s2031.qasm,y,idle,idle,0,9,zz,4,1,vqc-zzfm-realamp,25,0,49,1,iris,0.5,0.43333333333333335,0.06666666666666665
0.4820475260416667,0.13095682390528318,0.7931944229044304,0.12680283187865576,0.24656081706620647,0.1791505066663378,0.08046875,0.01945721645812106,512,15,8,iris_zz_r1_q4_s2,iris_zz_r1_q4_s2__y_controlled_s2032.qasm,y,controlled,interface,0,8,zz,4,1,vqc-zzfm-realamp,25,0,49,1,iris,0.5,0.43333333333333335,0.06666666666666665
0.40818684895833335,0.10672790036333574,0.8550902987314444,0.04994692935511329,0.1582489038178073,0.05828112199437052,0.08046875,0.01945721645812106,512,15,8,iris_zz_r1_q4_s2,iris_zz_r1_q4_s2__z_random_s2040.qasm,z,random,random,2,13,zz,4,1,vqc-zzfm-realamp,25,0,49,1,iris,0.5,0.5,0.0
0.318017578125,0.0805170352594394,0.9176170322042457,0.03130822127428912,0.08656847778179057,0.03461681631913921,0.08046875,0.01945721645812106,512,15,8,iris_zz_r1_q4_s2,iris_zz_r1_q4_s2__z_idle_s2041.qasm,z,idle,idle,0,9,zz,4,1,vqc-zzfm-realamp,25,0,49,1,iris,0.5,0.6333333333333333,-0.1333333333333333
0.3326009114583333,0.127194631024112,0.8989823749058059,0.06275348276251148,0.10900597674595396,0.07148613947085203,0.08046875,0.01945721645812106,512,15,8,iris_zz_r1_q4_s2,iris_zz_r1_q4_s2__z_controlled_s2042.qasm,z,controlled,interface,0,8,zz,4,1,vqc-zzfm-realamp,25,0,49,1,iris,0.5,0.43333333333333335,0.06666666666666665
0.3151041666666667,0.09507638281009047,0.9083015577449522,0.031353340653123646,0.09678817291137601,0.035109067206834155,0.03689778645833333,0.01840813117065218,512,15,8,iris_zz_r2_q2_s0,iris_zz_r2_q2_s0__h_random_s0.qasm,h,random,random,1,10,zz,2,2,vqc-zzfm-realamp,16,1,24,1,iris,0.6666666666666666,0.5,0.16666666666666663
0.4029296875,0.14259832369767433,0.8567587299266506,0.08795482809332861,0.16011595078621532,0.10627039055373008,0.03689778645833333,0.01840813117065218,512,15,8,iris_zz_r2_q2_s0,iris_zz_r2_q2_s0__h_idle_s1.qasm,h,idle,idle,0,13,zz,2,2,vqc-zzfm-realamp,16,1,24,1,iris,0.6666666666666666,0.43333333333333335,0.23333333333333328
0.32884114583333335,0.10847962112580649,0.8864630069677147,0.06381250365197924,0.12308916841184188,0.07161623276419823,0.03689778645833333,0.01840813117065218,512,15,8,iris_zz_r2_q2_s0,iris_zz_r2_q2_s0__h_controlled_s2.qasm,h,controlled,interface,0,8,zz,2,2,vqc-zzfm-realamp,16,1,24,1,iris,0.6666666666666666,0.7,-0.033333333333333326
0.036604817708333334,0.018851275143271253,0.9986170595405125,0.0011251700347245095,0.0013845330219758782,0.0011276063416913059,0.03689778645833333,0.01840813117065218,512,15,8,iris_zz_r2_q2_s0,iris_zz_r2_q2_s0__t_random_s10.qasm,t,random,random,1,16,zz,2,2,vqc-zzfm-realamp,16,1,24,1,iris,0.6666666666666666,0.6666666666666666,0.0
0.18077799479166667,0.07754701391576549,0.9741279891434231,0.0162726677941238,0.02635296799772456,0.016782646508765743,0.03689778645833333,0.01840813117065218,512,15,8,iris_zz_r2_q2_s0,iris_zz_r2_q2_s0__t_idle_s11.qasm,t,idle,idle,0,3,zz,2,2,vqc-zzfm-realamp,16,0,24,1,iris,0.6666666666666666,0.8,-0.13333333333333341
0.18932291666666667,0.07365540265578815,0.9663545274361489,0.019718869306053207,0.03443350013481585,0.020464725153230827,0.03689778645833333,0.01840813117065218,512,15,8,iris_zz_r2_q2_s0,iris_zz_r2_q2_s0__t_controlled_s12.qasm,t,controlled,interface,0,8,zz,2,2,vqc-zzfm-realamp,16,1,24,1,iris,0.6666666666666666,0.5333333333333333,0.1333333333333333
0.399560546875,0.13222999136313815,0.8738544982150372,0.06422897001138553,0.1376434700543368,0.0755824074586766,0.03689778645833333,0.01840813117065218,512,15,8,iris_zz_r2_q2_s0,iris_zz_r2_q2_s0__x_random_s20.qasm,x,random,random,1,4,zz,2,2,vqc-zzfm-realamp,16,1,24,1,iris,0.6666666666666666,0.43333333333333335,0.23333333333333328
0.22565104166666666,0.1377859975215551,0.9506940966452262,0.050855195501938795,0.052083274156751784,0.05599760279307608,0.03689778645833333,0.01840813117065218,512,15,8,iris_zz_r2_q2_s0,iris_zz_r2_q2_s0__x_idle_s21.qasm,x,idle,idle,0,7,zz,2,2,vqc-zzfm-realamp,16,0,24,1,iris,0.6666666666666666,0.7,-0.033333333333333326
0.29881184895833335,0.10532231341432491,0.9172649840244389,0.033332485039490115,0.08703434469144368,0.03696827565173885,0.03689778645833333,0.01840813117065218,512,15,8,iris_zz_r2_q2_s0,iris_zz_r2_q2_s0__x_controlled_s22.qasm,x,controlled,interface,0,8,zz,2,2,vqc-zzfm-realamp,16,1,24,1,iris,0.6666666666666666,0.6666666666666666,0.0
0.37669270833333335,0.15108907021489215,0.8721028352621558,0.10004167748075907,0.143954263828789,0.12158142811397293,0.03689778645833333,0.01840813117065218,512,15,8,iris_zz_r2_q2_s0,iris_zz_r2_q2_s0__y_random_s30.qasm,y,random,random,0,3,zz,2,2,vqc-zzfm-realamp,16,0,24,1,iris,0.6666666666666666,0.36666666666666664,0.3
0.3401692708333333,0.15837530282572118,0.9118282654663747,0.05591102725217723,0.09419202497299854,0.06154553951022603,0.03689778645833333,0.01840813117065218,512,15,8,iris_zz_r2_q2_s0,iris_zz_r2_q2_s0__y_idle_s31.qasm,y,idle,idle,1,15,zz,2,2,vqc-zzfm-realamp,16,1,24,1,iris,0.6666666666666666,0.3333333333333333,0.3333333333333333
0.5005208333333333,0.19828222946728027,0.7870595262763117,0.15508332665616487,0.26182166548654034,0.219113799537267,0.03689778645833333,0.01840813117065218,512,15,8,iris_zz_r2_q2_s0,iris_zz_r2_q2_s0__y_controlled_s32.qasm,y,controlled,interface,0,8,zz,2,2,vqc-zzfm-realamp,16,1,24,1,iris,0.6666666666666666,0.5,0.16666666666666663
0.45432942708333335,0.15438074249693043,0.8078735754706713,0.11371350991720948,0.22380428429017882,0.14666778668451855,0.03689778645833333,0.01840813117065218,512,15,8,iris_zz_r2_q2_s0,iris_zz_r2_q2_s0__z_random_s40.qasm,z,random,random,1,12,zz,2,2,vqc-zzfm-realamp,16,1,24,1,iris,0.6666666666666666,0.6,0.06666666666666665
0.036604817708333334,0.018851275143271253,0.9986170595405125,0.0011251700347245095,0.0013845330219758782,0.0011276063416913059,0.03689778645833333,0.01840813117065218,512,15,8,iris_zz_r2_q2_s0,iris_zz_r2_q2_s0__z_idle_s41.qasm,z,idle,idle,1,15,zz,2,2,vqc-zzfm-realamp,16,1,24,1,iris,0.6666666666666666,0.6666666666666666,0.0
0.416357421875,0.2679679507289047,0.8191367684791556,0.19452583657463632,0.23691936785473472,0.29479858489419486,0.03689778645833333,0.01840813117065218,512,15,8,iris_zz_r2_q2_s0,iris_zz_r2_q2_s0__z_controlled_s42.qasm,z,controlled,interface,0,8,zz,2,2,vqc-zzfm-realamp,16,1,24,1,iris,0.6666666666666666,0.4,0.2666666666666666
0.339501953125,0.13946202923782253,0.8951521206533912,0.06553641878882487,0.11348143177051735,0.07405358257498679,0.03779296875,0.01671729345899256,512,15,8,iris_zz_r2_q2_s1,iris_zz_r2_q2_s1__h_random_s1000.qasm,h,random,random,0,7,zz,2,2,vqc-zzfm-realamp,16,0,24,1,iris,0.5333333333333333,0.5,0.033333333333333326
0.37373046875,0.16262598289292413,0.875549845686367,0.07498571785941413,0.13656770994401227,0.08560526264789046,0.03779296875,0.01671729345899256,512,15,8,iris_zz_r2_q2_s1,iris_zz_r2_q2_s1__h_idle_s1001.qasm,h,idle,idle,1,15,zz,2,2,vqc-zzfm-realamp,16,1,24,1,iris,0.5333333333333333,0.5,0.033333333333333326
0.56689453125,0.13555640810991965,0.769746882066016,0.0920739765930081,0.26845156394063774,0.11468376505035899,0.03779296875,0.01671729345899256,512,15,8,iris_zz_r2_q2_s1,iris_zz_r2_q2_s1__h_controlled_s1002.qasm,h,controlled,interface,0,8,zz,2,2,vqc-zzfm-realamp,16,1,24,1,iris,0.5333333333333333,0.43333333333333335,0.09999999999999998
0.2205078125,0.06598190861135646,0.9599191335499053,0.020732168432440874,0.041140032520791465,0.021637527429776315,0.03779296875,0.01671729345899256,512,15,8,iris_zz_r2_q2_s1,iris_zz_r2_q2_s1__t_random_s1010.qasm,t,random,random,1,1,zz,2,2,vqc-zzfm-realamp,16,1,24,1,iris,0.5333333333333333,0.7666666666666667,-0.2333333333333334
0.12918294270833333,0.06097186605725529,0.9836278104133214,0.011423675087658455,0.016575845846490876,0.011705757404910736,0.03779296875,0.01671729345899256,512,15,8,iris_zz_r2_q2_s1,iris_zz_r2_q2_s1__t_idle_s1011.qasm,t,idle,idle,0,7,zz,2,2,vqc-zzfm-realamp,16,0,24,1,iris,0.5333333333333333,0.43333333333333335,0.09999999999999998
0.12918294270833333,0.06097186605725529,0.9836278104133214,0.011423675087658455,0.016575845846490876,0.011705757404910736,0.03779296875,0.01671729345899256,512,15,8,iris_zz_r2_q2_s1,iris_zz_r2_q2_s1__t_controlled_s1012.qasm,t,controlled,interface,0,8,zz,2,2,vqc-zzfm-realamp,16,1,24,1,iris,0.5333333333333333,0.43333333333333335,0.09999999999999998
0.406103515625,0.09824113990624565,0.8616998571015431,0.07065046718839164,0.1523067115867334,0.08380068279371992,0.03779296875,0.01671729345899256,512,15,8,iris_zz_r2_q2_s1,iris_zz_r2_q2_s1__x_random_s1020.qasm,x,random,random,1,9,zz,2,2,vqc-zzfm-realamp,16,1,24,1,iris,0.5333333333333333,0.5333333333333333,0.0
0.4730143229166667,0.12924340952392266,0.8321916329835605,0.08594516361296532,0.18912632755478867,0.10480625686245061,0.03779296875,0.01671729345899256,512,15,8,iris_zz_r2_q2_s1,iris_zz_r2_q2_s1__x_idle_s1021.qasm,x,idle,idle,0,7,zz,2,2,vqc-zzfm-realamp,16,0,24,1,iris,0.5333333333333333,0.6333333333333333,-0.09999999999999998
0.4874674479166667,0.15297378720510352,0.8172977511524994,0.09741332506522316,0.2093519752378392,0.12569694038709903,0.03779296875,0.01671729345899256,512,15,8,iris_zz_r2_q2_s1,iris_zz_r2_q2_s1__x_controlled_s1022.qasm,x,controlled,interface,0,8,zz,2,2,vqc-zzfm-realamp,16,1,24,1,iris,0.5333333333333333,0.4,0.1333333333333333
0.39404296875,0.11366148526490988,0.8762333697301268,0.06202748804036946,0.13460705095202677,0.07033924128074463,0.03779296875,0.01671729345899256,512,15,8,iris_zz_r2_q2_s1,iris_zz_r2_q2_s1__y_random_s1030.qasm,y,random,random,0,3,zz,2,2,vqc-zzfm-realamp,16,0,24,1,iris,0.5333333333333333,0.4,0.1333333333333333
0.44947916666666665,0.13748782325541153,0.8066352283682531,0.10334105316298538,0.22348819045725177,0.132786742471253,0.03779296875,0.01671729345899256,512,15,8,iris_zz_r2_q2_s1,iris_zz_r2_q2_s1__y_idle_s1031.qasm,y,idle,idle,1,15,zz,2,2,vqc-zzfm-realamp,16,1,24,1,iris,0.5333333333333333,0.4666666666666667,0.06666666666666665
0.45509440104166665,0.10734416455061255,0.8326141573743454,0.0626224591938211,0.1861229287438677,0.07741418012535033,0.03779296875,0.01671729345899256,512,15,8,iris_zz_r2_q2_s1,iris_zz_r2_q2_s1__y_controlled_s1032.qasm,y,controlled,interface,0,8,zz,2,2,vqc-zzfm-realamp,16,1,24,1,iris,0.5333333333333333,0.4,0.1333333333333333
0.30914713541666666,0.1569473337603301,0.9026708517996593,0.08174975949993386,0.10707220084141869,0.09993612664842065,0.03779296875,0.01671729345899256,512,15,8,iris_zz_r2_q2_s1,iris_zz_r2_q2_s1__z_random_s1040.qasm,z,random,random,0,12,zz,2,2,vqc-zzfm-realamp,16,1,24,1,iris,0.5333333333333333,0.6,-0.06666666666666665
0.039111328125,0.018545197854274376,0.9984573409385524,0.0012415327166462723,0.0015446238843566209,0.001244191821000025,0.03779296875,0.01671729345899256,512,15,8,iris_zz_r2_q2_s1,iris_zz_r2_q2_s1__z_idle_s1041.qasm,z,idle,idle,1,15,zz,2,2,vqc-zzfm-realamp,16,1,24,1,iris,0.5333333333333333,0.5333333333333333,0.0
0.2893880208333333,0.17034104289843016,0.9128013673512858,0.08577009398584674,0.09602544267135706,0.09991386574252253,0.03779296875,0.01671729345899256,512,15,8,iris_zz_r2_q2_s1,iris_zz_r2_q2_s1__z_controlled_s1042.qasm,z,controlled,interface,0,8,zz,2,2,vqc-zzfm-realamp,16,1,24,1,iris,0.5333333333333333,0.6,-0.06666666666666665
0.279931640625,0.21067136388181623,0.9046259596093104,0.10490406277499724,0.10758518408216382,0.12401541757498027,0.03681640625,0.019122762844244044,512,15,8,iris_zz_r2_q2_s2,iris_zz_r2_q2_s2__h_random_s2000.qasm,h,random,random,0,8,zz,2,2,vqc-zzfm-realamp,16,1,24,1,iris,0.6333333333333333,0.7333333333333333,-0.09999999999999998
0.369970703125,0.1164185553752266,0.8900210994534851,0.05228909362208372,0.11826249023712672,0.05943004175659231,0.03681640625,0.019122762844244044,512,15,8,iris_zz_r2_q2_s2,iris_zz_r2_q2_s2__h_idle_s2001.qasm,h,idle,idle,0,3,zz,2,2,vqc-zzfm-realamp,16,0,24,1,iris,0.6333333333333333,0.5333333333333333,0.09999999999999998
0.279931640625,0.21067136388181623,0.9046259596093104,0.10490406277499724,0.10758518408216382,0.12401541757498027,0.03681640625,0.019122762844244044,512,15,8,iris_zz_r2_q2_s2,iris_zz_r2_q2_s2__h_controlled_s2002.qasm,h,controlled,interface,0,8,zz,2,2,vqc-zzfm-realamp,16,1,24,1,iris,0.6333333333333333,0.7333333333333333,-0.09999999999999998
0.21818033854166666,0.09577730033437865,0.9552437869615746,0.027495766575937268,0.04620193631891024,0.028731798835410403,0.03681640625,0.019122762844244044,512,15,8,iris_zz_r2_q2_s2,iris_zz_r2_q2_s2__t_random_s2010.qasm,t,random,random,1,4,zz,2,2,vqc-zzfm-realamp,16,1,24,1,iris,0.6333333333333333,0.6,0.033333333333333326
0.03583984375,0.017102673755438388,0.998508495426282,0.0011528269473462921,0.001493285037257822,0.0011552918309836123,0.03681640625,0.019122762844244044,512,15,8,iris_zz_r2_q2_s2,iris_zz_r2_q2_s2__t_idle_s2011.qasm,t,idle,idle,0,13,zz,2,2,vqc-zzfm-realamp,16,1,24,1,iris,0.6333333333333333,0.6333333333333333,0.0
0.145654296875,0.04927765888360804,0.9785962911361604,0.009589449007131462,0.02168411101197442,0.009800626638999,0.03681640625,0.019122762844244044,512,15,8,iris_zz_r2_q2_s2,iris_zz_r2_q2_s2__t_controlled_s2012.qasm,t,controlled,interface,0,8,zz,2,2,vqc-zzfm-realamp,16,1,24,1,iris,0.6333333333333333,0.36666666666666664,0.26666666666666666
0.490380859375,0.23063726439081236,0.7589336827970354,0.19699737275782694,0.32894134329079183,0.36738146479136463,0.03681640625,0.019122762844244044,512,15,8,iris_zz_r2_q2_s2,iris_zz_r2_q2_s2__x_random_s2020.qasm,x,random,random,0,7,zz,2,2,vqc-zzfm-realamp,16,0,24,1,iris,0.6333333333333333,0.5666666666666667,0.06666666666666665
0.5367838541666666,0.18873971895648514,0.7649446025768325,0.1741506870666753,0.3074272161602306,0.31290054456698624,0.03681640625,0.019122762844244044,512,15,8,iris_zz_r2_q2_s2,iris_zz_r2_q2_s2__x_idle_s2021.qasm,x,idle,idle,0,13,zz,2,2,vqc-zzfm-realamp,16,1,24,1,iris,0.6333333333333333,0.36666666666666664,0.26666666666666666
0.4901529947916667,0.11764866827427993,0.8240631024718627,0.07272037036227234,0.1975136086373647,0.09017462686914117,0.03681640625,0.019122762844244044,512,15,8,iris_zz_r2_q2_s2,iris_zz_r2_q2_s2__x_controlled_s2022.qasm,x,controlled,interface,0,8,zz,2,2,vqc-zzfm-realamp,16,1,24,1,iris,0.6333333333333333,0.6333333333333333,0.0
0.51044921875,0.09629574766029939,0.8029585578188061,0.06984882010904744,0.22331415217226935,0.08836814806548672,0.03681640625,0.019122762844244044,512,15,8,iris_zz_r2_q2_s2,iris_zz_r2_q2_s2__y_random_s2030.qasm,y,random,random,0,5,zz,2,2,vqc-zzfm-realamp,16,1,24,1,iris,0.6333333333333333,0.6333333333333333,0.0
0.43802083333333336,0.18562921920987632,0.844184929137104,0.11245221889617268,0.1792520594657706,0.14440088953824606,0.03681640625,0.019122762844244044,512,15,8,iris_zz_r2_q2_s2,iris_zz_r2_q2_s2__y_idle_s2031.qasm,y,idle,idle,1,15,zz,2,2,vqc-zzfm-realamp,16,1,24,1,iris,0.6333333333333333,0.36666666666666664,0.26666666666666666
0.5771321614583333,0.1056795238590961,0.7563834893853547,0.0693036346822042,0.28344914286872824,0.09240414525814933,0.03681640625,0.019122762844244044,512,15,8,iris_zz_r2_q2_s2,iris_zz_r2_q2_s2__y_controlled_s2032.qasm,y,controlled,interface,0,8,zz,2,2,vqc-zzfm-realamp,16,1,24,1,iris,0.6333333333333333,0.4666666666666667,0.16666666666666663
0.35797526041666666,0.16077081799479262,0.8768591783233527,0.07021144767089733,0.13459196265824908,0.0796650422994468,0.03681640625,0.019122762844244044,512,15,8,iris_zz_r2_q2_s2,iris_zz_r2_q2_s2__z_random_s2040.qasm,z,random,random,1,11,zz,2,2,vqc-zzfm-realamp,16,1,24,1,iris,0.6333333333333333,0.7,-0.06666666666666665
0.03583984375,0.017102673755438388,0.998508495426282,0.0011528269473462921,0.001493285037257822,0.0011552918309836123,0.03681640625,0.019122762844244044,512,15,8,iris_zz_r2_q2_s2,iris_zz_r2_q2_s2__z_idle_s2041.qasm,z,idle,idle,1,15,zz,2,2,vqc-zzfm-realamp,16,1,24,1,iris,0.6333333333333333,0.6333333333333333,0.0
0.30885416666666665,0.1500874017463739,0.894497683204546,0.084114859704823,0.11628142328786438,0.09990886954481082,0.03681640625,0.019122762844244044,512,15,8,iris_zz_r2_q2_s2,iris_zz_r2_q2_s2__z_controlled_s2042.qasm,z,controlled,interface,0,8,zz,2,2,vqc-zzfm-realamp,16,1,24,1,iris,0.6333333333333333,0.43333333333333335,0.19999999999999996
0.438232421875,0.11837749279583794,0.8281793599464692,0.08525264245779501,0.19420865463952203,0.1086096729808258,0.08336588541666666,0.018363501263188364,512,15,8,iris_zz_r2_q4_s0,iris_zz_r2_q4_s0__h_random_s0.qasm,h,random,random,3,10,zz,4,2,vqc-zzfm-realamp,28,1,56,1,iris,0.6333333333333333,0.5333333333333333,0.09999999999999998
0.41988932291666664,0.10119122320588646,0.8411234834761944,0.058673003880287095,0.17552464255880243,0.07137639433578545,0.08336588541666666,0.018363501263188364,512,15,8,iris_zz_r2_q4_s0,iris_zz_r2_q4_s0__h_idle_s1.qasm,h,idle,idle,3,7,zz,4,2,vqc-zzfm-realamp,28,0,56,1,iris,0.6333333333333333,0.43333333333333335,0.19999999999999996
0.365576171875,0.08642538124466048,0.8652976621460043,0.06401598880919337,0.14751227884870247,0.07589439350477473,0.08336588541666666,0.018363501263188364,512,15,8,iris_zz_r2_q4_s0,iris_zz_r2_q4_s0__h_controlled_s2.qasm,h,controlled,interface,0,8,zz,4,2,vqc-zzfm-realamp,28,0,56,1,iris,0.6333333333333333,0.6,0.033333333333333326
0.08225911458333333,0.01942546766174487,0.9922761425579888,0.002880396659650508,0.007758061605775404,0.0029067020247808316,0.08336588541666666,0.018363501263188364,512,15,8,iris_zz_r2_q4_s0,iris_zz_r2_q4_s0__t_random_s10.qasm,t,random,random,3,16,zz,4,2,vqc-zzfm-realamp,28,0,56,1,iris,0.6333333333333333,0.6333333333333333,0.0
0.20242513020833333,0.041346627420174906,0.9565589235252572,0.015779043522163895,0.0445494327775439,0.0165405607849136,0.08336588541666666,0.018363501263188364,512,15,8,iris_zz_r2_q4_s0,iris_zz_r2_q4_s0__t_idle_s11.qasm,t,idle,idle,3,2,zz,4,2,vqc-zzfm-realamp,28,0,56,1,iris,0.6333333333333333,0.6,0.033333333333333326
0.16564127604166667,0.04553497478883132,0.9714935290398494,0.013568865098807194,0.029018854540521558,0.01403656175496497,0.08336588541666666,0.018363501263188364,512,15,8,iris_zz_r2_q4_s0,iris_zz_r2_q4_s0__t_controlled_s12.qasm,t,controlled,interface,0,8,zz,4,2,vqc-zzfm-realamp,28,0,56,1,iris,0.6333333333333333,0.7,-0.06666666666666665
0.40891927083333335,0.15712724390672525,0.8351587979676475,0.10399650576169912,0.18883051737736273,0.13590221962569668,0.08336588541666666,0.018363501263188364,512,15,8,iris_zz_r2_q4_s0,iris_zz_r2_q4_s0__x_random_s20.qasm,x,random,random,3,4,zz,4,2,vqc-zzfm-realamp,28,1,56,1,iris,0.6333333333333333,0.5,0.1333333333333333
0.5336588541666667,0.09337957599031534,0.7545444487914518,0.08628907356602526,0.2888718413802874,0.123422078379194,0.08336588541666666,0.018363501263188364,512,15,8,iris_zz_r2_q4_s0,iris_zz_r2_q4_s0__x_idle_s21.qasm,x,idle,idle,0,6,zz,4,2,vqc-zzfm-realamp,28,0,56,1,iris,0.6333333333333333,0.36666666666666664,0.26666666666666666
0.42794596354166664,0.12538971126510004,0.8218423704327146,0.06669212267400973,0.19949201610477374,0.08103294511183742,0.08336588541666666,0.018363501263188364,512,15,8,iris_zz_r2_q4_s0,iris_zz_r2_q4_s0__x_controlled_s22.qasm,x,controlled,interface,0,8,zz,4,2,vqc-zzfm-realamp,28,0,56,1,iris,0.6333333333333333,0.4666666666666667,0.16666666666666663
0.4593424479166667,0.14006552464683678,0.8067034783200451,0.08474131749504484,0.22045913349634122,0.10715539253581428,0.08336588541666666,0.018363501263188364,512,15,8,iris_zz_r2_q4_s0,iris_zz_r2_q4_s0__y_random_s30.qasm,y,random,random,0,3,zz,4,2,vqc-zzfm-realamp,28,0,56,1,iris,0.6333333333333333,0.6,0.033333333333333326
0.49065755208333334,0.12615262026685214,0.7864569449763814,0.11694321642435913,0.25329740708234594,0.16887357193920352,0.08336588541666666,0.018363501263188364,512,15,8,iris_zz_r2_q4_s0,iris_zz_r2_q4_s0__y_idle_s31.qasm,y,idle,idle,2,13,zz,4,2,vqc-zzfm-realamp,28,0,56,1,iris,0.6333333333333333,0.3,0.3333333333333333
0.537255859375,0.12319744283264043,0.758695520621508,0.10022019361487015,0.2856097834307272,0.14049249599009006,0.08336588541666666,0.018363501263188364,512,15,8,iris_zz_r2_q4_s0,iris_zz_r2_q4_s0__y_controlled_s32.qasm,y,controlled,interface,0,8,zz,4,2,vqc-zzfm-realamp,28,0,56,1,iris,0.6333333333333333,0.4,0.23333333333333328
0.451123046875,0.11489579455230048,0.8217422707121379,0.08054537629592481,0.2011638113372671,0.09850413753653668,0.08336588541666666,0.018363501263188364,512,15,8,iris_zz_r2_q4_s0,iris_zz_r2_q4_s0__z_random_s40.qasm,z,random,random,2,16,zz,4,2,vqc-zzfm-realamp,28,1,56,1,iris,0.6333333333333333,0.36666666666666664,0.26666666666666666
0.39267578125,0.0894365808993746,0.8533633654441902,0.042269176187166045,0.15979782270528678,0.04957501451906647,0.08336588541666666,0.018363501263188364,512,15,8,iris_zz_r2_q4_s0,iris_zz_r2_q4_s0__z_idle_s41.qasm,z,idle,idle,0,9,zz,4,2,vqc-zzfm-realamp,28,0,56,1,iris,0.6333333333333333,0.43333333333333335,0.19999999999999996
0.358837890625,0.164591000374339,0.863309159400098,0.10112746404754483,0.1546296376461148,0.12718220387356804,0.08336588541666666,0.018363501263188364,512,15,8,iris_zz_r2_q4_s0,iris_zz_r2_q4_s0__z_controlled_s42.qasm,z,controlled,interface,0,8,zz,4,2,vqc-zzfm-realamp,28,0,56,1,iris,0.6333333333333333,0.4,0.23333333333333328
0.4427571614583333,0.0664913076553377,0.8229912290956338,0.05964071482786052,0.19747941192702267,0.07340528416754435,0.08040364583333333,0.018111366025746825,512,15,8,iris_zz_r2_q4_s1,iris_zz_r2_q4_s1__h_random_s1000.qasm,h,random,random,0,7,zz,4,2,vqc-zzfm-realamp,28,0,56,1,iris,0.43333333333333335,0.6,-0.16666666666666663
0.25340169270833335,0.0862076629937108,0.9306945085567565,0.042301767704596115,0.07290637606358678,0.04707372213772642,0.08040364583333333,0.018111366025746825,512,15,8,iris_zz_r2_q4_s1,iris_zz_r2_q4_s1__h_idle_s1001.qasm,h,idle,idle,3,15,zz,4,2,vqc-zzfm-realamp,28,0,56,1,iris,0.43333333333333335,0.4,0.033333333333333326
0.4586263020833333,0.05011265038501325,0.8184246302960986,0.04695814290943397,0.2020342283537934,0.057753640936707054,0.08040364583333333,0.018111366025746825,512,15,8,iris_zz_r2_q4_s1,iris_zz_r2_q4_s1__h_controlled_s1002.qasm,h,controlled,interface,0,8,zz,4,2,vqc-zzfm-realamp,28,0,56,1,iris,0.43333333333333335,0.7,-0.2666666666666666
0.20511067708333333,0.04612710611508135,0.9577366404616403,0.01458429901826717,0.04329925675972205,0.015313645486206371,0.08040364583333333,0.018111366025746825,512,15,8,iris_zz_r2_q4_s1,iris_zz_r2_q4_s1__t_random_s1010.qasm,t,random,random,2,2,zz,4,2,vqc-zzfm-realamp,28,0,56,1,iris,0.43333333333333335,0.5333333333333333,-0.09999999999999998
0.143994140625,0.054060158798298785,0.9755501421895161,0.013540153723860802,0.02485060031053495,0.013940233691453302,0.08040364583333333,0.018111366025746825,512,15,8,iris_zz_r2_q4_s1,iris_zz_r2_q4_s1__t_idle_s1011.qasm,t,idle,idle,0,6,zz,4,2,vqc-zzfm-realamp,28,0,56,1,iris,0.43333333333333335,0.5,-0.06666666666666665
0.143994140625,0.054060158798298785,0.9755501421895161,0.013540153723860802,0.02485060031053495,0.013940233691453302,0.08040364583333333,0.018111366025746825,512,15,8,iris_zz_r2_q4_s1,iris_zz_r2_q4_s1__t_controlled_s1012.qasm,t,controlled,interface,0,8,zz,4,2,vqc-zzfm-realamp,28,0,56,1,iris,0.43333333333333335,0.5,-0.06666666666666665
0.457373046875,0.10435235194657093,0.8052130977024725,0.08104829560050619,0.2218670100067234,0.10297679347428626,0.08040364583333333,0.018111366025746825,512,15,8,iris_zz_r2_q4_s1,iris_zz_r2_q4_s1__x_random_s1020.qasm,x,random,random,3,9,zz,4,2,vqc-zzfm-realamp,28,1,56,1,iris,0.43333333333333335,0.4666666666666667,-0.033333333333333326
0.350390625,0.10950466644237701,0.8830739761524325,0.049874958745628084,0.12589078586937405,0.05514641236074256,0.08040364583333333,0.018111366025746825,512,15,8,iris_zz_r2_q4_s1,iris_zz_r2_q4_s1__x_idle_s1021.qasm,x,idle,idle,3,2,zz,4,2,vqc-zzfm-realamp,28,0,56,1,iris,0.43333333333333335,0.43333333333333335,0.0
0.5490397135416667,0.17908104247788703,0.7227266833595324,0.13247991373583642,0.3414058088300916,0.1826530413923035,0.08040364583333333,0.018111366025746825,512,15,8,iris_zz_r2_q4_s1,iris_zz_r2_q4_s1__x_controlled_s1022.qasm,x,controlled,interface,0,8,zz,4,2,vqc-zzfm-realamp,28,0,56,1,iris,0.43333333333333335,0.5666666666666667,-0.1333333333333333
0.493017578125,0.1423745653984798,0.7735969739326944,0.12368537236089815,0.2712137426637798,0.17589409201378892,0.08040364583333333,0.018111366025746825,512,15,8,iris_zz_r2_q4_s1,iris_zz_r2_q4_s1__y_random_s1030.qasm,y,random,random,1,5,zz,4,2,vqc-zzfm-realamp,28,1,56,1,iris,0.43333333333333335,0.5333333333333333,-0.09999999999999998
0.49046223958333335,0.10846797205931365,0.8004620143444491,0.058456103240815516,0.22523545344461476,0.0730893525646013,0.08040364583333333,0.018111366025746825,512,15,8,iris_zz_r2_q4_s1,iris_zz_r2_q4_s1__y_idle_s1031.qasm,y,idle,idle,3,15,zz,4,2,vqc-zzfm-realamp,28,0,56,1,iris,0.43333333333333335,0.5666666666666667,-0.1333333333333333
0.5838053385416667,0.1015302544944173,0.6954050575096552,0.09065742712736276,0.3723036232963282,0.13667473684563022,0.08040364583333333,0.018111366025746825,512,15,8,iris_zz_r2_q4_s1,iris_zz_r2_q4_s1__y_controlled_s1032.qasm,y,controlled,interface,0,8,zz,4,2,vqc-zzfm-realamp,28,0,56,1,iris,0.43333333333333335,0.6,-0.16666666666666663
0.5323079427083334,0.1268792092095391,0.7471397131472024,0.09985794674174295,0.30018967323427825,0.1310886262216571,0.08040364583333333,0.018111366025746825,512,15,8,iris_zz_r2_q4_s1,iris_zz_r2_q4_s1__z_random_s1040.qasm,z,random,random,1,19,zz,4,2,vqc-zzfm-realamp,28,1,56,1,iris,0.43333333333333335,0.4666666666666667,-0.033333333333333326
0.08439127604166667,0.02167425536260497,0.9918690319447371,0.003075422833307292,0.00816902003390916,0.003104702703163094,0.08040364583333333,0.018111366025746825,512,15,8,iris_zz_r2_q4_s1,iris_zz_r2_q4_s1__z_idle_s1041.qasm,z,idle,idle,2,21,zz,4,2,vqc-zzfm-realamp,28,0,56,1,iris,0.43333333333333335,0.43333333333333335,0.0
0.32591145833333335,0.13049007604418733,0.8928352010015064,0.05652351084285444,0.11530403862817289,0.06204703318471052,0.08040364583333333,0.018111366025746825,512,15,8,iris_zz_r2_q4_s1,iris_zz_r2_q4_s1__z_controlled_s1042.qasm,z,controlled,interface,0,8,zz,4,2,vqc-zzfm-realamp,28,0,56,1,iris,0.43333333333333335,0.4666666666666667,-0.033333333333333326
0.20730794270833333,0.05711251424895609,0.9473430886200563,0.019368304057838025,0.05430349584506599,0.020484652307973104,0.083251953125,0.018961518687281916,512,15,8,iris_zz_r2_q4_s2,iris_zz_r2_q4_s2__h_random_s2000.qasm,h,random,random,0,8,zz,4,2,vqc-zzfm-realamp,28,0,56,1,iris,0.6333333333333333,0.5666666666666667,0.06666666666666665
0.47041015625,0.10448264960850615,0.8029683609246298,0.09669845047938755,0.2276048684519642,0.13173486633662015,0.083251953125,0.018961518687281916,512,15,8,iris_zz_r2_q4_s2,iris_zz_r2_q4_s2__h_idle_s2001.qasm,h,idle,idle,2,2,zz,4,2,vqc-zzfm-realamp,28,0,56,1,iris,0.6333333333333333,0.4,0.23333333333333328
0.20730794270833333,0.05711251424895609,0.9473430886200563,0.019368304057838025,0.05430349584506599,0.020484652307973104,0.083251953125,0.018961518687281916,512,15,8,iris_zz_r2_q4_s2,iris_zz_r2_q4_s2__h_controlled_s2002.qasm,h,controlled,interface,0,8,zz,4,2,vqc-zzfm-realamp,28,0,56,1,iris,0.6333333333333333,0.5666666666666667,0.06666666666666665
0.24130859375,0.05948211644792091,0.947820392720175,0.019007642786285223,0.053791407330764554,0.02005980752620657,0.083251953125,0.018961518687281916,512,15,8,iris_zz_r2_q4_s2,iris_zz_r2_q4_s2__t_random_s2010.qasm,t,random,random,3,4,zz,4,2,vqc-zzfm-realamp,28,1,56,1,iris,0.6333333333333333,0.6,0.033333333333333326
0.116650390625,0.026525808686235004,0.9837622474253772,0.005389078503144978,0.01638606227969742,0.005485793694986524,0.083251953125,0.018961518687281916,512,15,8,iris_zz_r2_q4_s2,iris_zz_r2_q4_s2__t_idle_s2011.qasm,t,idle,idle,0,9,zz,4,2,vqc-zzfm-realamp,28,0,56,1,iris,0.6333333333333333,0.6333333333333333,0.0
0.139111328125,0.03331348702577024,0.9775050545323462,0.00971658292667376,0.0228014430189155,0.00997394683980496,0.083251953125,0.018961518687281916,512,15,8,iris_zz_r2_q4_s2,iris_zz_r2_q4_s2__t_controlled_s2012.qasm,t,controlled,interface,0,8,zz,4,2,vqc-zzfm-realamp,28,0,56,1,iris,0.6333333333333333,0.7,-0.06666666666666665
0.533251953125,0.12378033057589409,0.7410377958950891,0.12290516242686207,0.3168984458676862,0.19650107775963746,0.083251953125,0.018961518687281916,512,15,8,iris_zz_r2_q4_s2,iris_zz_r2_q4_s2__x_random_s2020.qasm,x,random,random,0,7,zz,4,2,vqc-zzfm-realamp,28,0,56,1,iris,0.6333333333333333,0.5666666666666667,0.06666666666666665
0.21153971354166667,0.04093633506094528,0.9476976551849715,0.01562559086834426,0.053856456899297585,0.01655891216146657,0.083251953125,0.018961518687281916,512,15,8,iris_zz_r2_q4_s2,iris_zz_r2_q4_s2__x_idle_s2021.qasm,x,idle,idle,0,11,zz,4,2,vqc-zzfm-realamp,28,0,56,1,iris,0.6333333333333333,0.6,0.033333333333333326
0.47708333333333336,0.11529773299425905,0.7849262361480605,0.0903552926325277,0.24930343821911222,0.12183312507902924,0.083251953125,0.018961518687281916,512,15,8,iris_zz_r2_q4_s2,iris_zz_r2_q4_s2__x_controlled_s2022.qasm,x,controlled,interface,0,8,zz,4,2,vqc-zzfm-realamp,28,0,56,1,iris,0.6333333333333333,0.6,0.033333333333333326
0.5294108072916667,0.11410588407590892,0.7474579452574329,0.08594698297845925,0.29820403127228146,0.1217027826344353,0.083251953125,0.018961518687281916,512,15,8,iris_zz_r2_q4_s2,iris_zz_r2_q4_s2__y_random_s2030.qasm,y,random,random,0,5,zz,4,2,vqc-zzfm-realamp,28,0,56,1,iris,0.6333333333333333,0.43333333333333335,0.19999999999999996
0.4984537760416667,0.11690147816216856,0.778103004559027,0.09875108368760527,0.259791591172587,0.13682944098684127,0.083251953125,0.018961518687281916,512,15,8,iris_zz_r2_q4_s2,iris_zz_r2_q4_s2__y_idle_s2031.qasm,y,idle,idle,1,15,zz,4,2,vqc-zzfm-realamp,28,0,56,1,iris,0.6333333333333333,0.4666666666666667,0.16666666666666663
0.53857421875,0.12164228343057669,0.7229459627624618,0.08936606055741025,0.33182155260901414,0.12071575947562388,0.083251953125,0.018961518687281916,512,15,8,iris_zz_r2_q4_s2,iris_zz_r2_q4_s2__y_controlled_s2032.qasm,y,controlled,interface,0,8,zz,4,2,vqc-zzfm-realamp,28,0,56,1,iris,0.6333333333333333,0.36666666666666664,0.26666666666666666
0.44646809895833334,0.11783040224069126,0.8076254796900855,0.07795397769357729,0.21846782987409394,0.09891733185278118,0.083251953125,0.018961518687281916,512,15,8,iris_zz_r2_q4_s2,iris_zz_r2_q4_s2__z_random_s2040.qasm,z,random,random,2,15,zz,4,2,vqc-zzfm-realamp,28,1,56,1,iris,0.6333333333333333,0.3,0.3333333333333333
0.21429036458333334,0.04173642993931463,0.9445860184160334,0.015442770817827555,0.05714207123204352,0.01634061980667269,0.083251953125,0.018961518687281916,512,15,8,iris_zz_r2_q4_s2,iris_zz_r2_q4_s2__z_idle_s2041.qasm,z,idle,idle,0,9,zz,4,2,vqc-zzfm-realamp,28,0,56,1,iris,0.6333333333333333,0.5333333333333333,0.09999999999999998
0.2753092447916667,0.10985623410075598,0.9024074576520823,0.05936790488943121,0.1048999506843851,0.06685858714176814,0.083251953125,0.018961518687281916,512,15,8,iris_zz_r2_q4_s2,iris_zz_r2_q4_s2__z_controlled_s2042.qasm,z,controlled,interface,0,8,zz,4,2,vqc-zzfm-realamp,28,0,56,1,iris,0.6333333333333333,0.4666666666666667,0.16666666666666663
0.48017578125,0.2016426419956955,0.7788206099108133,0.1712527119577511,0.27631780803346795,0.23434638035900046,0.03564453125,0.016145800518699852,512,15,8,iris_zz_r3_q2_s0,iris_zz_r3_q2_s0__h_random_s0.qasm,h,random,random,1,12,zz,2,3,vqc-zzfm-realamp,18,1,27,1,iris,0.6,0.5,0.09999999999999998
0.3655924479166667,0.17188221001192802,0.8681191608506043,0.0887714856326938,0.14665920093812776,0.10232461242795843,0.03564453125,0.016145800518699852,512,15,8,iris_zz_r3_q2_s0,iris_zz_r3_q2_s0__h_idle_s1.qasm,h,idle,idle,0,15,zz,2,3,vqc-zzfm-realamp,18,1,27,1,iris,0.6,0.4666666666666667,0.1333333333333333
0.39306640625,0.1678517962051598,0.8647790112098332,0.08727454028349477,0.1503799164015252,0.10102514393211565,0.03564453125,0.016145800518699852,512,15,8,iris_zz_r3_q2_s0,iris_zz_r3_q2_s0__h_controlled_s2.qasm,h,controlled,interface,0,8,zz,2,3,vqc-zzfm-realamp,18,1,27,1,iris,0.6,0.4666666666666667,0.1333333333333333
0.036083984375,0.018624735000397786,0.9985659221703795,0.0010967139238834988,0.0014357107639208083,0.0010990282584225602,0.03564453125,0.016145800518699852,512,15,8,iris_zz_r3_q2_s0,iris_zz_r3_q2_s0__t_random_s10.qasm,t,random,random,1,18,zz,2,3,vqc-zzfm-realamp,18,1,27,1,iris,0.6,0.6,0.0
0.17314453125,0.06242908269068661,0.9752787906107253,0.015377347653221487,0.025156718476727655,0.015815458052452273,0.03564453125,0.016145800518699852,512,15,8,iris_zz_r3_q2_s0,iris_zz_r3_q2_s0__t_idle_s11.qasm,t,idle,idle,0,3,zz,2,3,vqc-zzfm-realamp,18,0,27,1,iris,0.6,0.26666666666666666,0.3333333333333333
0.16910807291666666,0.06282699662288685,0.9710233636193093,0.020192038024598444,0.02962276248537574,0.020924808941049634,0.03564453125,0.016145800518699852,512,15,8,iris_zz_r3_q2_s0,iris_zz_r3_q2_s0__t_controlled_s12.qasm,t,controlled,interface,0,8,zz,2,3,vqc-zzfm-realamp,18,1,27,1,iris,0.6,0.2,0.39999999999999997
0.353759765625,0.1052646687570695,0.8991210059054348,0.04392109037314358,0.10751254676553341,0.04829267769150982,0.03564453125,0.016145800518699852,512,15,8,iris_zz_r3_q2_s0,iris_zz_r3_q2_s0__x_random_s20.qasm,x,random,random,1,5,zz,2,3,vqc-zzfm-realamp,18,1,27,1,iris,0.6,0.4,0.19999999999999996
0.21458333333333332,0.1480804825713922,0.9445473477244503,0.061098114022493426,0.059251335901250285,0.06721781865127065,0.03564453125,0.016145800518699852,512,15,8,iris_zz_r3_q2_s0,iris_zz_r3_q2_s0__x_idle_s21.qasm,x,idle,idle,0,7,zz,2,3,vqc-zzfm-realamp,18,0,27,1,iris,0.6,0.5,0.09999999999999998
0.14093424479166666,0.04489497314478757,0.9662502347015917,0.03014339101938405,0.03483129374827357,0.031783237284266026,0.03564453125,0.016145800518699852,512,15,8,iris_zz_r3_q2_s0,iris_zz_r3_q2_s0__x_controlled_s22.qasm,x,controlled,interface,0,8,zz,2,3,vqc-zzfm-realamp,18,1,27,1,iris,0.6,0.5666666666666667,0.033333333333333326
0.294580078125,0.15428629778570008,0.8862322885474339,0.10097379590053748,0.12777225671570633,0.12052946382573673,0.03564453125,0.016145800518699852,512,15,8,iris_zz_r3_q2_s0,iris_zz_r3_q2_s0__y_random_s30.qasm,y,random,random,0,4,zz,2,3,vqc-zzfm-realamp,18,1,27,1,iris,0.6,0.5666666666666667,0.033333333333333326
0.5234212239583333,0.20776337478761892,0.7875598915158658,0.15786077208747576,0.2618256278815799,0.2222332637549775,0.03564453125,0.016145800518699852,512,15,8,iris_zz_r3_q2_s0,iris_zz_r3_q2_s0__y_idle_s31.qasm,y,idle,idle,1,17,zz,2,3,vqc-zzfm-realamp,18,1,27,1,iris,0.6,0.4,0.19999999999999996
0.44944661458333335,0.2699068920677543,0.7897101335399129,0.2122509605506432,0.2809360268255042,0.31605500060586067,0.03564453125,0.016145800518699852,512,15,8,iris_zz_r3_q2_s0,iris_zz_r3_q2_s0__y_controlled_s32.qasm,y,controlled,interface,0,8,zz,2,3,vqc-zzfm-realamp,18,1,27,1,iris,0.6,0.4666666666666667,0.1333333333333333
0.40237630208333336,0.11039389609418655,0.8458457928371189,0.0825744221035534,0.172455299040251,0.10190715018782903,0.03564453125,0.016145800518699852,512,15,8,iris_zz_r3_q2_s0,iris_zz_r3_q2_s0__z_random_s40.qasm,z,random,random,1,13,zz,2,3,vqc-zzfm-realamp,18,1,27,1,iris,0.6,0.36666666666666664,0.23333333333333334
0.036083984375,0.018624735000397786,0.9985659221703795,0.0010967139238834988,0.0014357107639208083,0.0010990282584225602,0.03564453125,0.016145800518699852,512,15,8,iris_zz_r3_q2_s0,iris_zz_r3_q2_s0__z_idle_s41.qasm,z,idle,idle,1,17,zz,2,3,vqc-zzfm-realamp,18,1,27,1,iris,0.6,0.6,0.0
0.461474609375,0.2627796394164812,0.7844121727948768,0.2065051456559388,0.2878972495285036,0.3216535274222601,0.03564453125,0.016145800518699852,512,15,8,iris_zz_r3_q2_s0,iris_zz_r3_q2_s0__z_controlled_s42.qasm,z,controlled,interface,0,8,zz,2,3,vqc-zzfm-realamp,18,1,27,1,iris,0.6,0.5,0.09999999999999998
0.5093912760416667,0.1719371883516312,0.7930442383152801,0.1012272758271437,0.2399422085640688,0.12675059540851305,0.033121744791666664,0.016339840779871797,512,15,8,iris_zz_r3_q2_s1,iris_zz_r3_q2_s1__h_random_s1000.qasm,h,random,random,0,8,zz,2,3,vqc-zzfm-realamp,18,1,27,1,iris,0.6333333333333333,0.6333333333333333,0.0
0.2991861979166667,0.14101327675190656,0.9039862654056833,0.06581311067229442,0.10372509927235854,0.07556338436833751,0.033121744791666664,0.016339840779871797,512,15,8,iris_zz_r3_q2_s1,iris_zz_r3_q2_s1__h_idle_s1001.qasm,h,idle,idle,1,17,zz,2,3,vqc-zzfm-realamp,18,1,27,1,iris,0.6333333333333333,0.5666666666666667,0.06666666666666665
0.5093912760416667,0.1719371883516312,0.7930442383152801,0.1012272758271437,0.2399422085640688,0.12675059540851305,0.033121744791666664,0.016339840779871797,512,15,8,iris_zz_r3_q2_s1,iris_zz_r3_q2_s1__h_controlled_s1002.qasm,h,controlled,interface,0,8,zz,2,3,vqc-zzfm-realamp,18,1,27,1,iris,0.6333333333333333,0.6333333333333333,0.0
0.23854166666666668,0.08552403099038666,0.9486761924436589,0.02204460744771099,0.05295799493307077,0.023254913273492904,0.033121744791666664,0.016339840779871797,512,15,8,iris_zz_r3_q2_s1,iris_zz_r3_q2_s1__t_random_s1010.qasm,t,random,random,1,1,zz,2,3,vqc-zzfm-realamp,18,1,27,1,iris,0.6333333333333333,0.9666666666666667,-0.33333333333333337
0.13369140625,0.056408834495052004,0.9783680393043793,0.015722482153557787,0.021999518293002052,0.016166725033758007,0.033121744791666664,0.016339840779871797,512,15,8,iris_zz_r3_q2_s1,iris_zz_r3_q2_s1__t_idle_s1011.qasm,t,idle,idle,0,7,zz,2,3,vqc-zzfm-realamp,18,0,27,1,iris,0.6333333333333333,0.5333333333333333,0.09999999999999998
0.13369140625,0.056408834495052004,0.9783680393043793,0.015722482153557787,0.021999518293002052,0.016166725033758007,0.033121744791666664,0.016339840779871797,512,15,8,iris_zz_r3_q2_s1,iris_zz_r3_q2_s1__t_controlled_s1012.qasm,t,controlled,interface,0,8,zz,2,3,vqc-zzfm-realamp,18,1,27,1,iris,0.6333333333333333,0.5333333333333333,0.09999999999999998
0.49970703125,0.08687149662848558,0.8111470527017481,0.07868034711427391,0.21424536493475255,0.10063383439794989,0.033121744791666664,0.016339840779871797,512,15,8,iris_zz_r3_q2_s1,iris_zz_r3_q2_s1__x_random_s1020.qasm,x,random,random,1,10,zz,2,3,vqc-zzfm-realamp,18,1,27,1,iris,0.6333333333333333,0.5,0.1333333333333333
0.386474609375,0.13826542420713428,0.8716948478665024,0.05947755565567798,0.1396084333019342,0.06747336766691583,0.033121744791666664,0.016339840779871797,512,15,8,iris_zz_r3_q2_s1,iris_zz_r3_q2_s1__x_idle_s1021.qasm,x,idle,idle,0,7,zz,2,3,vqc-zzfm-realamp,18,0,27,1,iris,0.6333333333333333,0.6333333333333333,0.0
0.423974609375,0.1476946879954412,0.8650537517198119,0.0754281113396055,0.14878032680324893,0.08747379394359608,0.033121744791666664,0.016339840779871797,512,15,8,iris_zz_r3_q2_s1,iris_zz_r3_q2_s1__x_controlled_s1022.qasm,x,controlled,interface,0,8,zz,2,3,vqc-zzfm-realamp,18,1,27,1,iris,0.6333333333333333,0.5666666666666667,0.06666666666666665
0.3922526041666667,0.1713986973744048,0.8816134870940572,0.08675628441696025,0.13106919473733988,0.10184370780181427,0.033121744791666664,0.016339840779871797,512,15,8,iris_zz_r3_q2_s1,iris_zz_r3_q2_s1__y_random_s1030.qasm,y,random,random,0,4,zz,2,3,vqc-zzfm-realamp,18,1,27,1,iris,0.6333333333333333,0.43333333333333335,0.19999999999999996
0.5792643229166666,0.07857317062472423,0.7464586223824974,0.07973939301774002,0.298440567357475,0.11130850642222521,0.033121744791666664,0.016339840779871797,512,15,8,iris_zz_r3_q2_s1,iris_zz_r3_q2_s1__y_idle_s1031.qasm,y,idle,idle,1,17,zz,2,3,vqc-zzfm-realamp,18,1,27,1,iris,0.6333333333333333,0.36666666666666664,0.26666666666666666
0.4705403645833333,0.18515370613564697,0.8291501828084641,0.09219155412514703,0.1934344296073511,0.109895200424777,0.033121744791666664,0.016339840779871797,512,15,8,iris_zz_r3_q2_s1,iris_zz_r3_q2_s1__y_controlled_s1032.qasm,y,controlled,interface,0,8,zz,2,3,vqc-zzfm-realamp,18,1,27,1,iris,0.6333333333333333,0.4,0.23333333333333328
0.08513997395833334,0.027498510879118223,0.9937220275108172,0.0033730850690345975,0.006303537748816786,0.0034010111883165527,0.033121744791666664,0.016339840779871797,512,15,8,iris_zz_r3_q2_s1,iris_zz_r3_q2_s1__z_random_s1040.qasm,z,random,random,0,14,zz,2,3,vqc-zzfm-realamp,18,1,27,1,iris,0.6333333333333333,0.6,0.033333333333333326
0.03771158854166667,0.01986017917085696,0.9983844709037918,0.0013359357575546552,0.0016177315020629494,0.0013389710181979611,0.033121744791666664,0.016339840779871797,512,15,8,iris_zz_r3_q2_s1,iris_zz_r3_q2_s1__z_idle_s1041.qasm,z,idle,idle,1,17,zz,2,3,vqc-zzfm-realamp,18,1,27,1,iris,0.6333333333333333,0.6333333333333333,0.0
0.30908203125,0.178317968235435,0.899074791742074,0.09968746162188753,0.11321967334198631,0.1200940401273335,0.033121744791666664,0.016339840779871797,512,15,8,iris_zz_r3_q2_s1,iris_zz_r3_q2_s1__z_controlled_s1042.qasm,z,controlled,interface,0,8,zz,2,3,vqc-zzfm-realamp,18,1,27,1,iris,0.6333333333333333,0.6333333333333333,0.0
0.44337565104166665,0.17126420973013673,0.8087698219842462,0.12757493188371608,0.22763725202018686,0.18537252981611826,0.036572265625,0.020420764070787897,512,15,8,iris_zz_r3_q2_s2,iris_zz_r3_q2_s2__h_random_s2000.qasm,h,random,random,0,9,zz,2,3,vqc-zzfm-realamp,18,1,27,1,iris,0.6333333333333333,0.7333333333333333,-0.09999999999999998
0.5265462239583333,0.15811941100954013,0.7980961499806324,0.11960602435110147,0.2375207723037158,0.15751556862266805,0.036572265625,0.020420764070787897,512,15,8,iris_zz_r3_q2_s2,iris_zz_r3_q2_s2__h_idle_s2001.qasm,h,idle,idle,0,3,zz,2,3,vqc-zzfm-realamp,18,0,27,1,iris,0.6333333333333333,0.5,0.1333333333333333
0.22893880208333334,0.183214539274213,0.9242160197468311,0.09400466120757878,0.08468839676672969,0.11199403440423063,0.036572265625,0.020420764070787897,512,15,8,iris_zz_r3_q2_s2,iris_zz_r3_q2_s2__h_controlled_s2002.qasm,h,controlled,interface,0,8,zz,2,3,vqc-zzfm-realamp,18,1,27,1,iris,0.6333333333333333,0.7666666666666667,-0.13333333333333341
0.20970052083333332,0.07820021336085445,0.950175074035237,0.019959813636742676,0.051328105867550364,0.020896192094215477,0.036572265625,0.020420764070787897,512,15,8,iris_zz_r3_q2_s2,iris_zz_r3_q2_s2__t_random_s2010.qasm,t,random,random,1,4,zz,2,3,vqc-zzfm-realamp,18,1,27,1,iris,0.6333333333333333,0.8,-0.16666666666666674
0.03600260416666667,0.01696472677296445,0.9984059009630631,0.001232077752959673,0.001596133128485165,0.0012349327438634717,0.036572265625,0.020420764070787897,512,15,8,iris_zz_r3_q2_s2,iris_zz_r3_q2_s2__t_idle_s2011.qasm,t,idle,idle,0,15,zz,2,3,vqc-zzfm-realamp,18,1,27,1,iris,0.6333333333333333,0.6333333333333333,0.0
0.15133463541666667,0.06136666913713723,0.9809364236207728,0.01269600568550504,0.019332315541389363,0.013050583959956848,0.036572265625,0.020420764070787897,512,15,8,iris_zz_r3_q2_s2,iris_zz_r3_q2_s2__t_controlled_s2012.qasm,t,controlled,interface,0,8,zz,2,3,vqc-zzfm-realamp,18,1,27,1,iris,0.6333333333333333,0.4666666666666667,0.16666666666666663
0.4710774739583333,0.18369956500073947,0.798697893104238,0.13312223730871484,0.241361159113406,0.19100042162863073,0.036572265625,0.020420764070787897,512,15,8,iris_zz_r3_q2_s2,iris_zz_r3_q2_s2__x_random_s2020.qasm,x,random,random,0,7,zz,2,3,vqc-zzfm-realamp,18,0,27,1,iris,0.6333333333333333,0.6,0.033333333333333326
0.64814453125,0.22467569361737716,0.6722753279951952,0.19208561463820972,0.4463291289429943,0.33163609152822426,0.036572265625,0.020420764070787897,512,15,8,iris_zz_r3_q2_s2,iris_zz_r3_q2_s2__x_idle_s2021.qasm,x,idle,idle,0,15,zz,2,3,vqc-zzfm-realamp,18,1,27,1,iris,0.6333333333333333,0.36666666666666664,0.26666666666666666
0.48162434895833334,0.15945215206959412,0.7915831951883067,0.12178972477863058,0.2480996091623565,0.1783010466471893,0.036572265625,0.020420764070787897,512,15,8,iris_zz_r3_q2_s2,iris_zz_r3_q2_s2__x_controlled_s2022.qasm,x,controlled,interface,0,8,zz,2,3,vqc-zzfm-realamp,18,1,27,1,iris,0.6333333333333333,0.6333333333333333,0.0
0.6350911458333334,0.15610473662032698,0.6704367577997494,0.14224517452054086,0.4217895171390914,0.20845739652038228,0.036572265625,0.020420764070787897,512,15,8,iris_zz_r3_q2_s2,iris_zz_r3_q2_s2__y_random_s2030.qasm,y,random,random,0,6,zz,2,3,vqc-zzfm-realamp,18,1,27,1,iris,0.6333333333333333,0.4666666666666667,0.16666666666666663
0.3688151041666667,0.17745268953855933,0.879111849699521,0.07684099559560242,0.1328333886835478,0.09038553581830888,0.036572265625,0.020420764070787897,512,15,8,iris_zz_r3_q2_s2,iris_zz_r3_q2_s2__y_idle_s2031.qasm,y,idle,idle,1,17,zz,2,3,vqc-zzfm-realamp,18,1,27,1,iris,0.6333333333333333,0.36666666666666664,0.26666666666666666
0.6362141927083333,0.10613232123237411,0.7025240583143945,0.09344188241274659,0.36133956323788124,0.12648682008412254,0.036572265625,0.020420764070787897,512,15,8,iris_zz_r3_q2_s2,iris_zz_r3_q2_s2__y_controlled_s2032.qasm,y,controlled,interface,0,8,zz,2,3,vqc-zzfm-realamp,18,1,27,1,iris,0.6333333333333333,0.36666666666666664,0.26666666666666666
0.34173177083333334,0.10591927710797071,0.8950980412880948,0.05417959000900816,0.11270007904930644,0.06168029763233317,0.036572265625,0.020420764070787897,512,15,8,iris_zz_r3_q2_s2,iris_zz_r3_q2_s2__z_random_s2040.qasm,z,random,random,1,13,zz,2,3,vqc-zzfm-realamp,18,1,27,1,iris,0.6333333333333333,0.5666666666666667,0.06666666666666665
0.03600260416666667,0.01696472677296445,0.9984059009630631,0.001232077752959673,0.001596133128485165,0.0012349327438634717,0.036572265625,0.020420764070787897,512,15,8,iris_zz_r3_q2_s2,iris_zz_r3_q2_s2__z_idle_s2041.qasm,z,idle,idle,1,17,zz,2,3,vqc-zzfm-realamp,18,1,27,1,iris,0.6333333333333333,0.6333333333333333,0.0
0.3548990885416667,0.12110382913187744,0.8955785351212289,0.05272874839690118,0.11201010291114641,0.05867887032241255,0.036572265625,0.020420764070787897,512,15,8,iris_zz_r3_q2_s2,iris_zz_r3_q2_s2__z_controlled_s2042.qasm,z,controlled,interface,0,8,zz,2,3,vqc-zzfm-realamp,18,1,27,1,iris,0.6333333333333333,0.36666666666666664,0.26666666666666666
0.50107421875,0.09365020526755548,0.7834239940599058,0.06978676992061401,0.24819922471469832,0.09162543515345908,0.08011067708333333,0.015283506456099709,512,15,8,iris_zz_r3_q4_s0,iris_zz_r3_q4_s0__h_random_s0.qasm,h,random,random,3,12,zz,4,3,vqc-zzfm-realamp,31,0,63,1,iris,0.7666666666666667,0.6333333333333333,0.13333333333333341
0.3709798177083333,0.13080866550739478,0.8570352342034914,0.07579281606220384,0.15820468061867243,0.08876977789244601,0.08011067708333333,0.015283506456099709,512,15,8,iris_zz_r3_q4_s0,iris_zz_r3_q4_s0__h_idle_s1.qasm,h,idle,idle,0,9,zz,4,3,vqc-zzfm-realamp,31,0,63,1,iris,0.7666666666666667,0.4666666666666667,0.30000000000000004
0.4501139322916667,0.09369094542799415,0.8107096852185032,0.06317937693767059,0.2128450511233271,0.07723077813954038,0.08011067708333333,0.015283506456099709,512,15,8,iris_zz_r3_q4_s0,iris_zz_r3_q4_s0__h_controlled_s2.qasm,h,controlled,interface,0,8,zz,4,3,vqc-zzfm-realamp,31,0,63,1,iris,0.7666666666666667,0.6,0.16666666666666674
0.080712890625,0.01861483278909676,0.9922378181298623,0.002950625726865922,0.007796891806861601,0.0029766987884768674,0.08011067708333333,0.015283506456099709,512,15,8,iris_zz_r3_q4_s0,iris_zz_r3_q4_s0__t_random_s10.qasm,t,random,random,3,18,zz,4,3,vqc-zzfm-realamp,31,0,63,1,iris,0.7666666666666667,0.7666666666666667,0.0
0.2041015625,0.04911115885905327,0.9548431896955863,0.01370373892439848,0.04631169037853817,0.014409690154807355,0.08011067708333333,0.015283506456099709,512,15,8,iris_zz_r3_q4_s0,iris_zz_r3_q4_s0__t_idle_s11.qasm,t,idle,idle,3,2,zz,4,3,vqc-zzfm-realamp,31,0,63,1,iris,0.7666666666666667,0.7,0.06666666666666676
0.1515625,0.03886375220371242,0.9746498001166235,0.009473586723773903,0.025724441049956578,0.009743224673946614,0.08011067708333333,0.015283506456099709,512,15,8,iris_zz_r3_q4_s0,iris_zz_r3_q4_s0__t_controlled_s12.qasm,t,controlled,interface,0,8,zz,4,3,vqc-zzfm-realamp,31,0,63,1,iris,0.7666666666666667,0.7666666666666667,0.0
0.363232421875,0.13120011183823108,0.8645225080526164,0.08088185221982414,0.15006071440962038,0.09525122868216707,0.08011067708333333,0.015283506456099709,512,15,8,iris_zz_r3_q4_s0,iris_zz_r3_q4_s0__x_random_s20.qasm,x,random,random,3,5,zz,4,3,vqc-zzfm-realamp,31,0,63,1,iris,0.7666666666666667,0.6333333333333333,0.13333333333333341
0.5092447916666667,0.09906334374914509,0.7632518772131521,0.08644795327936933,0.2768841739592484,0.11728607352167873,0.08011067708333333,0.015283506456099709,512,15,8,iris_zz_r3_q4_s0,iris_zz_r3_q4_s0__x_idle_s21.qasm,x,idle,idle,2,6,zz,4,3,vqc-zzfm-realamp,31,0,63,1,iris,0.7666666666666667,0.6666666666666666,0.10000000000000009
0.5184895833333333,0.10296659795055522,0.7684162871050835,0.08810773418320392,0.2703630371881385,0.11947893926876878,0.08011067708333333,0.015283506456099709,512,15,8,iris_zz_r3_q4_s0,iris_zz_r3_q4_s0__x_controlled_s22.qasm,x,controlled,interface,0,8,zz,4,3,vqc-zzfm-realamp,31,0,63,1,iris,0.7666666666666667,0.43333333333333335,0.33333333333333337
0.546044921875,0.06132763904937846,0.7490436360884469,0.062229874825499895,0.29251464638861413,0.08499578136717614,0.08011067708333333,0.015283506456099709,512,15,8,iris_zz_r3_q4_s0,iris_zz_r3_q4_s0__y_random_s30.qasm,y,random,random,0,4,zz,4,3,vqc-zzfm-realamp,31,0,63,1,iris,0.7666666666666667,0.5333333333333333,0.2333333333333334
0.550146484375,0.09120423253510834,0.7581337949869577,0.09830621374574976,0.28659820553166393,0.14448809613354802,0.08011067708333333,0.015283506456099709,512,15,8,iris_zz_r3_q4_s0,iris_zz_r3_q4_s0__y_idle_s31.qasm,y,idle,idle,0,9,zz,4,3,vqc-zzfm-realamp,31,0,63,1,iris,0.7666666666666667,0.43333333333333335,0.33333333333333337
0.550146484375,0.09120423253510834,0.7581337949869577,0.09830621374574976,0.28659820553166393,0.14448809613354802,0.08011067708333333,0.015283506456099709,512,15,8,iris_zz_r3_q4_s0,iris_zz_r3_q4_s0__y_controlled_s32.qasm,y,controlled,interface,0,8,zz,4,3,vqc-zzfm-realamp,31,0,63,1,iris,0.7666666666666667,0.43333333333333335,0.33333333333333337
0.5248046875,0.12379474691442593,0.7656997009998363,0.10616981382443387,0.27743852014615644,0.14805582847507087,0.08011067708333333,0.015283506456099709,512,15,8,iris_zz_r3_q4_s0,iris_zz_r3_q4_s0__z_random_s40.qasm,z,random,random,2,18,zz,4,3,vqc-zzfm-realamp,31,1,63,1,iris,0.7666666666666667,0.7,0.06666666666666676
0.48782552083333336,0.09217347579002547,0.8045834355131738,0.06337888600304357,0.22061552705847606,0.08035939503202415,0.08011067708333333,0.015283506456099709,512,15,8,iris_zz_r3_q4_s0,iris_zz_r3_q4_s0__z_idle_s41.qasm,z,idle,idle,1,15,zz,4,3,vqc-zzfm-realamp,31,0,63,1,iris,0.7666666666666667,0.5,0.2666666666666667
0.371142578125,0.1299883711333171,0.8569192521542303,0.07582633282523671,0.15834020213734437,0.08874575716039286,0.08011067708333333,0.015283506456099709,512,15,8,iris_zz_r3_q4_s0,iris_zz_r3_q4_s0__z_controlled_s42.qasm,z,controlled,interface,0,8,zz,4,3,vqc-zzfm-realamp,31,0,63,1,iris,0.7666666666666667,0.4666666666666667,0.30000000000000004
0.38408203125,0.06294329789095618,0.8519067729863132,0.04949035393814025,0.16195089166672744,0.05772487401941268,0.082861328125,0.0194491479119873,512,15,8,iris_zz_r3_q4_s1,iris_zz_r3_q4_s1__h_random_s1000.qasm,h,random,random,0,8,zz,4,3,vqc-zzfm-realamp,31,0,63,1,iris,0.6,0.6333333333333333,-0.033333333333333326
0.35079752604166664,0.09434331562753308,0.88004499718116,0.04358079668549694,0.12905081847724226,0.05081338208235098,0.082861328125,0.0194491479119873,512,15,8,iris_zz_r3_q4_s1,iris_zz_r3_q4_s1__h_idle_s1001.qasm,h,idle,idle,3,17,zz,4,3,vqc-zzfm-realamp,31,0,63,1,iris,0.6,0.5,0.09999999999999998
0.38408203125,0.06294329789095618,0.8519067729863132,0.04949035393814025,0.16195089166672744,0.05772487401941268,0.082861328125,0.0194491479119873,512,15,8,iris_zz_r3_q4_s1,iris_zz_r3_q4_s1__h_controlled_s1002.qasm,h,controlled,interface,0,8,zz,4,3,vqc-zzfm-realamp,31,0,63,1,iris,0.6,0.6333333333333333,-0.033333333333333326
0.21995442708333332,0.04376713250777364,0.953984346844696,0.013013882504984337,0.04720136617924001,0.01367517907509448,0.082861328125,0.0194491479119873,512,15,8,iris_zz_r3_q4_s1,iris_zz_r3_q4_s1__t_random_s1010.qasm,t,random,random,2,2,zz,4,3,vqc-zzfm-realamp,31,0,63,1,iris,0.6,0.6333333333333333,-0.033333333333333326
0.13780924479166667,0.04350385603006932,0.9755085697801483,0.012697399759288599,0.024881598739190866,0.013080203598840354,0.082861328125,0.0194491479119873,512,15,8,iris_zz_r3_q4_s1,iris_zz_r3_q4_s1__t_idle_s1011.qasm,t,idle,idle,0,6,zz,4,3,vqc-zzfm-realamp,31,0,63,1,iris,0.6,0.5333333333333333,0.06666666666666665
0.13780924479166667,0.04350385603006932,0.9755085697801483,0.012697399759288599,0.024881598739190866,0.013080203598840354,0.082861328125,0.0194491479119873,512,15,8,iris_zz_r3_q4_s1,iris_zz_r3_q4_s1__t_controlled_s1012.qasm,t,controlled,interface,0,8,zz,4,3,vqc-zzfm-realamp,31,0,63,1,iris,0.6,0.5333333333333333,0.06666666666666665
0.40725911458333336,0.08706352118028415,0.8417118189547647,0.0484336803134094,0.1740115875569405,0.05855706326661777,0.082861328125,0.0194491479119873,512,15,8,iris_zz_r3_q4_s1,iris_zz_r3_q4_s1__x_random_s1020.qasm,x,random,random,3,10,zz,4,3,vqc-zzfm-realamp,31,1,63,1,iris,0.6,0.5333333333333333,0.06666666666666665
0.4329752604166667,0.08123254180885735,0.8263689189617863,0.062432359718481455,0.19363406833264296,0.07687245051348826,0.082861328125,0.0194491479119873,512,15,8,iris_zz_r3_q4_s1,iris_zz_r3_q4_s1__x_idle_s1021.qasm,x,idle,idle,1,6,zz,4,3,vqc-zzfm-realamp,31,0,63,1,iris,0.6,0.4666666666666667,0.1333333333333333
0.54736328125,0.16865779099965836,0.7346370830230486,0.12259649653311716,0.32223158210710195,0.1664358472912484,0.082861328125,0.0194491479119873,512,15,8,iris_zz_r3_q4_s1,iris_zz_r3_q4_s1__x_controlled_s1022.qasm,x,controlled,interface,0,8,zz,4,3,vqc-zzfm-realamp,31,0,63,1,iris,0.6,0.4,0.19999999999999996
0.447509765625,0.08361054248834725,0.8139206331706781,0.05727904860893532,0.20842372665277717,0.07156491414275061,0.082861328125,0.0194491479119873,512,15,8,iris_zz_r3_q4_s1,iris_zz_r3_q4_s1__y_random_s1030.qasm,y,random,random,1,6,zz,4,3,vqc-zzfm-realamp,31,0,63,1,iris,0.6,0.36666666666666664,0.23333333333333334
0.5027018229166667,0.15427342404309421,0.7722087720141476,0.12263377085087163,0.27113201200942594,0.15902771137542882,0.082861328125,0.0194491479119873,512,15,8,iris_zz_r3_q4_s1,iris_zz_r3_q4_s1__y_idle_s1031.qasm,y,idle,idle,3,17,zz,4,3,vqc-zzfm-realamp,31,0,63,1,iris,0.6,0.4,0.19999999999999996
0.573291015625,0.1251004038341986,0.71775320775786,0.10793901165030262,0.34307657572069156,0.15184544158642244,0.082861328125,0.0194491479119873,512,15,8,iris_zz_r3_q4_s1,iris_zz_r3_q4_s1__y_controlled_s1032.qasm,y,controlled,interface,0,8,zz,4,3,vqc-zzfm-realamp,31,0,63,1,iris,0.6,0.4,0.19999999999999996
0.5256673177083333,0.12225202512548095,0.7449046185410777,0.10985053287866446,0.3056571520450732,0.15051016590258812,0.082861328125,0.0194491479119873,512,15,8,iris_zz_r3_q4_s1,iris_zz_r3_q4_s1__z_random_s1040.qasm,z,random,random,1,21,zz,4,3,vqc-zzfm-realamp,31,1,63,1,iris,0.6,0.6333333333333333,-0.033333333333333326
0.084228515625,0.021306917594908943,0.9917974587853933,0.0033900196414503574,0.008242219912477724,0.003422976661669383,0.082861328125,0.0194491479119873,512,15,8,iris_zz_r3_q4_s1,iris_zz_r3_q4_s1__z_idle_s1041.qasm,z,idle,idle,2,24,zz,4,3,vqc-zzfm-realamp,31,0,63,1,iris,0.6,0.6,0.0
0.284326171875,0.13913386367571262,0.8973928633674044,0.07443300003793238,0.11180699479893633,0.08486909868527312,0.082861328125,0.0194491479119873,512,15,8,iris_zz_r3_q4_s1,iris_zz_r3_q4_s1__z_controlled_s1042.qasm,z,controlled,interface,0,8,zz,4,3,vqc-zzfm-realamp,31,0,63,1,iris,0.6,0.5,0.09999999999999998
0.47101236979166666,0.0989157052832968,0.8046019509817718,0.08157132493582002,0.22286992185603044,0.10619487533773721,0.082373046875,0.018913845921856968,512,15,8,iris_zz_r3_q4_s2,iris_zz_r3_q4_s2__h_random_s2000.qasm,h,random,random,0,9,zz,4,3,vqc-zzfm-realamp,31,0,63,1,iris,0.5,0.4,0.09999999999999998
0.451513671875,0.07723766205332278,0.8230312313118413,0.06087078006025035,0.19753091395956013,0.074691963073223,0.082373046875,0.018913845921856968,512,15,8,iris_zz_r3_q4_s2,iris_zz_r3_q4_s2__h_idle_s2001.qasm,h,idle,idle,2,2,zz,4,3,vqc-zzfm-realamp,31,0,63,1,iris,0.5,0.7,-0.19999999999999996
0.44698893229166664,0.09942803391910908,0.8141019590896442,0.08946423586238347,0.21196615186507464,0.1134093531627627,0.082373046875,0.018913845921856968,512,15,8,iris_zz_r3_q4_s2,iris_zz_r3_q4_s2__h_controlled_s2002.qasm,h,controlled,interface,0,8,zz,4,3,vqc-zzfm-realamp,31,0,63,1,iris,0.5,0.5333333333333333,-0.033333333333333326
0.222705078125,0.033835189586762356,0.9467287093017593,0.01270294526294033,0.05483296915606838,0.013446007488327926,0.082373046875,0.018913845921856968,512,15,8,iris_zz_r3_q4_s2,iris_zz_r3_q4_s2__t_random_s2010.qasm,t,random,random,3,4,zz,4,3,vqc-zzfm-realamp,31,1,63,1,iris,0.5,0.6666666666666666,-0.16666666666666663
0.178369140625,0.03907971829177802,0.9659904758238251,0.012716496273887925,0.034688092636806174,0.013180448368168984,0.082373046875,0.018913845921856968,512,15,8,iris_zz_r3_q4_s2,iris_zz_r3_q4_s2__t_idle_s2011.qasm,t,idle,idle,3,13,zz,4,3,vqc-zzfm-realamp,31,0,63,1,iris,0.5,0.6666666666666666,-0.16666666666666663
0.15486653645833334,0.03758551771832163,0.9726356776570171,0.011254365983196325,0.027812664361279774,0.01157393474574764,0.082373046875,0.018913845921856968,512,15,8,iris_zz_r3_q4_s2,iris_zz_r3_q4_s2__t_controlled_s2012.qasm,t,controlled,interface,0,8,zz,4,3,vqc-zzfm-realamp,31,0,63,1,iris,0.5,0.5333333333333333,-0.033333333333333326
0.48115234375,0.10323475863300427,0.7958937862725907,0.07464138758926239,0.23287408929204031,0.0968300581952843,0.082373046875,0.018913845921856968,512,15,8,iris_zz_r3_q4_s2,iris_zz_r3_q4_s2__x_random_s2020.qasm,x,random,random,0,7,zz,4,3,vqc-zzfm-realamp,31,0,63,1,iris,0.5,0.43333333333333335,0.06666666666666665
0.4470703125,0.09047502407000922,0.8284927625374411,0.05342470928282817,0.1902507227740471,0.06507506549528418,0.082373046875,0.018913845921856968,512,15,8,iris_zz_r3_q4_s2,iris_zz_r3_q4_s2__x_idle_s2021.qasm,x,idle,idle,0,13,zz,4,3,vqc-zzfm-realamp,31,0,63,1,iris,0.5,0.5333333333333333,-0.033333333333333326
0.4747395833333333,0.09839199837781941,0.8020701436998336,0.07308697957081384,0.2249409868095578,0.0949566841807616,0.082373046875,0.018913845921856968,512,15,8,iris_zz_r3_q4_s2,iris_zz_r3_q4_s2__x_controlled_s2022.qasm,x,controlled,interface,0,8,zz,4,3,vqc-zzfm-realamp,31,0,63,1,iris,0.5,0.3,0.2
0.48603515625,0.07425114510249371,0.7851849983664532,0.039506107132453276,0.24310062367554197,0.050287848031906834,0.082373046875,0.018913845921856968,512,15,8,iris_zz_r3_q4_s2,iris_zz_r3_q4_s2__y_random_s2030.qasm,y,random,random,0,6,zz,4,3,vqc-zzfm-realamp,31,0,63,1,iris,0.5,0.5666666666666667,-0.06666666666666665
0.5347981770833333,0.0429472775223217,0.766733406656366,0.02881418739000227,0.26632166751787995,0.037561642383934786,0.082373046875,0.018913845921856968,512,15,8,iris_zz_r3_q4_s2,iris_zz_r3_q4_s2__y_idle_s2031.qasm,y,idle,idle,0,9,zz,4,3,vqc-zzfm-realamp,31,0,63,1,iris,0.5,0.43333333333333335,0.06666666666666665
0.5347981770833333,0.0429472775223217,0.766733406656366,0.02881418739000227,0.26632166751787995,0.037561642383934786,0.082373046875,0.018913845921856968,512,15,8,iris_zz_r3_q4_s2,iris_zz_r3_q4_s2__y_controlled_s2032.qasm,y,controlled,interface,0,8,zz,4,3,vqc-zzfm-realamp,31,0,63,1,iris,0.5,0.43333333333333335,0.06666666666666665
0.46334635416666664,0.06624508117713292,0.7946985358406098,0.03573737583746254,0.2308111857130518,0.04522966459114595,0.082373046875,0.018913845921856968,512,15,8,iris_zz_r3_q4_s2,iris_zz_r3_q4_s2__z_random_s2040.qasm,z,random,random,2,17,zz,4,3,vqc-zzfm-realamp,31,1,63,1,iris,0.5,0.6,-0.09999999999999998
0.51962890625,0.11756229399670308,0.7561672515912943,0.09349943013561181,0.2871712100993393,0.12410820802611026,0.082373046875,0.018913845921856968,512,15,8,iris_zz_r3_q4_s2,iris_zz_r3_q4_s2__z_idle_s2041.qasm,z,idle,idle,1,15,zz,4,3,vqc-zzfm-realamp,31,0,63,1,iris,0.5,0.4666666666666667,0.033333333333333326
0.40029296875,0.13023132528125997,0.8391129545552743,0.07361829322749937,0.17927560411101723,0.08808607269841204,0.082373046875,0.018913845921856968,512,15,8,iris_zz_r3_q4_s2,iris_zz_r3_q4_s2__z_controlled_s2042.qasm,z,controlled,interface,0,8,zz,4,3,vqc-zzfm-realamp,31,0,63,1,iris,0.5,0.5666666666666667,-0.06666666666666665
0.5226888020833333,0.18227920053635954,0.8035233505778007,0.09449052247826793,0.22542713492659452,0.11460473052815533,0.031070963541666666,0.016799516494797023,512,15,8,digits01_z_r1_q2_s0,digits01_z_r1_q2_s0__h_random_s0.qasm,h,random,random,1,5,z,2,1,vqc-zfm-realamp,8,1,15,1,digits01,1.0,1.0,0.0
0.41998697916666666,0.11268953910567664,0.8272662715992383,0.05572455766713367,0.19177467419568342,0.06462461524474815,0.031070963541666666,0.016799516494797023,512,15,8,digits01_z_r1_q2_s0,digits01_z_r1_q2_s0__h_idle_s1.qasm,h,idle,idle,1,7,z,2,1,vqc-zfm-realamp,8,1,15,1,digits01,1.0,0.4166666666666667,0.5833333333333333
0.35322265625,0.18090068436003418,0.8769020118334949,0.08938840806774724,0.13659959604238495,0.10257558615759156,0.031070963541666666,0.016799516494797023,512,15,8,digits01_z_r1_q2_s0,digits01_z_r1_q2_s0__h_controlled_s2.qasm,h,controlled,interface,0,4,z,2,1,vqc-zfm-realamp,8,1,15,1,digits01,1.0,0.5925925925925926,0.40740740740740744
0.03313802083333333,0.017552667715605562,0.9984504376680932,0.0011347894570440463,0.0015514105591137102,0.001137263623526664,0.031070963541666666,0.016799516494797023,512,15,8,digits01_z_r1_q2_s0,digits01_z_r1_q2_s0__t_random_s10.qasm,t,random,random,1,8,z,2,1,vqc-zfm-realamp,8,1,15,1,digits01,1.0,1.0,0.0
0.03313802083333333,0.017552667715605562,0.9984504376680932,0.0011347894570440463,0.0015514105591137102,0.001137263623526664,0.031070963541666666,0.016799516494797023,512,15,8,digits01_z_r1_q2_s0,digits01_z_r1_q2_s0__t_idle_s11.qasm,t,idle,idle,0,7,z,2,1,vqc-zfm-realamp,8,1,15,1,digits01,1.0,1.0,0.0
0.03894856770833333,0.02140476466066278,0.9977080933862184,0.0022405350244250727,0.002297068457781362,0.0022522715565508012,0.031070963541666666,0.016799516494797023,512,15,8,digits01_z_r1_q2_s0,digits01_z_r1_q2_s0__t_controlled_s12.qasm,t,controlled,interface,0,4,z,2,1,vqc-zfm-realamp,8,1,15,1,digits01,1.0,1.0,0.0
0.526220703125,0.23262471214357247,0.7746748741633368,0.1370895378213333,0.27065171269355265,0.1742352571159489,0.031070963541666666,0.016799516494797023,512,15,8,digits01_z_r1_q2_s0,digits01_z_r1_q2_s0__x_random_s20.qasm,x,random,random,1,2,z,2,1,vqc-zfm-realamp,8,1,15,1,digits01,1.0,1.0,0.0
0.710400390625,0.21303735185542774,0.5614865355952655,0.2474493147629699,0.7084660712750332,0.5684352878356299,0.031070963541666666,0.016799516494797023,512,15,8,digits01_z_r1_q2_s0,digits01_z_r1_q2_s0__x_idle_s21.qasm,x,idle,idle,1,7,z,2,1,vqc-zfm-realamp,8,1,15,1,digits01,1.0,0.0,1.0
0.6687662760416667,0.24819440430983172,0.6392785370701174,0.2719457345451554,0.6061594534422172,0.6685208624677641,0.031070963541666666,0.016799516494797023,512,15,8,digits01_z_r1_q2_s0,digits01_z_r1_q2_s0__x_controlled_s22.qasm,x,controlled,interface,0,4,z,2,1,vqc-zfm-realamp,8,1,15,1,digits01,1.0,0.009259259259259259,0.9907407407407407
0.6540852864583333,0.2467203286155151,0.6563973434566328,0.268644423301939,0.575815956822403,0.6682297227334683,0.031070963541666666,0.016799516494797023,512,15,8,digits01_z_r1_q2_s0,digits01_z_r1_q2_s0__y_random_s30.qasm,y,random,random,0,2,z,2,1,vqc-zfm-realamp,8,1,15,1,digits01,1.0,0.009259259259259259,0.9907407407407407
0.6711100260416667,0.2703459785716552,0.6329295716850694,0.26474958771544577,0.585359859869461,0.5698690466181648,0.031070963541666666,0.016799516494797023,512,15,8,digits01_z_r1_q2_s0,digits01_z_r1_q2_s0__y_idle_s31.qasm,y,idle,idle,0,7,z,2,1,vqc-zfm-realamp,8,1,15,1,digits01,1.0,0.0,1.0
0.6558430989583334,0.26850412590239775,0.6435600927617044,0.2685441746382807,0.5956585592680046,0.6639641664231527,0.031070963541666666,0.016799516494797023,512,15,8,digits01_z_r1_q2_s0,digits01_z_r1_q2_s0__y_controlled_s32.qasm,y,controlled,interface,0,4,z,2,1,vqc-zfm-realamp,8,1,15,1,digits01,1.0,0.0,1.0
0.705126953125,0.20576652541760057,0.5841023992906521,0.24216497378841081,0.691112128998869,0.6695805288227863,0.031070963541666666,0.016799516494797023,512,15,8,digits01_z_r1_q2_s0,digits01_z_r1_q2_s0__z_random_s40.qasm,z,random,random,1,6,z,2,1,vqc-zfm-realamp,8,1,15,1,digits01,1.0,0.0,1.0
0.03313802083333333,0.017552667715605562,0.9984504376680932,0.0011347894570440463,0.0015514105591137102,0.001137263623526664,0.031070963541666666,0.016799516494797023,512,15,8,digits01_z_r1_q2_s0,digits01_z_r1_q2_s0__z_idle_s41.qasm,z,idle,idle,0,7,z,2,1,vqc-zfm-realamp,8,1,15,1,digits01,1.0,1.0,0.0
0.0775390625,0.04166814165683556,0.992301713002817,0.004650371367339989,0.007739071656246012,0.004692371870886454,0.031070963541666666,0.016799516494797023,512,15,8,digits01_z_r1_q2_s0,digits01_z_r1_q2_s0__z_controlled_s42.qasm,z,controlled,interface,0,4,z,2,1,vqc-zfm-realamp,8,1,15,1,digits01,1.0,0.9907407407407407,0.0092592592592593
0.3540852864583333,0.17895613654568007,0.882848006873297,0.07418683993696876,0.12807810409806292,0.08306035411477812,0.025618489583333334,0.014136414483539039,512,15,8,digits01_z_r1_q2_s1,digits01_z_r1_q2_s1__h_random_s1000.qasm,h,random,random,0,4,z,2,1,vqc-zfm-realamp,8,1,15,1,digits01,0.9907407407407407,0.5925925925925926,0.39814814814814814
0.4654134114583333,0.09284036642584549,0.7951857735545441,0.05903518326429487,0.2317943892535569,0.0713991117500219,0.025618489583333334,0.014136414483539039,512,15,8,digits01_z_r1_q2_s1,digits01_z_r1_q2_s1__h_idle_s1001.qasm,h,idle,idle,1,7,z,2,1,vqc-zfm-realamp,8,1,15,1,digits01,0.9907407407407407,0.3333333333333333,0.6574074074074074
0.3540852864583333,0.17895613654568007,0.882848006873297,0.07418683993696876,0.12807810409806292,0.08306035411477812,0.025618489583333334,0.014136414483539039,512,15,8,digits01_z_r1_q2_s1,digits01_z_r1_q2_s1__h_controlled_s1002.qasm,h,controlled,interface,0,4,z,2,1,vqc-zfm-realamp,8,1,15,1,digits01,0.9907407407407407,0.5925925925925926,0.39814814814814814
0.026774088541666668,0.015456027740705477,0.9981690652078258,0.0016595762191299512,0.0018339985930799867,0.0016657223022032012,0.025618489583333334,0.014136414483539039,512,15,8,digits01_z_r1_q2_s1,digits01_z_r1_q2_s1__t_random_s1010.qasm,t,random,random,1,0,z,2,1,vqc-zfm-realamp,8,1,15,1,digits01,0.9907407407407407,0.9907407407407407,0.0
0.026774088541666668,0.015456027740705477,0.9981690652078258,0.0016595762191299512,0.0018339985930799867,0.0016657223022032012,0.025618489583333334,0.014136414483539039,512,15,8,digits01_z_r1_q2_s1,digits01_z_r1_q2_s1__t_idle_s1011.qasm,t,idle,idle,1,7,z,2,1,vqc-zfm-realamp,8,1,15,1,digits01,0.9907407407407407,0.9907407407407407,0.0
0.04345703125,0.025194870898100272,0.995894922626477,0.002949285505674535,0.0041179184153270045,0.0029649949689353576,0.025618489583333334,0.014136414483539039,512,15,8,digits01_z_r1_q2_s1,digits01_z_r1_q2_s1__t_controlled_s1012.qasm,t,controlled,interface,0,4,z,2,1,vqc-zfm-realamp,8,1,15,1,digits01,0.9907407407407407,0.9907407407407407,0.0
0.026708984375,0.01572874594961538,0.9981193260233302,0.001599413662321681,0.0018837308371538418,0.0016045675046738818,0.025618489583333334,0.014136414483539039,512,15,8,digits01_z_r1_q2_s1,digits01_z_r1_q2_s1__x_random_s1020.qasm,x,random,random,1,5,z,2,1,vqc-zfm-realamp,8,1,15,1,digits01,0.9907407407407407,0.9907407407407407,0.0
0.693408203125,0.22756133967809844,0.6274766594370722,0.22536254454565194,0.55836688106707,0.47718862567052683,0.025618489583333334,0.014136414483539039,512,15,8,digits01_z_r1_q2_s1,digits01_z_r1_q2_s1__x_idle_s1021.qasm,x,idle,idle,0,7,z,2,1,vqc-zfm-realamp,8,1,15,1,digits01,0.9907407407407407,0.009259259259259259,0.9814814814814814
0.6955078125,0.20435689770150553,0.6397345769426206,0.2268038874978671,0.537651408904825,0.4754918908627418,0.025618489583333334,0.014136414483539039,512,15,8,digits01_z_r1_q2_s1,digits01_z_r1_q2_s1__x_controlled_s1022.qasm,x,controlled,interface,0,4,z,2,1,vqc-zfm-realamp,8,1,15,1,digits01,0.9907407407407407,0.037037037037037035,0.9537037037037037
0.692724609375,0.20461865109253552,0.6428121482333419,0.22658011410425527,0.5321339228268617,0.47392843583370226,0.025618489583333334,0.014136414483539039,512,15,8,digits01_z_r1_q2_s1,digits01_z_r1_q2_s1__y_random_s1030.qasm,y,random,random,0,2,z,2,1,vqc-zfm-realamp,8,1,15,1,digits01,0.9907407407407407,0.037037037037037035,0.9537037037037037
0.851806640625,0.08082947600557015,0.35501343510728955,0.14458332064208285,1.1349808574136242,0.480389225157999,0.025618489583333334,0.014136414483539039,512,15,8,digits01_z_r1_q2_s1,digits01_z_r1_q2_s1__y_idle_s1031.qasm,y,idle,idle,1,7,z,2,1,vqc-zfm-realamp,8,1,15,1,digits01,0.9907407407407407,0.009259259259259259,0.9814814814814814
0.69208984375,0.22619650557854698,0.630715621403933,0.22502191880739122,0.5528789177465039,0.4776351022156978,0.025618489583333334,0.014136414483539039,512,15,8,digits01_z_r1_q2_s1,digits01_z_r1_q2_s1__y_controlled_s1032.qasm,y,controlled,interface,0,4,z,2,1,vqc-zfm-realamp,8,1,15,1,digits01,0.9907407407407407,0.009259259259259259,0.9814814814814814
0.026774088541666668,0.015456027740705477,0.9981690652078258,0.0016595762191299512,0.0018339985930799867,0.0016657223022032012,0.025618489583333334,0.014136414483539039,512,15,8,digits01_z_r1_q2_s1,digits01_z_r1_q2_s1__z_random_s1040.qasm,z,random,random,0,7,z,2,1,vqc-zfm-realamp,8,1,15,1,digits01,0.9907407407407407,0.9907407407407407,0.0
0.026774088541666668,0.015456027740705477,0.9981690652078258,0.0016595762191299512,0.0018339985930799867,0.0016657223022032012,0.025618489583333334,0.014136414483539039,512,15,8,digits01_z_r1_q2_s1,digits01_z_r1_q2_s1__z_idle_s1041.qasm,z,idle,idle,1,7,z,2,1,vqc-zfm-realamp,8,1,15,1,digits01,0.9907407407407407,0.9907407407407407,0.0
0.10608723958333334,0.07013186764799198,0.9833588175021059,0.013491744381623079,0.016876175671060926,0.013813528017214735,0.025618489583333334,0.014136414483539039,512,15,8,digits01_z_r1_q2_s1,digits01_z_r1_q2_s1__z_controlled_s1042.qasm,z,controlled,interface,0,4,z,2,1,vqc-zfm-realamp,8,1,15,1,digits01,0.9907407407407407,0.9722222222222222,0.01851851851851849
0.6096354166666667,0.22323955787614763,0.7159746831545858,0.137705864045749,0.3517812838197915,0.18619019673816062,0.029134114583333332,0.014961038073983824,512,15,8,digits01_z_r1_q2_s2,digits01_z_r1_q2_s2__h_random_s2000.qasm,h,random,random,0,5,z,2,1,vqc-zfm-realamp,8,1,15,1,digits01,1.0,0.12037037037037036,0.8796296296296297
0.4837239583333333,0.2115528816104024,0.8170483467125379,0.10039334838053446,0.20937194437692844,0.12001539347482641,0.029134114583333332,0.014961038073983824,512,15,8,digits01_z_r1_q2_s2,digits01_z_r1_q2_s2__h_idle_s2001.qasm,h,idle,idle,0,7,z,2,1,vqc-zfm-realamp,8,1,15,1,digits01,1.0,0.37037037037037035,0.6296296296296297
0.29827473958333334,0.1658315430357635,0.9074146435892932,0.06533374470265814,0.09976946821943557,0.07246943908466873,0.029134114583333332,0.014961038073983824,512,15,8,digits01_z_r1_q2_s2,digits01_z_r1_q2_s2__h_controlled_s2002.qasm,h,controlled,interface,0,4,z,2,1,vqc-zfm-realamp,8,1,15,1,digits01,1.0,0.7222222222222222,0.2777777777777778
0.128857421875,0.040637566994680574,0.9830876552242246,0.00791029374253473,0.017089377186021496,0.00804892697282084,0.029134114583333332,0.014961038073983824,512,15,8,digits01_z_r1_q2_s2,digits01_z_r1_q2_s2__t_random_s2010.qasm,t,random,random,1,2,z,2,1,vqc-zfm-realamp,8,1,15,1,digits01,1.0,1.0,0.0
0.024755859375,0.013174940495413958,0.9985923647237336,0.001269743861644316,0.0014094367407983292,0.0012732047518234457,0.029134114583333332,0.014961038073983824,512,15,8,digits01_z_r1_q2_s2,digits01_z_r1_q2_s2__t_idle_s2011.qasm,t,idle,idle,0,7,z,2,1,vqc-zfm-realamp,8,1,15,1,digits01,1.0,1.0,0.0
0.05120442708333333,0.03072804594420821,0.9937555138227516,0.0054969581972561425,0.006279455167932883,0.005556434640454734,0.029134114583333332,0.014961038073983824,512,15,8,digits01_z_r1_q2_s2,digits01_z_r1_q2_s2__t_controlled_s2012.qasm,t,controlled,interface,0,4,z,2,1,vqc-zfm-realamp,8,1,15,1,digits01,1.0,1.0,0.0
0.7246419270833333,0.1738288534580164,0.6235171030482116,0.17762132499039024,0.5134999323850314,0.28780433223634183,0.029134114583333332,0.014961038073983824,512,15,8,digits01_z_r1_q2_s2,digits01_z_r1_q2_s2__x_random_s2020.qasm,x,random,random,0,4,z,2,1,vqc-zfm-realamp,8,1,15,1,digits01,1.0,0.009259259259259259,0.9907407407407407
0.8127766927083333,0.12882220267295927,0.4198369217613997,0.11447567529654794,0.9017395547374473,0.25574224049673905,0.029134114583333332,0.014961038073983824,512,15,8,digits01_z_r1_q2_s2,digits01_z_r1_q2_s2__x_idle_s2021.qasm,x,idle,idle,1,7,z,2,1,vqc-zfm-realamp,8,1,15,1,digits01,1.0,0.0,1.0
0.7246419270833333,0.1738288534580164,0.6235171030482116,0.17762132499039024,0.5134999323850314,0.28780433223634183,0.029134114583333332,0.014961038073983824,512,15,8,digits01_z_r1_q2_s2,digits01_z_r1_q2_s2__x_controlled_s2022.qasm,x,controlled,interface,0,4,z,2,1,vqc-zfm-realamp,8,1,15,1,digits01,1.0,0.009259259259259259,0.9907407407407407
0.7149576822916667,0.17425740967267186,0.6363052101831613,0.17492746555318775,0.4907776991003213,0.2801426035930943,0.029134114583333332,0.014961038073983824,512,15,8,digits01_z_r1_q2_s2,digits01_z_r1_q2_s2__y_random_s2030.qasm,y,random,random,0,3,z,2,1,vqc-zfm-realamp,8,1,15,1,digits01,1.0,0.009259259259259259,0.9907407407407407
0.7566731770833334,0.13813293510954025,0.6065032413659359,0.1215625371889092,0.519713519473282,0.19778253249366212,0.029134114583333332,0.014961038073983824,512,15,8,digits01_z_r1_q2_s2,digits01_z_r1_q2_s2__y_idle_s2031.qasm,y,idle,idle,0,7,z,2,1,vqc-zfm-realamp,8,1,15,1,digits01,1.0,0.0,1.0
0.7610677083333334,0.13174652961086822,0.60176059660604,0.12604753919084713,0.5304894567040337,0.21500044685722858,0.029134114583333332,0.014961038073983824,512,15,8,digits01_z_r1_q2_s2,digits01_z_r1_q2_s2__y_controlled_s2032.qasm,y,controlled,interface,0,4,z,2,1,vqc-zfm-realamp,8,1,15,1,digits01,1.0,0.0,1.0
0.813671875,0.13350039188932317,0.4204445853463138,0.11561257592457466,0.8995605918359387,0.2503943642980777,0.029134114583333332,0.014961038073983824,512,15,8,digits01_z_r1_q2_s2,digits01_z_r1_q2_s2__z_random_s2040.qasm,z,random,random,1,6,z,2,1,vqc-zfm-realamp,8,1,15,1,digits01,1.0,0.0,1.0
0.024755859375,0.013174940495413958,0.9985923647237336,0.001269743861644316,0.0014094367407983292,0.0012732047518234457,0.029134114583333332,0.014961038073983824,512,15,8,digits01_z_r1_q2_s2,digits01_z_r1_q2_s2__z_idle_s2041.qasm,z,idle,idle,0,7,z,2,1,vqc-zfm-realamp,8,1,15,1,digits01,1.0,1.0,0.0
0.13095703125,0.09609753774398884,0.9756235636630398,0.023500445309719873,0.02497324794389179,0.024379064319918833,0.029134114583333332,0.014961038073983824,512,15,8,digits01_z_r1_q2_s2,digits01_z_r1_q2_s2__z_controlled_s2042.qasm,z,controlled,interface,0,4,z,2,1,vqc-zfm-realamp,8,1,15,1,digits01,1.0,0.9907407407407407,0.0092592592592593
0.25388997395833335,0.19529825726606326,0.9051377499982455,0.12045648371546028,0.10965188181363184,0.1455257339444487,0.05694986979166667,0.020405242993736597,512,15,8,digits01_z_r1_q4_s0,digits01_z_r1_q4_s0__h_random_s0.qasm,h,random,random,3,5,z,4,1,vqc-zfm-realamp,10,1,31,1,digits01,0.9722222222222222,0.9722222222222222,0.0
0.4224772135416667,0.05845077817116232,0.8360298117744901,0.04561111318323088,0.18063458732898194,0.05608768331778999,0.05694986979166667,0.020405242993736597,512,15,8,digits01_z_r1_q4_s0,digits01_z_r1_q4_s0__h_idle_s1.qasm,h,idle,idle,0,7,z,4,1,vqc-zfm-realamp,10,1,31,1,digits01,0.9722222222222222,0.5370370370370371,0.4351851851851851
0.3275553385416667,0.15750581676768918,0.8887373753649132,0.07525039961610741,0.12156140131340425,0.08508159836988746,0.05694986979166667,0.020405242993736597,512,15,8,digits01_z_r1_q4_s0,digits01_z_r1_q4_s0__h_controlled_s2.qasm,h,controlled,interface,0,4,z,4,1,vqc-zfm-realamp,10,0,31,1,digits01,0.9722222222222222,0.6388888888888888,0.33333333333333337
0.057958984375,0.021176118507554208,0.9924204328868408,0.003301299701761541,0.007613984835281168,0.0033328272214506456,0.05694986979166667,0.020405242993736597,512,15,8,digits01_z_r1_q4_s0,digits01_z_r1_q4_s0__t_random_s10.qasm,t,random,random,3,8,z,4,1,vqc-zfm-realamp,10,0,31,1,digits01,0.9722222222222222,0.9722222222222222,0.0
0.21201171875,0.052279608604018715,0.9578635235217933,0.020929463498919543,0.04329068782725991,0.021987777216016014,0.05694986979166667,0.020405242993736597,512,15,8,digits01_z_r1_q4_s0,digits01_z_r1_q4_s0__t_idle_s11.qasm,t,idle,idle,1,5,z,4,1,vqc-zfm-realamp,10,0,31,1,digits01,0.9722222222222222,0.9722222222222222,0.0
0.06300455729166667,0.023615179147763465,0.9916068347011404,0.0034622050882236644,0.008434699405798992,0.003499183691209625,0.05694986979166667,0.020405242993736597,512,15,8,digits01_z_r1_q4_s0,digits01_z_r1_q4_s0__t_controlled_s12.qasm,t,controlled,interface,0,4,z,4,1,vqc-zfm-realamp,10,0,31,1,digits01,0.9722222222222222,0.9629629629629629,0.0092592592592593
0.7145345052083333,0.20126413676101904,0.5957639804275682,0.2820172622154209,0.7261489163015746,0.7605606732668543,0.05694986979166667,0.020405242993736597,512,15,8,digits01_z_r1_q4_s0,digits01_z_r1_q4_s0__x_random_s20.qasm,x,random,random,3,2,z,4,1,vqc-zfm-realamp,10,1,31,1,digits01,0.9722222222222222,0.9722222222222222,0.0
0.83798828125,0.06485377467848114,0.38955219590781937,0.07571122261910448,0.9610247035859099,0.1899609145609255,0.05694986979166667,0.020405242993736597,512,15,8,digits01_z_r1_q4_s0,digits01_z_r1_q4_s0__x_idle_s21.qasm,x,idle,idle,2,8,z,4,1,vqc-zfm-realamp,10,0,31,1,digits01,0.9722222222222222,0.027777777777777776,0.9444444444444444
0.6537760416666667,0.24343227099558096,0.6519815281206534,0.2569084725466813,0.5507132625966634,0.5695753626842711,0.05694986979166667,0.020405242993736597,512,15,8,digits01_z_r1_q4_s0,digits01_z_r1_q4_s0__x_controlled_s22.qasm,x,controlled,interface,0,4,z,4,1,vqc-zfm-realamp,10,0,31,1,digits01,0.9722222222222222,0.037037037037037035,0.9351851851851851
0.6427083333333333,0.24160002743325767,0.6629084420992457,0.25422977083367365,0.5314983701616238,0.5680945682331834,0.05694986979166667,0.020405242993736597,512,15,8,digits01_z_r1_q4_s0,digits01_z_r1_q4_s0__y_random_s30.qasm,y,random,random,0,2,z,4,1,vqc-zfm-realamp,10,0,31,1,digits01,0.9722222222222222,0.037037037037037035,0.9351851851851851
0.829248046875,0.1120821681665224,0.4334051053214572,0.18181671934210236,0.947315600037637,0.5029026734004226,0.05694986979166667,0.020405242993736597,512,15,8,digits01_z_r1_q4_s0,digits01_z_r1_q4_s0__y_idle_s31.qasm,y,idle,idle,1,8,z,4,1,vqc-zfm-realamp,10,1,31,1,digits01,0.9722222222222222,0.027777777777777776,0.9444444444444444
0.643896484375,0.28884534910169957,0.6422803179906246,0.25925163343937857,0.5658150771943063,0.5655943649644474,0.05694986979166667,0.020405242993736597,512,15,8,digits01_z_r1_q4_s0,digits01_z_r1_q4_s0__y_controlled_s32.qasm,y,controlled,interface,0,4,z,4,1,vqc-zfm-realamp,10,0,31,1,digits01,0.9722222222222222,0.027777777777777776,0.9444444444444444
0.8060384114583333,0.09670263426956786,0.4584313821594266,0.12648855820828467,0.8248708351203068,0.3138806370569647,0.05694986979166667,0.020405242993736597,512,15,8,digits01_z_r1_q4_s0,digits01_z_r1_q4_s0__z_random_s40.qasm,z,random,random,2,7,z,4,1,vqc-zfm-realamp,10,0,31,1,digits01,0.9722222222222222,0.027777777777777776,0.9444444444444444
0.057958984375,0.021176118507554208,0.9924204328868408,0.003301299701761541,0.007613984835281168,0.0033328272214506456,0.05694986979166667,0.020405242993736597,512,15,8,digits01_z_r1_q4_s0,digits01_z_r1_q4_s0__z_idle_s41.qasm,z,idle,idle,3,7,z,4,1,vqc-zfm-realamp,10,0,31,1,digits01,0.9722222222222222,0.9722222222222222,0.0
0.1173828125,0.050417113919546834,0.9805838182934271,0.009774061337420795,0.019657124395537868,0.010012377192107345,0.05694986979166667,0.020405242993736597,512,15,8,digits01_z_r1_q4_s0,digits01_z_r1_q4_s0__z_controlled_s42.qasm,z,controlled,interface,0,4,z,4,1,vqc-zfm-realamp,10,0,31,1,digits01,0.9722222222222222,0.9629629629629629,0.0092592592592593
0.290380859375,0.13020625710421502,0.9186888118617614,0.045009373676337484,0.08599297301628132,0.04853608185371759,0.05887044270833333,0.018968614578112806,512,15,8,digits01_z_r1_q4_s1,digits01_z_r1_q4_s1__h_random_s1000.qasm,h,random,random,0,4,z,4,1,vqc-zfm-realamp,10,0,31,1,digits01,0.9814814814814815,0.8055555555555556,0.17592592592592593
0.42848307291666665,0.08080808658190426,0.8396376460852947,0.04205083442547819,0.17604201939452624,0.05017730504911162,0.05887044270833333,0.018968614578112806,512,15,8,digits01_z_r1_q4_s1,digits01_z_r1_q4_s1__h_idle_s1001.qasm,h,idle,idle,2,8,z,4,1,vqc-zfm-realamp,10,0,31,1,digits01,0.9814814814814815,0.5833333333333334,0.39814814814814814
0.290380859375,0.13020625710421502,0.9186888118617614,0.045009373676337484,0.08599297301628132,0.04853608185371759,0.05887044270833333,0.018968614578112806,512,15,8,digits01_z_r1_q4_s1,digits01_z_r1_q4_s1__h_controlled_s1002.qasm,h,controlled,interface,0,4,z,4,1,vqc-zfm-realamp,10,0,31,1,digits01,0.9814814814814815,0.8055555555555556,0.17592592592592593
0.06061197916666667,0.020991828741558714,0.9920942422319269,0.0028740335525518773,0.007941374520400618,0.00289923846196206,0.05887044270833333,0.018968614578112806,512,15,8,digits01_z_r1_q4_s1,digits01_z_r1_q4_s1__t_random_s1010.qasm,t,random,random,2,0,z,4,1,vqc-zfm-realamp,10,1,31,1,digits01,0.9814814814814815,0.9814814814814815,0.0
0.06061197916666667,0.020991828741558714,0.9920942422319269,0.0028740335525518773,0.007941374520400618,0.00289923846196206,0.05887044270833333,0.018968614578112806,512,15,8,digits01_z_r1_q4_s1,digits01_z_r1_q4_s1__t_idle_s1011.qasm,t,idle,idle,2,8,z,4,1,vqc-zfm-realamp,10,0,31,1,digits01,0.9814814814814815,0.9814814814814815,0.0
0.07789713541666667,0.030898272201368142,0.9886364694918529,0.004057935002718685,0.01143701433827146,0.004105242080182483,0.05887044270833333,0.018968614578112806,512,15,8,digits01_z_r1_q4_s1,digits01_z_r1_q4_s1__t_controlled_s1012.qasm,t,controlled,interface,0,4,z,4,1,vqc-zfm-realamp,10,0,31,1,digits01,0.9814814814814815,0.9814814814814815,0.0
0.07921549479166666,0.025315136974899337,0.9830537006606536,0.006860029364662872,0.017115934925479772,0.006990303812213619,0.05887044270833333,0.018968614578112806,512,15,8,digits01_z_r1_q4_s1,digits01_z_r1_q4_s1__x_random_s1020.qasm,x,random,random,3,5,z,4,1,vqc-zfm-realamp,10,1,31,1,digits01,0.9814814814814815,0.9814814814814815,0.0
0.65947265625,0.2767016676705116,0.6454417567648355,0.23274807898461322,0.5165064144605531,0.42007836731797826,0.05887044270833333,0.018968614578112806,512,15,8,digits01_z_r1_q4_s1,digits01_z_r1_q4_s1__x_idle_s1021.qasm,x,idle,idle,0,5,z,4,1,vqc-zfm-realamp,10,0,31,1,digits01,0.9814814814814815,0.10185185185185185,0.8796296296296297
0.6850260416666667,0.19963681836311656,0.646382520213191,0.20930043108038737,0.5032880571877981,0.3926816641590151,0.05887044270833333,0.018968614578112806,512,15,8,digits01_z_r1_q4_s1,digits01_z_r1_q4_s1__x_controlled_s1022.qasm,x,controlled,interface,0,4,z,4,1,vqc-zfm-realamp,10,0,31,1,digits01,0.9814814814814815,0.10185185185185185,0.8796296296296297
0.25026041666666665,0.12248703176489782,0.9260914032436706,0.04542482667300645,0.07799014726874086,0.04920348831933574,0.05887044270833333,0.018968614578112806,512,15,8,digits01_z_r1_q4_s1,digits01_z_r1_q4_s1__y_random_s1030.qasm,y,random,random,1,2,z,4,1,vqc-zfm-realamp,10,0,31,1,digits01,0.9814814814814815,0.7777777777777778,0.20370370370370372
0.8154296875,0.09540170966001965,0.502217212996657,0.10357462567165483,0.7102976498808732,0.20880026650210953,0.05887044270833333,0.018968614578112806,512,15,8,digits01_z_r1_q4_s1,digits01_z_r1_q4_s1__y_idle_s1031.qasm,y,idle,idle,2,8,z,4,1,vqc-zfm-realamp,10,0,31,1,digits01,0.9814814814814815,0.018518518518518517,0.962962962962963
0.6624348958333334,0.2717362830708546,0.6429144843225296,0.23326536507653672,0.5219019649935807,0.4247480384440086,0.05887044270833333,0.018968614578112806,512,15,8,digits01_z_r1_q4_s1,digits01_z_r1_q4_s1__y_controlled_s1032.qasm,y,controlled,interface,0,4,z,4,1,vqc-zfm-realamp,10,0,31,1,digits01,0.9814814814814815,0.10185185185185185,0.8796296296296297
0.06061197916666667,0.020991828741558714,0.9920942422319269,0.0028740335525518773,0.007941374520400618,0.00289923846196206,0.05887044270833333,0.018968614578112806,512,15,8,digits01_z_r1_q4_s1,digits01_z_r1_q4_s1__z_random_s1040.qasm,z,random,random,1,8,z,4,1,vqc-zfm-realamp,10,1,31,1,digits01,0.9814814814814815,0.9814814814814815,0.0
0.06061197916666667,0.020991828741558714,0.9920942422319269,0.0028740335525518773,0.007941374520400618,0.00289923846196206,0.05887044270833333,0.018968614578112806,512,15,8,digits01_z_r1_q4_s1,digits01_z_r1_q4_s1__z_idle_s1041.qasm,z,idle,idle,2,8,z,4,1,vqc-zfm-realamp,10,0,31,1,digits01,0.9814814814814815,0.9814814814814815,0.0
0.14607747395833334,0.08002646002022369,0.9721506939267616,0.018016017862209906,0.02841805688650586,0.018684855708375248,0.05887044270833333,0.018968614578112806,512,15,8,digits01_z_r1_q4_s1,digits01_z_r1_q4_s1__z_controlled_s1042.qasm,z,controlled,interface,0,4,z,4,1,vqc-zfm-realamp,10,0,31,1,digits01,0.9814814814814815,0.9259259259259259,0.05555555555555558
0.354443359375,0.1351250967236554,0.889863260717372,0.06081237477329747,0.1190602766506749,0.06916461546382384,0.06429036458333333,0.020924559179412983,512,15,8,digits01_z_r1_q4_s2,digits01_z_r1_q4_s2__h_random_s2000.qasm,h,random,random,0,5,z,4,1,vqc-zfm-realamp,10,0,31,1,digits01,0.8981481481481481,0.4722222222222222,0.42592592592592593
0.354443359375,0.1351250967236554,0.889863260717372,0.06081237477329747,0.1190602766506749,0.06916461546382384,0.06429036458333333,0.020924559179412983,512,15,8,digits01_z_r1_q4_s2,digits01_z_r1_q4_s2__h_idle_s2001.qasm,h,idle,idle,0,5,z,4,1,vqc-zfm-realamp,10,0,31,1,digits01,0.8981481481481481,0.4722222222222222,0.42592592592592593
0.29197591145833335,0.12679903404751725,0.9036039665193988,0.053626687313862303,0.10309867207273489,0.058673489444525086,0.06429036458333333,0.020924559179412983,512,15,8,digits01_z_r1_q4_s2,digits01_z_r1_q4_s2__h_controlled_s2002.qasm,h,controlled,interface,0,4,z,4,1,vqc-zfm-realamp,10,0,31,1,digits01,0.8981481481481481,0.7962962962962963,0.10185185185185186
0.26443684895833336,0.06917082371915888,0.9254940594744769,0.011329215543123241,0.07750248122415163,0.012240367844543878,0.06429036458333333,0.020924559179412983,512,15,8,digits01_z_r1_q4_s2,digits01_z_r1_q4_s2__t_random_s2010.qasm,t,random,random,3,2,z,4,1,vqc-zfm-realamp,10,1,31,1,digits01,0.8981481481481481,0.9074074074074074,-0.0092592592592593
0.063671875,0.01911237019573182,0.9921509102249892,0.003012123851652152,0.00788467194694268,0.003039621421488993,0.06429036458333333,0.020924559179412983,512,15,8,digits01_z_r1_q4_s2,digits01_z_r1_q4_s2__t_idle_s2011.qasm,t,idle,idle,3,7,z,4,1,vqc-zfm-realamp,10,0,31,1,digits01,0.8981481481481481,0.8981481481481481,0.0
0.07421875,0.02635271593606684,0.9888608177493218,0.004615136449996832,0.011212599506811752,0.0046738600291606775,0.06429036458333333,0.020924559179412983,512,15,8,digits01_z_r1_q4_s2,digits01_z_r1_q4_s2__t_controlled_s2012.qasm,t,controlled,interface,0,4,z,4,1,vqc-zfm-realamp,10,0,31,1,digits01,0.8981481481481481,0.8981481481481481,0.0
0.7374837239583333,0.17328330317478005,0.5825730154560258,0.2074115884388721,0.6102566706570213,0.38538590752415885,0.06429036458333333,0.020924559179412983,512,15,8,digits01_z_r1_q4_s2,digits01_z_r1_q4_s2__x_random_s2020.qasm,x,random,random,0,4,z,4,1,vqc-zfm-realamp,10,0,31,1,digits01,0.8981481481481481,0.12037037037037036,0.7777777777777778
0.7293619791666667,0.17424216500364778,0.596902209002409,0.18009686924045792,0.563740585019883,0.315065673279473,0.06429036458333333,0.020924559179412983,512,15,8,digits01_z_r1_q4_s2,digits01_z_r1_q4_s2__x_idle_s2021.qasm,x,idle,idle,0,7,z,4,1,vqc-zfm-realamp,10,1,31,1,digits01,0.8981481481481481,0.10185185185185185,0.7962962962962963
0.7374837239583333,0.17328330317478005,0.5825730154560258,0.2074115884388721,0.6102566706570213,0.38538590752415885,0.06429036458333333,0.020924559179412983,512,15,8,digits01_z_r1_q4_s2,digits01_z_r1_q4_s2__x_controlled_s2022.qasm,x,controlled,interface,0,4,z,4,1,vqc-zfm-realamp,10,0,31,1,digits01,0.8981481481481481,0.12037037037037036,0.7777777777777778
0.7397786458333333,0.16923309374963807,0.5826954129892542,0.20525807021658124,0.6083285687985996,0.3800683473283532,0.06429036458333333,0.020924559179412983,512,15,8,digits01_z_r1_q4_s2,digits01_z_r1_q4_s2__y_random_s2030.qasm,y,random,random,0,3,z,4,1,vqc-zfm-realamp,10,0,31,1,digits01,0.8981481481481481,0.12037037037037036,0.7777777777777778
0.7758951822916667,0.16273030238987762,0.42962237275283915,0.2275862269160644,0.9906268109354712,0.5502161569225223,0.06429036458333333,0.020924559179412983,512,15,8,digits01_z_r1_q4_s2,digits01_z_r1_q4_s2__y_idle_s2031.qasm,y,idle,idle,2,8,z,4,1,vqc-zfm-realamp,10,0,31,1,digits01,0.8981481481481481,0.10185185185185185,0.7962962962962963
0.7416829427083333,0.17411272199151026,0.5835468160335098,0.18425629579349717,0.5933211843059237,0.3420560488433778,0.06429036458333333,0.020924559179412983,512,15,8,digits01_z_r1_q4_s2,digits01_z_r1_q4_s2__y_controlled_s2032.qasm,y,controlled,interface,0,4,z,4,1,vqc-zfm-realamp,10,0,31,1,digits01,0.8981481481481481,0.09259259259259259,0.8055555555555556
0.7452473958333333,0.16154141165275604,0.6003847763553252,0.1619178255442221,0.5434377324917461,0.25202291544494276,0.06429036458333333,0.020924559179412983,512,15,8,digits01_z_r1_q4_s2,digits01_z_r1_q4_s2__z_random_s2040.qasm,z,random,random,2,6,z,4,1,vqc-zfm-realamp,10,1,31,1,digits01,0.8981481481481481,0.10185185185185185,0.7962962962962963
0.063671875,0.01911237019573182,0.9921509102249892,0.003012123851652152,0.00788467194694268,0.003039621421488993,0.06429036458333333,0.020924559179412983,512,15,8,digits01_z_r1_q4_s2,digits01_z_r1_q4_s2__z_idle_s2041.qasm,z,idle,idle,1,8,z,4,1,vqc-zfm-realamp,10,1,31,1,digits01,0.8981481481481481,0.8981481481481481,0.0
0.10911458333333333,0.052948502703389216,0.9757887361159796,0.017019153402757302,0.024663924105100044,0.017669151249425138,0.06429036458333333,0.020924559179412983,512,15,8,digits01_z_r1_q4_s2,digits01_z_r1_q4_s2__z_controlled_s2042.qasm,z,controlled,interface,0,4,z,4,1,vqc-zfm-realamp,10,0,31,1,digits01,0.8981481481481481,0.8796296296296297,0.01851851851851849
0.3970540364583333,0.10268045677734018,0.8765179934105264,0.049596248975562585,0.13340229765615016,0.056681805824157286,0.028499348958333334,0.016118697466712698,512,15,8,digits01_z_r2_q2_s0,digits01_z_r2_q2_s0__h_random_s0.qasm,h,random,random,1,7,z,2,2,vqc-zfm-realamp,10,1,18,1,digits01,1.0,0.9907407407407407,0.0092592592592593
0.435888671875,0.11772329297273121,0.8021535961238324,0.06989760276241253,0.22406430791727405,0.08394647225283894,0.028499348958333334,0.016118697466712698,512,15,8,digits01_z_r2_q2_s0,digits01_z_r2_q2_s0__h_idle_s1.qasm,h,idle,idle,1,9,z,2,2,vqc-zfm-realamp,10,1,18,1,digits01,1.0,0.5185185185185185,0.4814814814814815
0.342919921875,0.20164784637885155,0.8774741285793262,0.10606742521340942,0.138728487954436,0.12977144707369093,0.028499348958333334,0.016118697466712698,512,15,8,digits01_z_r2_q2_s0,digits01_z_r2_q2_s0__h_controlled_s2.qasm,h,controlled,interface,0,4,z,2,2,vqc-zfm-realamp,10,1,18,1,digits01,1.0,0.6388888888888888,0.36111111111111116
0.029817708333333335,0.016793341844169637,0.9983085343154013,0.0018518633195454307,0.0016946259749995565,0.0018611739794013285,0.028499348958333334,0.016118697466712698,512,15,8,digits01_z_r2_q2_s0,digits01_z_r2_q2_s0__t_random_s10.qasm,t,random,random,1,10,z,2,2,vqc-zfm-realamp,10,1,18,1,digits01,1.0,1.0,0.0
0.029817708333333335,0.016793341844169637,0.9983085343154013,0.0018518633195454307,0.0016946259749995565,0.0018611739794013285,0.028499348958333334,0.016118697466712698,512,15,8,digits01_z_r2_q2_s0,digits01_z_r2_q2_s0__t_idle_s11.qasm,t,idle,idle,0,9,z,2,2,vqc-zfm-realamp,10,1,18,1,digits01,1.0,1.0,0.0
0.044270833333333336,0.025646414557284555,0.996103661805675,0.00304445999177225,0.003908642570670159,0.0030677544436925664,0.028499348958333334,0.016118697466712698,512,15,8,digits01_z_r2_q2_s0,digits01_z_r2_q2_s0__t_controlled_s12.qasm,t,controlled,interface,0,4,z,2,2,vqc-zfm-realamp,10,1,18,1,digits01,1.0,1.0,0.0
0.6594563802083333,0.24012594889640262,0.6680841019802137,0.19643924737770554,0.44646006291261886,0.2934158236970848,0.028499348958333334,0.016118697466712698,512,15,8,digits01_z_r2_q2_s0,digits01_z_r2_q2_s0__x_random_s20.qasm,x,random,random,1,3,z,2,2,vqc-zfm-realamp,10,1,18,1,digits01,1.0,0.9907407407407407,0.0092592592592593
0.7710774739583334,0.18692877257724572,0.42855291962241004,0.26361061264579694,1.0296014277750303,0.6053070802753747,0.028499348958333334,0.016118697466712698,512,15,8,digits01_z_r2_q2_s0,digits01_z_r2_q2_s0__x_idle_s21.qasm,x,idle,idle,1,9,z,2,2,vqc-zfm-realamp,10,1,18,1,digits01,1.0,0.0,1.0
0.64833984375,0.24666840483937993,0.6714678523533133,0.24041321791630674,0.4858088098326582,0.4587162326591149,0.028499348958333334,0.016118697466712698,512,15,8,digits01_z_r2_q2_s0,digits01_z_r2_q2_s0__x_controlled_s22.qasm,x,controlled,interface,0,4,z,2,2,vqc-zfm-realamp,10,1,18,1,digits01,1.0,0.009259259259259259,0.9907407407407407
0.6396809895833333,0.24582439988278557,0.6783622018281544,0.23910301356336333,0.4743070425621523,0.45733650098422723,0.028499348958333334,0.016118697466712698,512,15,8,digits01_z_r2_q2_s0,digits01_z_r2_q2_s0__y_random_s30.qasm,y,random,random,0,2,z,2,2,vqc-zfm-realamp,10,1,18,1,digits01,1.0,0.009259259259259259,0.9907407407407407
0.7049153645833334,0.22485431381527557,0.6182751855176561,0.21828003603023266,0.5558631117238687,0.41074267170797957,0.028499348958333334,0.016118697466712698,512,15,8,digits01_z_r2_q2_s0,digits01_z_r2_q2_s0__y_idle_s31.qasm,y,idle,idle,0,9,z,2,2,vqc-zfm-realamp,10,1,18,1,digits01,1.0,0.0,1.0
0.6928059895833333,0.22398750292642966,0.6369535778527649,0.21832821882810133,0.5293270377169893,0.4320957892278947,0.028499348958333334,0.016118697466712698,512,15,8,digits01_z_r2_q2_s0,digits01_z_r2_q2_s0__y_controlled_s32.qasm,y,controlled,interface,0,4,z,2,2,vqc-zfm-realamp,10,1,18,1,digits01,1.0,0.0,1.0
0.7405110677083333,0.2082800167524504,0.492316872156616,0.23210601710923406,0.8101360895404323,0.44207615574277775,0.028499348958333334,0.016118697466712698,512,15,8,digits01_z_r2_q2_s0,digits01_z_r2_q2_s0__z_random_s40.qasm,z,random,random,1,8,z,2,2,vqc-zfm-realamp,10,1,18,1,digits01,1.0,0.0,1.0
0.029817708333333335,0.016793341844169637,0.9983085343154013,0.0018518633195454307,0.0016946259749995565,0.0018611739794013285,0.028499348958333334,0.016118697466712698,512,15,8,digits01_z_r2_q2_s0,digits01_z_r2_q2_s0__z_idle_s41.qasm,z,idle,idle,0,9,z,2,2,vqc-zfm-realamp,10,1,18,1,digits01,1.0,1.0,0.0
0.129248046875,0.08002557286179919,0.9815251038925571,0.01741902772553423,0.01880804935616443,0.017990614037714483,0.028499348958333334,0.016118697466712698,512,15,8,digits01_z_r2_q2_s0,digits01_z_r2_q2_s0__z_controlled_s42.qasm,z,controlled,interface,0,4,z,2,2,vqc-zfm-realamp,10,1,18,1,digits01,1.0,0.9907407407407407,0.0092592592592593
0.10335286458333333,0.05819339315253373,0.9799912048874012,0.015582286568138736,0.020338807938849113,0.015967896725699367,0.031184895833333334,0.015455076465788453,512,15,8,digits01_z_r2_q2_s1,digits01_z_r2_q2_s1__h_random_s1000.qasm,h,random,random,0,5,z,2,2,vqc-zfm-realamp,10,1,18,1,digits01,0.9907407407407407,0.9722222222222222,0.01851851851851849
0.49046223958333335,0.1407161125492986,0.8037228472337432,0.06745562002515249,0.22195960189641475,0.08282489007387013,0.031184895833333334,0.015455076465788453,512,15,8,digits01_z_r2_q2_s1,digits01_z_r2_q2_s1__h_idle_s1001.qasm,h,idle,idle,1,9,z,2,2,vqc-zfm-realamp,10,1,18,1,digits01,0.9907407407407407,0.4444444444444444,0.5462962962962963
0.3795572916666667,0.19146824392875106,0.8616582269392314,0.08132678137462994,0.1533427726493532,0.09429852119479466,0.031184895833333334,0.015455076465788453,512,15,8,digits01_z_r2_q2_s1,digits01_z_r2_q2_s1__h_controlled_s1002.qasm,h,controlled,interface,0,4,z,2,2,vqc-zfm-realamp,10,1,18,1,digits01,0.9907407407407407,0.5648148148148148,0.42592592592592593
0.248388671875,0.06180062315996006,0.944552884056705,0.02555725325773294,0.05740772876880865,0.026951631001742426,0.031184895833333334,0.015455076465788453,512,15,8,digits01_z_r2_q2_s1,digits01_z_r2_q2_s1__t_random_s1010.qasm,t,random,random,1,1,z,2,2,vqc-zfm-realamp,10,1,18,1,digits01,0.9907407407407407,0.9907407407407407,0.0
0.031656901041666664,0.018210374137288474,0.9983998632538609,0.001425777698228995,0.001602439328233582,0.0014294434361097536,0.031184895833333334,0.015455076465788453,512,15,8,digits01_z_r2_q2_s1,digits01_z_r2_q2_s1__t_idle_s1011.qasm,t,idle,idle,1,9,z,2,2,vqc-zfm-realamp,10,1,18,1,digits01,0.9907407407407407,0.9907407407407407,0.0
0.043684895833333334,0.02207108067738857,0.9944283988584348,0.0035678600936381384,0.005593631872906095,0.0035941847465952277,0.031184895833333334,0.015455076465788453,512,15,8,digits01_z_r2_q2_s1,digits01_z_r2_q2_s1__t_controlled_s1012.qasm,t,controlled,interface,0,4,z,2,2,vqc-zfm-realamp,10,1,18,1,digits01,0.9907407407407407,0.9907407407407407,0.0
0.3743489583333333,0.04074215420926519,0.8695686405304502,0.07076640161536,0.14324540549687106,0.08461794770721433,0.031184895833333334,0.015455076465788453,512,15,8,digits01_z_r2_q2_s1,digits01_z_r2_q2_s1__x_random_s1020.qasm,x,random,random,1,6,z,2,2,vqc-zfm-realamp,10,1,18,1,digits01,0.9907407407407407,0.8148148148148148,0.17592592592592593
0.6948893229166667,0.22336173859058364,0.5570377349821527,0.24932415599890215,0.698944092642773,0.49638610128336114,0.031184895833333334,0.015455076465788453,512,15,8,digits01_z_r2_q2_s1,digits01_z_r2_q2_s1__x_idle_s1021.qasm,x,idle,idle,0,9,z,2,2,vqc-zfm-realamp,10,1,18,1,digits01,0.9907407407407407,0.009259259259259259,0.9814814814814814
0.6994791666666667,0.19477202780554484,0.6352111441718484,0.21320932017288938,0.524255837440918,0.4009247664347847,0.031184895833333334,0.015455076465788453,512,15,8,digits01_z_r2_q2_s1,digits01_z_r2_q2_s1__x_controlled_s1022.qasm,x,controlled,interface,0,4,z,2,2,vqc-zfm-realamp,10,1,18,1,digits01,0.9907407407407407,0.027777777777777776,0.9629629629629629
0.6778971354166666,0.19591875039651227,0.6470324149048712,0.22146962844799084,0.5165509693099464,0.44318429666899245,0.031184895833333334,0.015455076465788453,512,15,8,digits01_z_r2_q2_s1,digits01_z_r2_q2_s1__y_random_s1030.qasm,y,random,random,0,2,z,2,2,vqc-zfm-realamp,10,1,18,1,digits01,0.9907407407407407,0.027777777777777776,0.9629629629629629
0.71962890625,0.18102948158384216,0.5722931685027108,0.2063202080926473,0.6367777592650163,0.4195076011536039,0.031184895833333334,0.015455076465788453,512,15,8,digits01_z_r2_q2_s1,digits01_z_r2_q2_s1__y_idle_s1031.qasm,y,idle,idle,1,9,z,2,2,vqc-zfm-realamp,10,1,18,1,digits01,0.9907407407407407,0.009259259259259259,0.9814814814814814
0.7009928385416667,0.1807488532433744,0.6279957874574469,0.2156693452739561,0.5469852481462982,0.4447210249706421,0.031184895833333334,0.015455076465788453,512,15,8,digits01_z_r2_q2_s1,digits01_z_r2_q2_s1__y_controlled_s1032.qasm,y,controlled,interface,0,4,z,2,2,vqc-zfm-realamp,10,1,18,1,digits01,0.9907407407407407,0.009259259259259259,0.9814814814814814
0.031656901041666664,0.018210374137288474,0.9983998632538609,0.001425777698228995,0.001602439328233582,0.0014294434361097536,0.031184895833333334,0.015455076465788453,512,15,8,digits01_z_r2_q2_s1,digits01_z_r2_q2_s1__z_random_s1040.qasm,z,random,random,0,9,z,2,2,vqc-zfm-realamp,10,1,18,1,digits01,0.9907407407407407,0.9907407407407407,0.0
0.031656901041666664,0.018210374137288474,0.9983998632538609,0.001425777698228995,0.001602439328233582,0.0014294434361097536,0.031184895833333334,0.015455076465788453,512,15,8,digits01_z_r2_q2_s1,digits01_z_r2_q2_s1__z_idle_s1041.qasm,z,idle,idle,1,9,z,2,2,vqc-zfm-realamp,10,1,18,1,digits01,0.9907407407407407,0.9907407407407407,0.0
0.09401041666666667,0.045986267177652744,0.9790321661491455,0.019765056250614466,0.02139690752461613,0.020362206641918235,0.031184895833333334,0.015455076465788453,512,15,8,digits01_z_r2_q2_s1,digits01_z_r2_q2_s1__z_controlled_s1042.qasm,z,controlled,interface,0,4,z,2,2,vqc-zfm-realamp,10,1,18,1,digits01,0.9907407407407407,0.9629629629629629,0.02777777777777779
0.643896484375,0.1853339928894291,0.6911582817731606,0.12170112525023094,0.3837523374841693,0.166797572703602,0.028385416666666666,0.012903770654038063,512,15,8,digits01_z_r2_q2_s2,digits01_z_r2_q2_s2__h_random_s2000.qasm,h,random,random,0,6,z,2,2,vqc-zfm-realamp,10,1,18,1,digits01,1.0,0.018518518518518517,0.9814814814814815
0.38235677083333336,0.1537136949579717,0.877373786658928,0.072041791928098,0.13426335045908477,0.08338514144879879,0.028385416666666666,0.012903770654038063,512,15,8,digits01_z_r2_q2_s2,digits01_z_r2_q2_s2__h_idle_s2001.qasm,h,idle,idle,0,9,z,2,2,vqc-zfm-realamp,10,1,18,1,digits01,1.0,0.5277777777777778,0.4722222222222222
0.3190104166666667,0.1625261986634997,0.9059113735092641,0.05970888045609068,0.10095912625811487,0.0653033193136565,0.028385416666666666,0.012903770654038063,512,15,8,digits01_z_r2_q2_s2,digits01_z_r2_q2_s2__h_controlled_s2002.qasm,h,controlled,interface,0,4,z,2,2,vqc-zfm-realamp,10,1,18,1,digits01,1.0,0.7037037037037037,0.2962962962962963
0.09036458333333333,0.044718127540386975,0.9805674659159292,0.013478451313755342,0.019719467446276402,0.013873180253047027,0.028385416666666666,0.012903770654038063,512,15,8,digits01_z_r2_q2_s2,digits01_z_r2_q2_s2__t_random_s2010.qasm,t,random,random,1,2,z,2,2,vqc-zfm-realamp,10,1,18,1,digits01,1.0,1.0,0.0
0.026513671875,0.012806659390713716,0.9984059673727503,0.001131174942244498,0.0015959467290902764,0.0011335863170685568,0.028385416666666666,0.012903770654038063,512,15,8,digits01_z_r2_q2_s2,digits01_z_r2_q2_s2__t_idle_s2011.qasm,t,idle,idle,0,9,z,2,2,vqc-zfm-realamp,10,1,18,1,digits01,1.0,1.0,0.0
0.04111328125,0.018690991265856542,0.9964521831216712,0.0026347971990825884,0.003557630444920663,0.0026494559186761267,0.028385416666666666,0.012903770654038063,512,15,8,digits01_z_r2_q2_s2,digits01_z_r2_q2_s2__t_controlled_s2012.qasm,t,controlled,interface,0,4,z,2,2,vqc-zfm-realamp,10,1,18,1,digits01,1.0,1.0,0.0
0.208349609375,0.14122416538526056,0.9463399302320966,0.045747810024776396,0.05633920963186112,0.04887811799748248,0.028385416666666666,0.012903770654038063,512,15,8,digits01_z_r2_q2_s2,digits01_z_r2_q2_s2__x_random_s2020.qasm,x,random,random,0,5,z,2,2,vqc-zfm-realamp,10,1,18,1,digits01,1.0,0.8333333333333334,0.16666666666666663
0.8259928385416667,0.06187173845491103,0.46106126042226486,0.11018295775220134,0.8031490636513033,0.2418935932419445,0.028385416666666666,0.012903770654038063,512,15,8,digits01_z_r2_q2_s2,digits01_z_r2_q2_s2__x_idle_s2021.qasm,x,idle,idle,1,9,z,2,2,vqc-zfm-realamp,10,1,18,1,digits01,1.0,0.0,1.0
0.7341145833333333,0.17363232427909114,0.583690269011722,0.21187132849093235,0.6124240859834191,0.39874491710724413,0.028385416666666666,0.012903770654038063,512,15,8,digits01_z_r2_q2_s2,digits01_z_r2_q2_s2__x_controlled_s2022.qasm,x,controlled,interface,0,4,z,2,2,vqc-zfm-realamp,10,1,18,1,digits01,1.0,0.018518518518518517,0.9814814814814815
0.751513671875,0.13974366255910622,0.5909929599322546,0.1743651187111443,0.5775696475720998,0.3392166722637585,0.028385416666666666,0.012903770654038063,512,15,8,digits01_z_r2_q2_s2,digits01_z_r2_q2_s2__y_random_s2030.qasm,y,random,random,0,4,z,2,2,vqc-zfm-realamp,10,1,18,1,digits01,1.0,0.0,1.0
0.74736328125,0.14855730542452336,0.589736429499141,0.17578822226960353,0.5773160569471276,0.32524564041880066,0.028385416666666666,0.012903770654038063,512,15,8,digits01_z_r2_q2_s2,digits01_z_r2_q2_s2__y_idle_s2031.qasm,y,idle,idle,0,9,z,2,2,vqc-zfm-realamp,10,1,18,1,digits01,1.0,0.0,1.0
0.751513671875,0.13974366255910622,0.5909929599322546,0.1743651187111443,0.5775696475720998,0.3392166722637585,0.028385416666666666,0.012903770654038063,512,15,8,digits01_z_r2_q2_s2,digits01_z_r2_q2_s2__y_controlled_s2032.qasm,y,controlled,interface,0,4,z,2,2,vqc-zfm-realamp,10,1,18,1,digits01,1.0,0.0,1.0
0.8030598958333334,0.10356515782941982,0.4826588017692234,0.1491703047966788,0.7723955875281601,0.29054974271941136,0.028385416666666666,0.012903770654038063,512,15,8,digits01_z_r2_q2_s2,digits01_z_r2_q2_s2__z_random_s2040.qasm,z,random,random,1,7,z,2,2,vqc-zfm-realamp,10,1,18,1,digits01,1.0,0.009259259259259259,0.9907407407407407
0.026513671875,0.012806659390713716,0.9984059673727503,0.001131174942244498,0.0015959467290902764,0.0011335863170685568,0.028385416666666666,0.012903770654038063,512,15,8,digits01_z_r2_q2_s2,digits01_z_r2_q2_s2__z_idle_s2041.qasm,z,idle,idle,0,9,z,2,2,vqc-zfm-realamp,10,1,18,1,digits01,1.0,1.0,0.0
0.11163736979166666,0.0749976246069101,0.973496385005695,0.0195394515142738,0.027064047005490373,0.020179846767966126,0.028385416666666666,0.012903770654038063,512,15,8,digits01_z_r2_q2_s2,digits01_z_r2_q2_s2__z_controlled_s2042.qasm,z,controlled,interface,0,4,z,2,2,vqc-zfm-realamp,10,1,18,1,digits01,1.0,0.9814814814814815,0.01851851851851849
0.443603515625,0.1507112726092438,0.8083800619302064,0.10724720967146043,0.22256430770328278,0.14436434219851893,0.07976888020833334,0.017734754710490044,512,15,8,digits01_z_r2_q4_s0,digits01_z_r2_q4_s0__h_random_s0.qasm,h,random,random,3,7,z,4,2,vqc-zfm-realamp,13,0,38,1,digits01,1.0,0.7592592592592593,0.2407407407407407
0.38689778645833334,0.09738503870583151,0.8600684407610804,0.052150614434984394,0.15265882268648984,0.06255097510837321,0.07976888020833334,0.017734754710490044,512,15,8,digits01_z_r2_q4_s0,digits01_z_r2_q4_s0__h_idle_s1.qasm,h,idle,idle,3,9,z,4,2,vqc-zfm-realamp,13,0,38,1,digits01,1.0,0.49074074074074076,0.5092592592592593
0.34739583333333335,0.1500047753598227,0.8637166930942765,0.09154167126342981,0.15235300768460658,0.10918489810326257,0.07976888020833334,0.017734754710490044,512,15,8,digits01_z_r2_q4_s0,digits01_z_r2_q4_s0__h_controlled_s2.qasm,h,controlled,interface,0,4,z,4,2,vqc-zfm-realamp,13,0,38,1,digits01,1.0,0.5648148148148148,0.43518518518518523
0.08082682291666667,0.017774480805383127,0.9922840524024702,0.0030595139489470284,0.007750628346912763,0.00308594636912609,0.07976888020833334,0.017734754710490044,512,15,8,digits01_z_r2_q4_s0,digits01_z_r2_q4_s0__t_random_s10.qasm,t,random,random,3,10,z,4,2,vqc-zfm-realamp,13,0,38,1,digits01,1.0,1.0,0.0
0.11365559895833334,0.034336781689697754,0.9792575448358237,0.010731523478272064,0.02102106271862258,0.011015435542111585,0.07976888020833334,0.017734754710490044,512,15,8,digits01_z_r2_q4_s0,digits01_z_r2_q4_s0__t_idle_s11.qasm,t,idle,idle,0,5,z,4,2,vqc-zfm-realamp,13,0,38,1,digits01,1.0,1.0,0.0
0.11707356770833334,0.03642747935864423,0.9829990703747341,0.008438749857066923,0.017184172734430594,0.008623145540967641,0.07976888020833334,0.017734754710490044,512,15,8,digits01_z_r2_q4_s0,digits01_z_r2_q4_s0__t_controlled_s12.qasm,t,controlled,interface,0,4,z,4,2,vqc-zfm-realamp,13,0,38,1,digits01,1.0,1.0,0.0
0.54638671875,0.07847223047427093,0.7426405791673809,0.06650701111649883,0.301642244974689,0.09109283015959013,0.07976888020833334,0.017734754710490044,512,15,8,digits01_z_r2_q4_s0,digits01_z_r2_q4_s0__x_random_s20.qasm,x,random,random,3,3,z,4,2,vqc-zfm-realamp,13,1,38,1,digits01,1.0,0.14814814814814814,0.8518518518518519
0.20270182291666666,0.08216955081605588,0.953640451306563,0.03143030549767456,0.04801746490086753,0.033221398476673394,0.07976888020833334,0.017734754710490044,512,15,8,digits01_z_r2_q4_s0,digits01_z_r2_q4_s0__x_idle_s21.qasm,x,idle,idle,0,7,z,4,2,vqc-zfm-realamp,13,0,38,1,digits01,1.0,0.8981481481481481,0.10185185185185186
0.549560546875,0.22120524763823407,0.7354224237194694,0.18225613838883883,0.3431611052392566,0.2794968770964076,0.07976888020833334,0.017734754710490044,512,15,8,digits01_z_r2_q4_s0,digits01_z_r2_q4_s0__x_controlled_s22.qasm,x,controlled,interface,0,4,z,4,2,vqc-zfm-realamp,13,0,38,1,digits01,1.0,0.018518518518518517,0.9814814814814815
0.5345865885416666,0.22314590539005993,0.7460120580272981,0.18031203204358215,0.32791400006242627,0.2774313975274978,0.07976888020833334,0.017734754710490044,512,15,8,digits01_z_r2_q4_s0,digits01_z_r2_q4_s0__y_random_s30.qasm,y,random,random,0,2,z,4,2,vqc-zfm-realamp,13,0,38,1,digits01,1.0,0.027777777777777776,0.9722222222222222
0.6032389322916667,0.20275364438968008,0.7026180559260056,0.16082601259071588,0.38045794099903635,0.23829599117963557,0.07976888020833334,0.017734754710490044,512,15,8,digits01_z_r2_q4_s0,digits01_z_r2_q4_s0__y_idle_s31.qasm,y,idle,idle,0,9,z,4,2,vqc-zfm-realamp,13,1,38,1,digits01,1.0,0.0,1.0
0.6402018229166667,0.13226809554481866,0.677692879397574,0.1381752957117408,0.41366011331284597,0.2321648814002807,0.07976888020833334,0.017734754710490044,512,15,8,digits01_z_r2_q4_s0,digits01_z_r2_q4_s0__y_controlled_s32.qasm,y,controlled,interface,0,4,z,4,2,vqc-zfm-realamp,13,0,38,1,digits01,1.0,0.037037037037037035,0.962962962962963
0.4200846354166667,0.08123238527467141,0.850969880151439,0.038959832266885146,0.16242885102973645,0.04586191348826723,0.07976888020833334,0.017734754710490044,512,15,8,digits01_z_r2_q4_s0,digits01_z_r2_q4_s0__z_random_s40.qasm,z,random,random,2,9,z,4,2,vqc-zfm-realamp,13,1,38,1,digits01,1.0,0.6944444444444444,0.3055555555555556
0.08082682291666667,0.017774480805383127,0.9922840524024702,0.0030595139489470284,0.007750628346912763,0.00308594636912609,0.07976888020833334,0.017734754710490044,512,15,8,digits01_z_r2_q4_s0,digits01_z_r2_q4_s0__z_idle_s41.qasm,z,idle,idle,2,11,z,4,2,vqc-zfm-realamp,13,0,38,1,digits01,1.0,1.0,0.0
0.2754720052083333,0.15453247025259487,0.9132871294043319,0.08478952642099676,0.09550010661622041,0.10062034483846344,0.07976888020833334,0.017734754710490044,512,15,8,digits01_z_r2_q4_s0,digits01_z_r2_q4_s0__z_controlled_s42.qasm,z,controlled,interface,0,4,z,4,2,vqc-zfm-realamp,13,0,38,1,digits01,1.0,1.0,0.0
0.381396484375,0.16847028037043463,0.8484374951388278,0.10070392448819429,0.171475276573424,0.11958033067675265,0.06614583333333333,0.01739987263638981,512,15,8,digits01_z_r2_q4_s1,digits01_z_r2_q4_s1__h_random_s1000.qasm,h,random,random,0,5,z,4,2,vqc-zfm-realamp,13,0,38,1,digits01,0.9907407407407407,0.5555555555555556,0.4351851851851851
0.45498046875,0.061423038326410724,0.8183988773701051,0.049081644371923513,0.20224630197992807,0.061047397031394654,0.06614583333333333,0.01739987263638981,512,15,8,digits01_z_r2_q4_s1,digits01_z_r2_q4_s1__h_idle_s1001.qasm,h,idle,idle,2,11,z,4,2,vqc-zfm-realamp,13,0,38,1,digits01,0.9907407407407407,0.5092592592592593,0.4814814814814814
0.4207845052083333,0.18450102656652317,0.8176782899133673,0.09659500104432622,0.20800185113551348,0.1147754673139486,0.06614583333333333,0.01739987263638981,512,15,8,digits01_z_r2_q4_s1,digits01_z_r2_q4_s1__h_controlled_s1002.qasm,h,controlled,interface,0,4,z,4,2,vqc-zfm-realamp,13,0,38,1,digits01,0.9907407407407407,0.5185185185185185,0.4722222222222222
0.23536783854166668,0.04304118822539044,0.9533007867605349,0.013315485936896196,0.047922564322835634,0.013990702940265196,0.06614583333333333,0.01739987263638981,512,15,8,digits01_z_r2_q4_s1,digits01_z_r2_q4_s1__t_random_s1010.qasm,t,random,random,2,1,z,4,2,vqc-zfm-realamp,13,1,38,1,digits01,0.9907407407407407,0.9907407407407407,0.0
0.10608723958333334,0.03496310454080704,0.982964405902775,0.006056832131542815,0.017201407079744838,0.0061749688608240235,0.06614583333333333,0.01739987263638981,512,15,8,digits01_z_r2_q4_s1,digits01_z_r2_q4_s1__t_idle_s1011.qasm,t,idle,idle,0,7,z,4,2,vqc-zfm-realamp,13,0,38,1,digits01,0.9907407407407407,0.9907407407407407,0.0
0.09319661458333334,0.02615678899653523,0.9850555849150154,0.0059080528246917615,0.015075244604042666,0.006010321860274757,0.06614583333333333,0.01739987263638981,512,15,8,digits01_z_r2_q4_s1,digits01_z_r2_q4_s1__t_controlled_s1012.qasm,t,controlled,interface,0,4,z,4,2,vqc-zfm-realamp,13,0,38,1,digits01,0.9907407407407407,0.9814814814814815,0.00925925925925919
0.08614908854166667,0.027814945680145163,0.9875416467228144,0.004707501771718736,0.012547993493010978,0.004774036443196631,0.06614583333333333,0.01739987263638981,512,15,8,digits01_z_r2_q4_s1,digits01_z_r2_q4_s1__x_random_s1020.qasm,x,random,random,3,6,z,4,2,vqc-zfm-realamp,13,0,38,1,digits01,0.9907407407407407,0.9907407407407407,0.0
0.18538411458333334,0.07873685508429325,0.95181030606178,0.023558482055796835,0.04969751403056773,0.024854178411343877,0.06614583333333333,0.01739987263638981,512,15,8,digits01_z_r2_q4_s1,digits01_z_r2_q4_s1__x_idle_s1021.qasm,x,idle,idle,0,5,z,4,2,vqc-zfm-realamp,13,0,38,1,digits01,0.9907407407407407,0.9537037037037037,0.03703703703703698
0.7039713541666667,0.19701548144273878,0.6081195795263455,0.20901382083483763,0.5647885858449498,0.38228138181354526,0.06614583333333333,0.01739987263638981,512,15,8,digits01_z_r2_q4_s1,digits01_z_r2_q4_s1__x_controlled_s1022.qasm,x,controlled,interface,0,4,z,4,2,vqc-zfm-realamp,13,0,38,1,digits01,0.9907407407407407,0.027777777777777776,0.9629629629629629
0.3002115885416667,0.15303171564492274,0.9068249899852063,0.06800189804714579,0.10071070522396207,0.07686327338178577,0.06614583333333333,0.01739987263638981,512,15,8,digits01_z_r2_q4_s1,digits01_z_r2_q4_s1__y_random_s1030.qasm,y,random,random,1,3,z,4,2,vqc-zfm-realamp,13,0,38,1,digits01,0.9907407407407407,0.9907407407407407,0.0
0.7386393229166667,0.1782330428860754,0.5309388148428142,0.2093526730606189,0.7288430359129524,0.46623653538789867,0.06614583333333333,0.01739987263638981,512,15,8,digits01_z_r2_q4_s1,digits01_z_r2_q4_s1__y_idle_s1031.qasm,y,idle,idle,2,11,z,4,2,vqc-zfm-realamp,13,0,38,1,digits01,0.9907407407407407,0.009259259259259259,0.9814814814814814
0.6730631510416667,0.1734440791779041,0.6434725215028311,0.18484867885653405,0.4916732651565843,0.33797656402253484,0.06614583333333333,0.01739987263638981,512,15,8,digits01_z_r2_q4_s1,digits01_z_r2_q4_s1__y_controlled_s1032.qasm,y,controlled,interface,0,4,z,4,2,vqc-zfm-realamp,13,0,38,1,digits01,0.9907407407407407,0.009259259259259259,0.9814814814814814
0.6730143229166666,0.10118544269512658,0.631383415230804,0.0919552572128285,0.4714960683485752,0.156512610834109,0.06614583333333333,0.01739987263638981,512,15,8,digits01_z_r2_q4_s1,digits01_z_r2_q4_s1__z_random_s1040.qasm,z,random,random,1,10,z,4,2,vqc-zfm-realamp,13,1,38,1,digits01,0.9907407407407407,0.018518518518518517,0.9722222222222222
0.0712890625,0.020742089414394576,0.9914393261285714,0.0032935650530584197,0.008603056032105863,0.003327095002981435,0.06614583333333333,0.01739987263638981,512,15,8,digits01_z_r2_q4_s1,digits01_z_r2_q4_s1__z_idle_s1041.qasm,z,idle,idle,2,11,z,4,2,vqc-zfm-realamp,13,0,38,1,digits01,0.9907407407407407,0.9907407407407407,0.0
0.17703450520833333,0.07315219985517638,0.9549203351841395,0.0229127220479183,0.046417276769866796,0.024123562634747624,0.06614583333333333,0.01739987263638981,512,15,8,digits01_z_r2_q4_s1,digits01_z_r2_q4_s1__z_controlled_s1042.qasm,z,controlled,interface,0,4,z,4,2,vqc-zfm-realamp,13,0,38,1,digits01,0.9907407407407407,0.9722222222222222,0.01851851851851849
0.46162109375,0.033205662050743545,0.7877346124166809,0.045906551181839055,0.24029272492274326,0.058307533746760766,0.07058919270833333,0.019198493240979386,512,15,8,digits01_z_r2_q4_s2,digits01_z_r2_q4_s2__h_random_s2000.qasm,h,random,random,0,6,z,4,2,vqc-zfm-realamp,13,0,38,1,digits01,0.9166666666666666,0.8796296296296297,0.03703703703703698
0.584033203125,0.15933168358660316,0.7109482966618473,0.15481088419358546,0.368166514928758,0.240249249787708,0.07058919270833333,0.019198493240979386,512,15,8,digits01_z_r2_q4_s2,digits01_z_r2_q4_s2__h_idle_s2001.qasm,h,idle,idle,0,5,z,4,2,vqc-zfm-realamp,13,0,38,1,digits01,0.9166666666666666,0.12962962962962962,0.787037037037037
0.30934244791666665,0.11482154360461273,0.900350350239657,0.053376350117919635,0.106724277805406,0.059178893993937956,0.07058919270833333,0.019198493240979386,512,15,8,digits01_z_r2_q4_s2,digits01_z_r2_q4_s2__h_controlled_s2002.qasm,h,controlled,interface,0,4,z,4,2,vqc-zfm-realamp,13,0,38,1,digits01,0.9166666666666666,0.6851851851851852,0.2314814814814814
0.25146484375,0.0947944109732528,0.9371351732376672,0.025828944985104615,0.06530396366798158,0.02736627702143241,0.07058919270833333,0.019198493240979386,512,15,8,digits01_z_r2_q4_s2,digits01_z_r2_q4_s2__t_random_s2010.qasm,t,random,random,3,2,z,4,2,vqc-zfm-realamp,13,1,38,1,digits01,0.9166666666666666,0.9074074074074074,0.00925925925925919
0.073388671875,0.020576927341375725,0.9918795142676013,0.003024056320049407,0.008158289703470488,0.00305157322436865,0.07058919270833333,0.019198493240979386,512,15,8,digits01_z_r2_q4_s2,digits01_z_r2_q4_s2__t_idle_s2011.qasm,t,idle,idle,3,9,z,4,2,vqc-zfm-realamp,13,0,38,1,digits01,0.9166666666666666,0.9166666666666666,0.0
0.10320638020833334,0.035869674440925994,0.9852792694687942,0.005625373862559951,0.014846487747932539,0.005718188378100347,0.07058919270833333,0.019198493240979386,512,15,8,digits01_z_r2_q4_s2,digits01_z_r2_q4_s2__t_controlled_s2012.qasm,t,controlled,interface,0,4,z,4,2,vqc-zfm-realamp,13,0,38,1,digits01,0.9166666666666666,0.9074074074074074,0.00925925925925919
0.53447265625,0.18605632671536712,0.758799356242143,0.11432765776224335,0.2868626949935951,0.14570767368609583,0.07058919270833333,0.019198493240979386,512,15,8,digits01_z_r2_q4_s2,digits01_z_r2_q4_s2__x_random_s2020.qasm,x,random,random,0,5,z,4,2,vqc-zfm-realamp,13,0,38,1,digits01,0.9166666666666666,0.24074074074074073,0.6759259259259259
0.6244791666666667,0.15739342637812562,0.6663987786993854,0.15865986821038416,0.43915160990630553,0.26952878980130124,0.07058919270833333,0.019198493240979386,512,15,8,digits01_z_r2_q4_s2,digits01_z_r2_q4_s2__x_idle_s2021.qasm,x,idle,idle,0,9,z,4,2,vqc-zfm-realamp,13,1,38,1,digits01,0.9166666666666666,0.08333333333333333,0.8333333333333333
0.61630859375,0.15393711561598228,0.6843238457666249,0.1703881377849415,0.4165902583550524,0.2863799921031868,0.07058919270833333,0.019198493240979386,512,15,8,digits01_z_r2_q4_s2,digits01_z_r2_q4_s2__x_controlled_s2022.qasm,x,controlled,interface,0,4,z,4,2,vqc-zfm-realamp,13,0,38,1,digits01,0.9166666666666666,0.12037037037037036,0.7962962962962963
0.6143880208333333,0.1623844094262013,0.6763533770305155,0.15632257435713826,0.4221463967788161,0.2599605985819186,0.07058919270833333,0.019198493240979386,512,15,8,digits01_z_r2_q4_s2,digits01_z_r2_q4_s2__y_random_s2030.qasm,y,random,random,0,4,z,4,2,vqc-zfm-realamp,13,0,38,1,digits01,0.9166666666666666,0.09259259259259259,0.8240740740740741
0.6333984375,0.15797380821010693,0.6647829463766919,0.1571870999694568,0.44043252770992675,0.26320452682872986,0.07058919270833333,0.019198493240979386,512,15,8,digits01_z_r2_q4_s2,digits01_z_r2_q4_s2__y_idle_s2031.qasm,y,idle,idle,1,11,z,4,2,vqc-zfm-realamp,13,1,38,1,digits01,0.9166666666666666,0.08333333333333333,0.8333333333333333
0.6143880208333333,0.1623844094262013,0.6763533770305155,0.15632257435713826,0.4221463967788161,0.2599605985819186,0.07058919270833333,0.019198493240979386,512,15,8,digits01_z_r2_q4_s2,digits01_z_r2_q4_s2__y_controlled_s2032.qasm,y,controlled,interface,0,4,z,4,2,vqc-zfm-realamp,13,0,38,1,digits01,0.9166666666666666,0.09259259259259259,0.8240740740740741
0.6545084635416667,0.11678065113239253,0.6311401409386981,0.09769781469035108,0.4716083084159325,0.1491310210000711,0.07058919270833333,0.019198493240979386,512,15,8,digits01_z_r2_q4_s2,digits01_z_r2_q4_s2__z_random_s2040.qasm,z,random,random,2,8,z,4,2,vqc-zfm-realamp,13,1,38,1,digits01,0.9166666666666666,0.24074074074074073,0.6759259259259259
0.073388671875,0.020576927341375725,0.9918795142676013,0.003024056320049407,0.008158289703470488,0.00305157322436865,0.07058919270833333,0.019198493240979386,512,15,8,digits01_z_r2_q4_s2,digits01_z_r2_q4_s2__z_idle_s2041.qasm,z,idle,idle,0,9,z,4,2,vqc-zfm-realamp,13,1,38,1,digits01,0.9166666666666666,0.9166666666666666,0.0
0.16912434895833334,0.08414980974503908,0.9572358654064094,0.030129355521739214,0.044210249481561416,0.03192605452216436,0.07058919270833333,0.019198493240979386,512,15,8,digits01_z_r2_q4_s2,digits01_z_r2_q4_s2__z_controlled_s2042.qasm,z,controlled,interface,0,4,z,4,2,vqc-zfm-realamp,13,0,38,1,digits01,0.9166666666666666,0.8796296296296297,0.03703703703703698
0.8113444010416667,0.09696647536415279,0.5410727111659035,0.11511661137674054,0.6343663563440409,0.19537883146306326,0.024495442708333332,0.014052314366165662,512,15,8,digits01_z_r3_q2_s0,digits01_z_r3_q2_s0__h_random_s0.qasm,h,random,random,1,8,z,2,3,vqc-zfm-realamp,12,1,21,1,digits01,1.0,0.8796296296296297,0.12037037037037035
0.48468424479166666,0.12277453011656927,0.7864328453703566,0.07512221334330708,0.24457445259450541,0.09185012521773397,0.024495442708333332,0.014052314366165662,512,15,8,digits01_z_r3_q2_s0,digits01_z_r3_q2_s0__h_idle_s1.qasm,h,idle,idle,1,11,z,2,3,vqc-zfm-realamp,12,1,21,1,digits01,1.0,0.46296296296296297,0.537037037037037
0.34811197916666664,0.20771842235676252,0.8668123231500932,0.1194082760984419,0.153574440847075,0.150337210257768,0.024495442708333332,0.014052314366165662,512,15,8,digits01_z_r3_q2_s0,digits01_z_r3_q2_s0__h_controlled_s2.qasm,h,controlled,interface,0,4,z,2,3,vqc-zfm-realamp,12,1,21,1,digits01,1.0,0.6388888888888888,0.36111111111111116
0.027001953125,0.01425393805269872,0.998450295594601,0.0011812405313779636,0.0015516069437401779,0.0011839266692593039,0.024495442708333332,0.014052314366165662,512,15,8,digits01_z_r3_q2_s0,digits01_z_r3_q2_s0__t_random_s10.qasm,t,random,random,1,12,z,2,3,vqc-zfm-realamp,12,1,21,1,digits01,1.0,1.0,0.0
0.027001953125,0.01425393805269872,0.998450295594601,0.0011812405313779636,0.0015516069437401779,0.0011839266692593039,0.024495442708333332,0.014052314366165662,512,15,8,digits01_z_r3_q2_s0,digits01_z_r3_q2_s0__t_idle_s11.qasm,t,idle,idle,0,11,z,2,3,vqc-zfm-realamp,12,1,21,1,digits01,1.0,1.0,0.0
0.044759114583333336,0.03496092234539554,0.9964021966994555,0.003505419502070149,0.003610506146746428,0.0035294826825954793,0.024495442708333332,0.014052314366165662,512,15,8,digits01_z_r3_q2_s0,digits01_z_r3_q2_s0__t_controlled_s12.qasm,t,controlled,interface,0,4,z,2,3,vqc-zfm-realamp,12,1,21,1,digits01,1.0,1.0,0.0
0.8355794270833333,0.02985895627154763,0.5350921050751438,0.04688106785181932,0.62919366444965,0.08833630055609065,0.024495442708333332,0.014052314366165662,512,15,8,digits01_z_r3_q2_s0,digits01_z_r3_q2_s0__x_random_s20.qasm,x,random,random,1,3,z,2,3,vqc-zfm-realamp,12,1,21,1,digits01,1.0,0.9814814814814815,0.01851851851851849
0.8571940104166667,0.05278871099542482,0.37809496802221015,0.12353570879464429,1.0327976300064068,0.35898762619972757,0.024495442708333332,0.014052314366165662,512,15,8,digits01_z_r3_q2_s0,digits01_z_r3_q2_s0__x_idle_s21.qasm,x,idle,idle,1,11,z,2,3,vqc-zfm-realamp,12,1,21,1,digits01,1.0,0.0,1.0
0.6500162760416667,0.246103992820865,0.6636037583338826,0.23791197849234128,0.4934207308519195,0.4406883849427468,0.024495442708333332,0.014052314366165662,512,15,8,digits01_z_r3_q2_s0,digits01_z_r3_q2_s0__x_controlled_s22.qasm,x,controlled,interface,0,4,z,2,3,vqc-zfm-realamp,12,1,21,1,digits01,1.0,0.018518518518518517,0.9814814814814815
0.6301432291666667,0.24382439589270713,0.6829350748144087,0.2341914741612058,0.4610409726130755,0.43613267899031605,0.024495442708333332,0.014052314366165662,512,15,8,digits01_z_r3_q2_s0,digits01_z_r3_q2_s0__y_random_s30.qasm,y,random,random,0,3,z,2,3,vqc-zfm-realamp,12,1,21,1,digits01,1.0,0.018518518518518517,0.9814814814814815
0.7150553385416667,0.22040387446414803,0.6034541728031234,0.2147592197658675,0.5834219534946877,0.42214227628504525,0.024495442708333332,0.014052314366165662,512,15,8,digits01_z_r3_q2_s0,digits01_z_r3_q2_s0__y_idle_s31.qasm,y,idle,idle,0,11,z,2,3,vqc-zfm-realamp,12,1,21,1,digits01,1.0,0.0,1.0
0.7033854166666667,0.21116041422004952,0.625009729085486,0.2059525843532649,0.5400809787072544,0.40458932799316266,0.024495442708333332,0.014052314366165662,512,15,8,digits01_z_r3_q2_s0,digits01_z_r3_q2_s0__y_controlled_s32.qasm,y,controlled,interface,0,4,z,2,3,vqc-zfm-realamp,12,1,21,1,digits01,1.0,0.0,1.0
0.8244466145833333,0.06621169768440614,0.5379305201784143,0.08307269032620797,0.6305265259285442,0.1405180553696467,0.024495442708333332,0.014052314366165662,512,15,8,digits01_z_r3_q2_s0,digits01_z_r3_q2_s0__z_random_s40.qasm,z,random,random,1,9,z,2,3,vqc-zfm-realamp,12,1,21,1,digits01,1.0,0.8796296296296297,0.12037037037037035
0.027001953125,0.01425393805269872,0.998450295594601,0.0011812405313779636,0.0015516069437401779,0.0011839266692593039,0.024495442708333332,0.014052314366165662,512,15,8,digits01_z_r3_q2_s0,digits01_z_r3_q2_s0__z_idle_s41.qasm,z,idle,idle,0,11,z,2,3,vqc-zfm-realamp,12,1,21,1,digits01,1.0,1.0,0.0
0.15182291666666667,0.12190424467726381,0.9696839236177512,0.030751200871901217,0.031304026974799774,0.0324712110478331,0.024495442708333332,0.014052314366165662,512,15,8,digits01_z_r3_q2_s0,digits01_z_r3_q2_s0__z_controlled_s42.qasm,z,controlled,interface,0,4,z,2,3,vqc-zfm-realamp,12,1,21,1,digits01,1.0,0.9814814814814815,0.01851851851851849
0.6251953125,0.1402130649140484,0.707040462182738,0.13566073388088393,0.36607031922445543,0.1997842892968091,0.026139322916666666,0.015441186324922876,512,15,8,digits01_z_r3_q2_s1,digits01_z_r3_q2_s1__h_random_s1000.qasm,h,random,random,0,6,z,2,3,vqc-zfm-realamp,12,1,21,1,digits01,0.9907407407407407,0.18518518518518517,0.8055555555555556
0.431396484375,0.18983255779832478,0.8353483423335211,0.09039512826959305,0.1855282311148857,0.10497862544474595,0.026139322916666666,0.015441186324922876,512,15,8,digits01_z_r3_q2_s1,digits01_z_r3_q2_s1__h_idle_s1001.qasm,h,idle,idle,1,11,z,2,3,vqc-zfm-realamp,12,1,21,1,digits01,0.9907407407407407,0.46296296296296297,0.5277777777777777
0.3785807291666667,0.18858318398638724,0.8552280688726286,0.09277410900683403,0.1623291181530577,0.10934374719406205,0.026139322916666666,0.015441186324922876,512,15,8,digits01_z_r3_q2_s1,digits01_z_r3_q2_s1__h_controlled_s1002.qasm,h,controlled,interface,0,4,z,2,3,vqc-zfm-realamp,12,1,21,1,digits01,0.9907407407407407,0.5648148148148148,0.42592592592592593
0.24443359375,0.06745243327410792,0.9498948781897567,0.023054600416107098,0.051697848495818495,0.0242320566187474,0.026139322916666666,0.015441186324922876,512,15,8,digits01_z_r3_q2_s1,digits01_z_r3_q2_s1__t_random_s1010.qasm,t,random,random,1,1,z,2,3,vqc-zfm-realamp,12,1,21,1,digits01,0.9907407407407407,0.9907407407407407,0.0
0.03115234375,0.017145741916318544,0.9982588939776844,0.0014793011310807217,0.0017437232895731098,0.0014836980602604658,0.026139322916666666,0.015441186324922876,512,15,8,digits01_z_r3_q2_s1,digits01_z_r3_q2_s1__t_idle_s1011.qasm,t,idle,idle,1,11,z,2,3,vqc-zfm-realamp,12,1,21,1,digits01,0.9907407407407407,0.9907407407407407,0.0
0.055192057291666666,0.03223790030330943,0.9932014659251979,0.005197922786553066,0.006835486423445831,0.005245622508814522,0.026139322916666666,0.015441186324922876,512,15,8,digits01_z_r3_q2_s1,digits01_z_r3_q2_s1__t_controlled_s1012.qasm,t,controlled,interface,0,4,z,2,3,vqc-zfm-realamp,12,1,21,1,digits01,0.9907407407407407,0.9907407407407407,0.0
0.5652669270833334,0.13821483868390963,0.754344908704086,0.11183092326573424,0.2928700488270232,0.1480386167219335,0.026139322916666666,0.015441186324922876,512,15,8,digits01_z_r3_q2_s1,digits01_z_r3_q2_s1__x_random_s1020.qasm,x,random,random,1,7,z,2,3,vqc-zfm-realamp,12,1,21,1,digits01,0.9907407407407407,0.5740740740740741,0.41666666666666663
0.7431966145833333,0.22949689480618443,0.47028160794710494,0.28631475426495906,0.9394141551252646,0.6062601631044019,0.026139322916666666,0.015441186324922876,512,15,8,digits01_z_r3_q2_s1,digits01_z_r3_q2_s1__x_idle_s1021.qasm,x,idle,idle,0,11,z,2,3,vqc-zfm-realamp,12,1,21,1,digits01,0.9907407407407407,0.009259259259259259,0.9814814814814814
0.6957194010416666,0.2013380267783542,0.6414916299035743,0.2137432793031186,0.5142099417198529,0.4016512962351242,0.026139322916666666,0.015441186324922876,512,15,8,digits01_z_r3_q2_s1,digits01_z_r3_q2_s1__x_controlled_s1022.qasm,x,controlled,interface,0,4,z,2,3,vqc-zfm-realamp,12,1,21,1,digits01,0.9907407407407407,0.037037037037037035,0.9537037037037037
0.67861328125,0.2037114758726707,0.6557868433299148,0.21056009819363558,0.48746942963251527,0.38803724954943647,0.026139322916666666,0.015441186324922876,512,15,8,digits01_z_r3_q2_s1,digits01_z_r3_q2_s1__y_random_s1030.qasm,y,random,random,0,3,z,2,3,vqc-zfm-realamp,12,1,21,1,digits01,0.9907407407407407,0.037037037037037035,0.9537037037037037
0.7345377604166666,0.16258921660195724,0.5926357484383793,0.19625617162148243,0.6012071163006918,0.4354632780523336,0.026139322916666666,0.015441186324922876,512,15,8,digits01_z_r3_q2_s1,digits01_z_r3_q2_s1__y_idle_s1031.qasm,y,idle,idle,1,11,z,2,3,vqc-zfm-realamp,12,1,21,1,digits01,0.9907407407407407,0.009259259259259259,0.9814814814814814
0.7056477864583334,0.18387704550196546,0.629236425342032,0.19391010664536348,0.5239925322375757,0.3739202779041368,0.026139322916666666,0.015441186324922876,512,15,8,digits01_z_r3_q2_s1,digits01_z_r3_q2_s1__y_controlled_s1032.qasm,y,controlled,interface,0,4,z,2,3,vqc-zfm-realamp,12,1,21,1,digits01,0.9907407407407407,0.009259259259259259,0.9814814814814814
0.728515625,0.24397494378185514,0.47889110571661164,0.2905492490167314,0.9182406374024843,0.5996189086072021,0.026139322916666666,0.015441186324922876,512,15,8,digits01_z_r3_q2_s1,digits01_z_r3_q2_s1__z_random_s1040.qasm,z,random,random,0,10,z,2,3,vqc-zfm-realamp,12,1,21,1,digits01,0.9907407407407407,0.009259259259259259,0.9814814814814814
0.03115234375,0.017145741916318544,0.9982588939776844,0.0014793011310807217,0.0017437232895731098,0.0014836980602604658,0.026139322916666666,0.015441186324922876,512,15,8,digits01_z_r3_q2_s1,digits01_z_r3_q2_s1__z_idle_s1041.qasm,z,idle,idle,1,11,z,2,3,vqc-zfm-realamp,12,1,21,1,digits01,0.9907407407407407,0.9907407407407407,0.0
0.13058268229166667,0.09170169594510402,0.9713693584651428,0.02333611102257118,0.029341942057739653,0.024328896076344954,0.026139322916666666,0.015441186324922876,512,15,8,digits01_z_r3_q2_s1,digits01_z_r3_q2_s1__z_controlled_s1042.qasm,z,controlled,interface,0,4,z,2,3,vqc-zfm-realamp,12,1,21,1,digits01,0.9907407407407407,0.9722222222222222,0.01851851851851849
0.714306640625,0.10133844554913753,0.6467213385326047,0.11463694620600773,0.45399957559037624,0.19768457989047222,0.026871744791666666,0.015260635738948555,512,15,8,digits01_z_r3_q2_s2,digits01_z_r3_q2_s2__h_random_s2000.qasm,h,random,random,0,7,z,2,3,vqc-zfm-realamp,12,1,21,1,digits01,1.0,0.5833333333333334,0.41666666666666663
0.4283854166666667,0.0866398021436103,0.8302924624928452,0.04365405991167843,0.18734534965285635,0.05218275533052143,0.026871744791666666,0.015260635738948555,512,15,8,digits01_z_r3_q2_s2,digits01_z_r3_q2_s2__h_idle_s2001.qasm,h,idle,idle,0,11,z,2,3,vqc-zfm-realamp,12,1,21,1,digits01,1.0,0.5925925925925926,0.40740740740740744
0.29949544270833334,0.15154087309987485,0.9144799707336463,0.05374858957462965,0.09110722773081256,0.058270961348005884,0.026871744791666666,0.015260635738948555,512,15,8,digits01_z_r3_q2_s2,digits01_z_r3_q2_s2__h_controlled_s2002.qasm,h,controlled,interface,0,4,z,2,3,vqc-zfm-realamp,12,1,21,1,digits01,1.0,0.7314814814814815,0.2685185185185185
0.06844075520833333,0.024767488502431403,0.9931316292032705,0.0038631929609994646,0.006899641792438658,0.003893567005682945,0.026871744791666666,0.015260635738948555,512,15,8,digits01_z_r3_q2_s2,digits01_z_r3_q2_s2__t_random_s2010.qasm,t,random,random,1,3,z,2,3,vqc-zfm-realamp,12,1,21,1,digits01,1.0,1.0,0.0
0.026139322916666666,0.014109403778944287,0.9983819103844378,0.0012648073276455834,0.001620203267903258,0.0012676480473416938,0.026871744791666666,0.015260635738948555,512,15,8,digits01_z_r3_q2_s2,digits01_z_r3_q2_s2__t_idle_s2011.qasm,t,idle,idle,0,11,z,2,3,vqc-zfm-realamp,12,1,21,1,digits01,1.0,1.0,0.0
0.041650390625,0.020223982215046607,0.9962091100177889,0.002823455637723786,0.003802119327938068,0.002839158347117608,0.026871744791666666,0.015260635738948555,512,15,8,digits01_z_r3_q2_s2,digits01_z_r3_q2_s2__t_controlled_s2012.qasm,t,controlled,interface,0,4,z,2,3,vqc-zfm-realamp,12,1,21,1,digits01,1.0,1.0,0.0
0.7345540364583333,0.08943094555130143,0.6242508923834352,0.10473745057733971,0.4871241732380129,0.18406815669384144,0.026871744791666666,0.015260635738948555,512,15,8,digits01_z_r3_q2_s2,digits01_z_r3_q2_s2__x_random_s2020.qasm,x,random,random,0,6,z,2,3,vqc-zfm-realamp,12,1,21,1,digits01,1.0,0.5462962962962963,0.4537037037037037
0.7635416666666667,0.15158454935635718,0.5862578411728525,0.176417427694788,0.5844903794410232,0.33034098312187216,0.026871744791666666,0.015260635738948555,512,15,8,digits01_z_r3_q2_s2,digits01_z_r3_q2_s2__x_idle_s2021.qasm,x,idle,idle,1,11,z,2,3,vqc-zfm-realamp,12,1,21,1,digits01,1.0,0.0,1.0
0.74130859375,0.17503183166192945,0.5864486843204536,0.20851260899619334,0.6041097272376895,0.38791372874502583,0.026871744791666666,0.015260635738948555,512,15,8,digits01_z_r3_q2_s2,digits01_z_r3_q2_s2__x_controlled_s2022.qasm,x,controlled,interface,0,4,z,2,3,vqc-zfm-realamp,12,1,21,1,digits01,1.0,0.009259259259259259,0.9907407407407407
0.7627766927083334,0.14866024949888348,0.5850380201465655,0.17523655129571045,0.5867290967163429,0.331971448511491,0.026871744791666666,0.015260635738948555,512,15,8,digits01_z_r3_q2_s2,digits01_z_r3_q2_s2__y_random_s2030.qasm,y,random,random,0,5,z,2,3,vqc-zfm-realamp,12,1,21,1,digits01,1.0,0.0,1.0
0.8358072916666667,0.0877508050652815,0.4066516830802929,0.14681896714417952,0.9608170693453875,0.34406768176893754,0.026871744791666666,0.015260635738948555,512,15,8,digits01_z_r3_q2_s2,digits01_z_r3_q2_s2__y_idle_s2031.qasm,y,idle,idle,0,11,z,2,3,vqc-zfm-realamp,12,1,21,1,digits01,1.0,0.0,1.0
0.7627766927083334,0.14866024949888348,0.5850380201465655,0.17523655129571045,0.5867290967163429,0.331971448511491,0.026871744791666666,0.015260635738948555,512,15,8,digits01_z_r3_q2_s2,digits01_z_r3_q2_s2__y_controlled_s2032.qasm,y,controlled,interface,0,4,z,2,3,vqc-zfm-realamp,12,1,21,1,digits01,1.0,0.0,1.0
0.7068522135416667,0.11355872419825691,0.6436695163111624,0.10264665194097344,0.452888901786014,0.15577022277171937,0.026871744791666666,0.015260635738948555,512,15,8,digits01_z_r3_q2_s2,digits01_z_r3_q2_s2__z_random_s2040.qasm,z,random,random,1,8,z,2,3,vqc-zfm-realamp,12,1,21,1,digits01,1.0,0.0,1.0
0.026139322916666666,0.014109403778944287,0.9983819103844378,0.0012648073276455834,0.001620203267903258,0.0012676480473416938,0.026871744791666666,0.015260635738948555,512,15,8,digits01_z_r3_q2_s2,digits01_z_r3_q2_s2__z_idle_s2041.qasm,z,idle,idle,0,11,z,2,3,vqc-zfm-realamp,12,1,21,1,digits01,1.0,1.0,0.0
0.10877278645833334,0.07224573726611365,0.9772231581553915,0.015340078081334505,0.023164098903570466,0.0157598781671566,0.026871744791666666,0.015260635738948555,512,15,8,digits01_z_r3_q2_s2,digits01_z_r3_q2_s2__z_controlled_s2042.qasm,z,controlled,interface,0,4,z,2,3,vqc-zfm-realamp,12,1,21,1,digits01,1.0,0.9907407407407407,0.0092592592592593
0.692724609375,0.05880018025627966,0.6516535984372157,0.05056762573276887,0.43115831056859183,0.07580596087759064,0.06455078125,0.01756699951744459,512,15,8,digits01_z_r3_q4_s0,digits01_z_r3_q4_s0__h_random_s0.qasm,h,random,random,3,8,z,4,3,vqc-zfm-realamp,16,0,45,1,digits01,1.0,1.0,0.0
0.43011067708333334,0.08112101301372901,0.8208088415954333,0.04880416527705018,0.19919134048411266,0.05842000066518286,0.06455078125,0.01756699951744459,512,15,8,digits01_z_r3_q4_s0,digits01_z_r3_q4_s0__h_idle_s1.qasm,h,idle,idle,2,14,z,4,3,vqc-zfm-realamp,16,0,45,1,digits01,1.0,0.5185185185185185,0.4814814814814815
0.35760091145833334,0.17804495740081688,0.8630946019974743,0.09131299484142395,0.15289489848414647,0.10675124678018076,0.06455078125,0.01756699951744459,512,15,8,digits01_z_r3_q4_s0,digits01_z_r3_q4_s0__h_controlled_s2.qasm,h,controlled,interface,0,4,z,4,3,vqc-zfm-realamp,16,0,45,1,digits01,1.0,0.5648148148148148,0.43518518518518523
0.06319986979166667,0.017646344462336566,0.9915899770055873,0.00350414981407997,0.008451843489755192,0.00353922067459404,0.06455078125,0.01756699951744459,512,15,8,digits01_z_r3_q4_s0,digits01_z_r3_q4_s0__t_random_s10.qasm,t,random,random,3,12,z,4,3,vqc-zfm-realamp,16,0,45,1,digits01,1.0,1.0,0.0
0.095556640625,0.041554742533731065,0.9808526232419774,0.01686357679831903,0.019484445270827058,0.017505081547691988,0.06455078125,0.01756699951744459,512,15,8,digits01_z_r3_q4_s0,digits01_z_r3_q4_s0__t_idle_s11.qasm,t,idle,idle,0,5,z,4,3,vqc-zfm-realamp,16,0,45,1,digits01,1.0,1.0,0.0
0.08234049479166666,0.03186348085719075,0.9877276216762073,0.005704787935988524,0.012365065372036271,0.005796567631695204,0.06455078125,0.01756699951744459,512,15,8,digits01_z_r3_q4_s0,digits01_z_r3_q4_s0__t_controlled_s12.qasm,t,controlled,interface,0,4,z,4,3,vqc-zfm-realamp,16,0,45,1,digits01,1.0,1.0,0.0
0.5170735677083333,0.11277542190617537,0.7530612810181173,0.0690223912023495,0.28787274484299513,0.0927193776537383,0.06455078125,0.01756699951744459,512,15,8,digits01_z_r3_q4_s0,digits01_z_r3_q4_s0__x_random_s20.qasm,x,random,random,3,3,z,4,3,vqc-zfm-realamp,16,1,45,1,digits01,1.0,1.0,0.0
0.063427734375,0.01777408584697732,0.9915854444050723,0.0033972776932614398,0.008456036265985714,0.0034301979784820526,0.06455078125,0.01756699951744459,512,15,8,digits01_z_r3_q4_s0,digits01_z_r3_q4_s0__x_idle_s21.qasm,x,idle,idle,3,9,z,4,3,vqc-zfm-realamp,16,0,45,1,digits01,1.0,1.0,0.0
0.6451497395833333,0.242542422976459,0.6493154955496823,0.24143379436160292,0.5162806863249384,0.43487523540753575,0.06455078125,0.01756699951744459,512,15,8,digits01_z_r3_q4_s0,digits01_z_r3_q4_s0__x_controlled_s22.qasm,x,controlled,interface,0,4,z,4,3,vqc-zfm-realamp,16,0,45,1,digits01,1.0,0.0,1.0
0.6127604166666667,0.23703457027493974,0.6845235353617184,0.2286307981762059,0.4524059952206843,0.4145331707391493,0.06455078125,0.01756699951744459,512,15,8,digits01_z_r3_q4_s0,digits01_z_r3_q4_s0__y_random_s30.qasm,y,random,random,0,3,z,4,3,vqc-zfm-realamp,16,0,45,1,digits01,1.0,0.0,1.0
0.872314453125,0.07022612175630052,0.3067661738640421,0.12580284717751555,1.2767890617342468,0.4566761536489462,0.06455078125,0.01756699951744459,512,15,8,digits01_z_r3_q4_s0,digits01_z_r3_q4_s0__y_idle_s31.qasm,y,idle,idle,3,11,z,4,3,vqc-zfm-realamp,16,0,45,1,digits01,1.0,0.0,1.0
0.6788248697916667,0.19369082555589476,0.6317900726600845,0.2014833802936645,0.5240606130308287,0.38650285159130593,0.06455078125,0.01756699951744459,512,15,8,digits01_z_r3_q4_s0,digits01_z_r3_q4_s0__y_controlled_s32.qasm,y,controlled,interface,0,4,z,4,3,vqc-zfm-realamp,16,0,45,1,digits01,1.0,0.0,1.0
0.723828125,0.10043108529268419,0.5805245620690797,0.14108272822962176,0.5740290708736083,0.24717407490367355,0.06455078125,0.01756699951744459,512,15,8,digits01_z_r3_q4_s0,digits01_z_r3_q4_s0__z_random_s40.qasm,z,random,random,2,11,z,4,3,vqc-zfm-realamp,16,1,45,1,digits01,1.0,0.0,1.0
0.06319986979166667,0.017646344462336566,0.9915899770055873,0.00350414981407997,0.008451843489755192,0.00353922067459404,0.06455078125,0.01756699951744459,512,15,8,digits01_z_r3_q4_s0,digits01_z_r3_q4_s0__z_idle_s41.qasm,z,idle,idle,1,14,z,4,3,vqc-zfm-realamp,16,1,45,1,digits01,1.0,1.0,0.0
0.18699544270833332,0.09432788197567515,0.9507465566551798,0.028933435922326178,0.050975736401520554,0.03067699891356413,0.06455078125,0.01756699951744459,512,15,8,digits01_z_r3_q4_s0,digits01_z_r3_q4_s0__z_controlled_s42.qasm,z,controlled,interface,0,4,z,4,3,vqc-zfm-realamp,16,0,45,1,digits01,1.0,1.0,0.0
0.27679036458333334,0.10107152438706152,0.9196930539352425,0.039718421970394595,0.08464099633197729,0.04295034883875159,0.07220052083333334,0.016744432223008344,512,15,8,digits01_z_r3_q4_s1,digits01_z_r3_q4_s1__h_random_s1000.qasm,h,random,random,0,6,z,4,3,vqc-zfm-realamp,16,0,45,1,digits01,0.9907407407407407,0.8981481481481481,0.09259259259259256
0.4711100260416667,0.040943401063426546,0.8026426715801712,0.0303843427141914,0.2205722827863074,0.03826121736291106,0.07220052083333334,0.016744432223008344,512,15,8,digits01_z_r3_q4_s1,digits01_z_r3_q4_s1__h_idle_s1001.qasm,h,idle,idle,2,14,z,4,3,vqc-zfm-realamp,16,0,45,1,digits01,0.9907407407407407,0.5462962962962963,0.4444444444444444
0.42796223958333335,0.19509691606807789,0.8174220132984402,0.11608340459641091,0.21186629735479326,0.1440157032511971,0.07220052083333334,0.016744432223008344,512,15,8,digits01_z_r3_q4_s1,digits01_z_r3_q4_s1__h_controlled_s1002.qasm,h,controlled,interface,0,4,z,4,3,vqc-zfm-realamp,16,0,45,1,digits01,0.9907407407407407,0.5092592592592593,0.4814814814814814
0.2938639322916667,0.06648753059968059,0.9293287526406734,0.020035654591417013,0.07352522402133928,0.021567424170452456,0.07220052083333334,0.016744432223008344,512,15,8,digits01_z_r3_q4_s1,digits01_z_r3_q4_s1__t_random_s1010.qasm,t,random,random,2,1,z,4,3,vqc-zfm-realamp,16,1,45,1,digits01,0.9907407407407407,0.9907407407407407,0.0
0.09326171875,0.02668149138682704,0.985679309174079,0.0058809411600095115,0.014442099692041858,0.005986337726393657,0.07220052083333334,0.016744432223008344,512,15,8,digits01_z_r3_q4_s1,digits01_z_r3_q4_s1__t_idle_s1011.qasm,t,idle,idle,3,9,z,4,3,vqc-zfm-realamp,16,0,45,1,digits01,0.9907407407407407,0.9907407407407407,0.0
0.09998372395833334,0.02839127226461256,0.9824813199068615,0.00992897126226901,0.017725347059105608,0.010155476768658512,0.07220052083333334,0.016744432223008344,512,15,8,digits01_z_r3_q4_s1,digits01_z_r3_q4_s1__t_controlled_s1012.qasm,t,controlled,interface,0,4,z,4,3,vqc-zfm-realamp,16,0,45,1,digits01,0.9907407407407407,0.9907407407407407,0.0
0.14781901041666667,0.04896658969818569,0.9612077801928973,0.023781379013002875,0.03987536747067227,0.025021509386198508,0.07220052083333334,0.016744432223008344,512,15,8,digits01_z_r3_q4_s1,digits01_z_r3_q4_s1__x_random_s1020.qasm,x,random,random,3,7,z,4,3,vqc-zfm-realamp,16,0,45,1,digits01,0.9907407407407407,0.9907407407407407,0.0
0.14781901041666667,0.04896658969818569,0.9612077801928973,0.023781379013002875,0.03987536747067227,0.025021509386198508,0.07220052083333334,0.016744432223008344,512,15,8,digits01_z_r3_q4_s1,digits01_z_r3_q4_s1__x_idle_s1021.qasm,x,idle,idle,3,7,z,4,3,vqc-zfm-realamp,16,0,45,1,digits01,0.9907407407407407,0.9907407407407407,0.0
0.63203125,0.16965608702964635,0.6633758797393544,0.17888651235400316,0.45111161717332954,0.29485246138314736,0.07220052083333334,0.016744432223008344,512,15,8,digits01_z_r3_q4_s1,digits01_z_r3_q4_s1__x_controlled_s1022.qasm,x,controlled,interface,0,4,z,4,3,vqc-zfm-realamp,16,0,45,1,digits01,0.9907407407407407,0.018518518518518517,0.9722222222222222
0.20498046875,0.09029017893069137,0.9526450625900568,0.026738151212471983,0.048907629020034385,0.02811420044765457,0.07220052083333334,0.016744432223008344,512,15,8,digits01_z_r3_q4_s1,digits01_z_r3_q4_s1__y_random_s1030.qasm,y,random,random,1,3,z,4,3,vqc-zfm-realamp,16,0,45,1,digits01,0.9907407407407407,0.9907407407407407,0.0
0.74619140625,0.09138692885296784,0.4805095392535659,0.0648705870482219,0.742640551919902,0.1420844703242237,0.07220052083333334,0.016744432223008344,512,15,8,digits01_z_r3_q4_s1,digits01_z_r3_q4_s1__y_idle_s1031.qasm,y,idle,idle,2,14,z,4,3,vqc-zfm-realamp,16,0,45,1,digits01,0.9907407407407407,0.009259259259259259,0.9814814814814814
0.6680826822916667,0.10454945612106699,0.6397054823281448,0.13343230380429077,0.4733117281072218,0.2430056248901092,0.07220052083333334,0.016744432223008344,512,15,8,digits01_z_r3_q4_s1,digits01_z_r3_q4_s1__y_controlled_s1032.qasm,y,controlled,interface,0,4,z,4,3,vqc-zfm-realamp,16,0,45,1,digits01,0.9907407407407407,0.009259259259259259,0.9814814814814814
0.7388346354166667,0.10113975247333948,0.4948451281580732,0.08014701168214673,0.717448180037603,0.17014155583120175,0.07220052083333334,0.016744432223008344,512,15,8,digits01_z_r3_q4_s1,digits01_z_r3_q4_s1__z_random_s1040.qasm,z,random,random,1,13,z,4,3,vqc-zfm-realamp,16,1,45,1,digits01,0.9907407407407407,0.009259259259259259,0.9814814814814814
0.07594401041666667,0.02076534621937637,0.9918857261329772,0.003155263943680784,0.008152444099221211,0.003186133958988169,0.07220052083333334,0.016744432223008344,512,15,8,digits01_z_r3_q4_s1,digits01_z_r3_q4_s1__z_idle_s1041.qasm,z,idle,idle,1,14,z,4,3,vqc-zfm-realamp,16,1,45,1,digits01,0.9907407407407407,0.9907407407407407,0.0
0.18186848958333332,0.09752438471243463,0.9377078399030222,0.05821354412284172,0.06635735851632604,0.06481137340181925,0.07220052083333334,0.016744432223008344,512,15,8,digits01_z_r3_q4_s1,digits01_z_r3_q4_s1__z_controlled_s1042.qasm,z,controlled,interface,0,4,z,4,3,vqc-zfm-realamp,16,0,45,1,digits01,0.9907407407407407,0.9814814814814815,0.00925925925925919
0.4903157552083333,0.05914260939316641,0.7741848571012042,0.05863825325424666,0.2587915797710607,0.07534338828673458,0.06290690104166667,0.01814391774907308,512,15,8,digits01_z_r3_q4_s2,digits01_z_r3_q4_s2__h_random_s2000.qasm,h,random,random,0,7,z,4,3,vqc-zfm-realamp,16,0,45,1,digits01,1.0,0.3333333333333333,0.6666666666666667
0.18876953125,0.14354398034403754,0.9521499394144105,0.05775124681039894,0.051026230845951016,0.06442933516265327,0.06290690104166667,0.01814391774907308,512,15,8,digits01_z_r3_q4_s2,digits01_z_r3_q4_s2__h_idle_s2001.qasm,h,idle,idle,0,5,z,4,3,vqc-zfm-realamp,16,0,45,1,digits01,1.0,0.9351851851851852,0.06481481481481477
0.35939127604166665,0.17136719488920651,0.8772847055587844,0.07533042496760044,0.13455566066859326,0.08490485700638525,0.06290690104166667,0.01814391774907308,512,15,8,digits01_z_r3_q4_s2,digits01_z_r3_q4_s2__h_controlled_s2002.qasm,h,controlled,interface,0,4,z,4,3,vqc-zfm-realamp,16,0,45,1,digits01,1.0,0.6574074074074074,0.34259259259259256
0.10252278645833333,0.041817706057849804,0.9779316983577604,0.009459114267137605,0.022362422305814665,0.009702645399151609,0.06290690104166667,0.01814391774907308,512,15,8,digits01_z_r3_q4_s2,digits01_z_r3_q4_s2__t_random_s2010.qasm,t,random,random,3,3,z,4,3,vqc-zfm-realamp,16,1,45,1,digits01,1.0,1.0,0.0
0.06083984375,0.017450436841858135,0.9918717127327816,0.003229109900824982,0.008166809012689204,0.0032591410360069653,0.06290690104166667,0.01814391774907308,512,15,8,digits01_z_r3_q4_s2,digits01_z_r3_q4_s2__t_idle_s2011.qasm,t,idle,idle,2,14,z,4,3,vqc-zfm-realamp,16,0,45,1,digits01,1.0,1.0,0.0
0.10602213541666666,0.05691116208089876,0.9840125786383956,0.010069769246796284,0.016169502499246636,0.010312896947215662,0.06290690104166667,0.01814391774907308,512,15,8,digits01_z_r3_q4_s2,digits01_z_r3_q4_s2__t_controlled_s2012.qasm,t,controlled,interface,0,4,z,4,3,vqc-zfm-realamp,16,0,45,1,digits01,1.0,0.9722222222222222,0.02777777777777779
0.6869140625,0.11132715414415856,0.5946849235169578,0.13392514054566024,0.5472247995557521,0.23953933326514934,0.06290690104166667,0.01814391774907308,512,15,8,digits01_z_r3_q4_s2,digits01_z_r3_q4_s2__x_random_s2020.qasm,x,random,random,0,6,z,4,3,vqc-zfm-realamp,16,0,45,1,digits01,1.0,0.14814814814814814,0.8518518518518519
0.8795084635416667,0.03612471389510549,0.34227637816462997,0.062318464647015015,1.0886574917934222,0.1821078423458192,0.06290690104166667,0.01814391774907308,512,15,8,digits01_z_r3_q4_s2,digits01_z_r3_q4_s2__x_idle_s2021.qasm,x,idle,idle,3,11,z,4,3,vqc-zfm-realamp,16,0,45,1,digits01,1.0,0.0,1.0
0.5451171875,0.2376682956777051,0.7099264764169048,0.20576473347018331,0.39632596935862313,0.3499371358264882,0.06290690104166667,0.01814391774907308,512,15,8,digits01_z_r3_q4_s2,digits01_z_r3_q4_s2__x_controlled_s2022.qasm,x,controlled,interface,0,4,z,4,3,vqc-zfm-realamp,16,0,45,1,digits01,1.0,0.10185185185185185,0.8981481481481481
0.6321614583333334,0.1827239224994086,0.6579879669898905,0.1675908892643601,0.45959557527042455,0.3049931128020236,0.06290690104166667,0.01814391774907308,512,15,8,digits01_z_r3_q4_s2,digits01_z_r3_q4_s2__y_random_s2030.qasm,y,random,random,0,5,z,4,3,vqc-zfm-realamp,16,0,45,1,digits01,1.0,0.009259259259259259,0.9907407407407407
0.7384440104166666,0.12802422341311484,0.4745338977348583,0.14354448958151378,0.7913874340046986,0.3050704209411626,0.06290690104166667,0.01814391774907308,512,15,8,digits01_z_r3_q4_s2,digits01_z_r3_q4_s2__y_idle_s2031.qasm,y,idle,idle,0,11,z,4,3,vqc-zfm-realamp,16,1,45,1,digits01,1.0,0.0,1.0
0.6321614583333334,0.1827239224994086,0.6579879669898905,0.1675908892643601,0.45959557527042455,0.3049931128020236,0.06290690104166667,0.01814391774907308,512,15,8,digits01_z_r3_q4_s2,digits01_z_r3_q4_s2__y_controlled_s2032.qasm,y,controlled,interface,0,4,z,4,3,vqc-zfm-realamp,16,0,45,1,digits01,1.0,0.009259259259259259,0.9907407407407407
0.610546875,0.14977158002799473,0.7189011462597648,0.10975118200538787,0.3411063854127516,0.14699714451553925,0.06290690104166667,0.01814391774907308,512,15,8,digits01_z_r3_q4_s2,digits01_z_r3_q4_s2__z_random_s2040.qasm,z,random,random,2,11,z,4,3,vqc-zfm-realamp,16,1,45,1,digits01,1.0,0.9537037037037037,0.04629629629629628
0.06083984375,0.017450436841858135,0.9918717127327816,0.003229109900824982,0.008166809012689204,0.0032591410360069653,0.06290690104166667,0.01814391774907308,512,15,8,digits01_z_r3_q4_s2,digits01_z_r3_q4_s2__z_idle_s2041.qasm,z,idle,idle,3,11,z,4,3,vqc-zfm-realamp,16,0,45,1,digits01,1.0,1.0,0.0
0.189306640625,0.1439147806417686,0.9518339995472325,0.059035017533312334,0.05145899509083815,0.06611678024584028,0.06290690104166667,0.01814391774907308,512,15,8,digits01_z_r3_q4_s2,digits01_z_r3_q4_s2__z_controlled_s2042.qasm,z,controlled,interface,0,4,z,4,3,vqc-zfm-realamp,16,0,45,1,digits01,1.0,0.9351851851851852,0.06481481481481477
0.4189453125,0.22767593567477462,0.8432958929995086,0.11040252573253954,0.17914394056571764,0.1324723589412425,0.03136393229166667,0.014353134184579541,512,15,8,digits01_zz_r1_q2_s0,digits01_zz_r1_q2_s0__h_random_s0.qasm,h,random,random,1,9,zz,2,1,vqc-zzfm-realamp,14,1,21,1,digits01,0.8055555555555556,0.6388888888888888,0.16666666666666674
0.4808268229166667,0.14014652561988153,0.8183608277528612,0.07405428330476571,0.20446601601538889,0.0891884046963213,0.03136393229166667,0.014353134184579541,512,15,8,digits01_zz_r1_q2_s0,digits01_zz_r1_q2_s0__h_idle_s1.qasm,h,idle,idle,0,11,zz,2,1,vqc-zzfm-realamp,14,1,21,1,digits01,0.8055555555555556,0.49074074074074076,0.3148148148148148
0.35231119791666665,0.16791029432903737,0.8563525424023108,0.08452925827108478,0.15989169879740484,0.09792701109593331,0.03136393229166667,0.014353134184579541,512,15,8,digits01_zz_r1_q2_s0,digits01_zz_r1_q2_s0__h_controlled_s2.qasm,h,controlled,interface,0,8,zz,2,1,vqc-zzfm-realamp,14,1,21,1,digits01,0.8055555555555556,0.5370370370370371,0.2685185185185185
0.032633463541666664,0.017107776739447175,0.9985100599618761,0.0011587818316270654,0.0014917250548813876,0.0011612341788199278,0.03136393229166667,0.014353134184579541,512,15,8,digits01_zz_r1_q2_s0,digits01_zz_r1_q2_s0__t_random_s10.qasm,t,random,random,1,14,zz,2,1,vqc-zzfm-realamp,14,1,21,1,digits01,0.8055555555555556,0.8055555555555556,0.0
0.21619466145833333,0.10023128333955998,0.957471498512455,0.021835696797017877,0.04371963298690998,0.02282306903357085,0.03136393229166667,0.014353134184579541,512,15,8,digits01_zz_r1_q2_s0,digits01_zz_r1_q2_s0__t_idle_s11.qasm,t,idle,idle,0,3,zz,2,1,vqc-zzfm-realamp,14,0,21,1,digits01,0.8055555555555556,0.6203703703703703,0.18518518518518523
0.08494466145833333,0.0651653338147225,0.9876161120304642,0.013806562843763304,0.012560001457043302,0.014095357597985466,0.03136393229166667,0.014353134184579541,512,15,8,digits01_zz_r1_q2_s0,digits01_zz_r1_q2_s0__t_controlled_s12.qasm,t,controlled,interface,0,8,zz,2,1,vqc-zzfm-realamp,14,1,21,1,digits01,0.8055555555555556,0.7870370370370371,0.01851851851851849
0.710546875,0.08470822689451882,0.5980045890427441,0.09916662540697144,0.5283308063226324,0.16971049961539467,0.03136393229166667,0.014353134184579541,512,15,8,digits01_zz_r1_q2_s0,digits01_zz_r1_q2_s0__x_random_s20.qasm,x,random,random,1,4,zz,2,1,vqc-zzfm-realamp,14,1,21,1,digits01,0.8055555555555556,0.4351851851851852,0.3703703703703704
0.3216145833333333,0.26629056634438364,0.871495230533064,0.20155316719118227,0.17947321984183326,0.3243014287832987,0.03136393229166667,0.014353134184579541,512,15,8,digits01_zz_r1_q2_s0,digits01_zz_r1_q2_s0__x_idle_s21.qasm,x,idle,idle,0,7,zz,2,1,vqc-zzfm-realamp,14,0,21,1,digits01,0.8055555555555556,0.5185185185185185,0.2870370370370371
0.49677734375,0.22888031379702198,0.7865936164249067,0.173504453722183,0.2732243774913679,0.27964944907767336,0.03136393229166667,0.014353134184579541,512,15,8,digits01_zz_r1_q2_s0,digits01_zz_r1_q2_s0__x_controlled_s22.qasm,x,controlled,interface,0,8,zz,2,1,vqc-zzfm-realamp,14,1,21,1,digits01,0.8055555555555556,0.24074074074074073,0.5648148148148149
0.47750651041666664,0.2487598154420058,0.7890411328399158,0.17432567903993215,0.2635116470408522,0.23524212339774647,0.03136393229166667,0.014353134184579541,512,15,8,digits01_zz_r1_q2_s0,digits01_zz_r1_q2_s0__y_random_s30.qasm,y,random,random,0,3,zz,2,1,vqc-zzfm-realamp,14,0,21,1,digits01,0.8055555555555556,0.3055555555555556,0.5
0.7423990885416667,0.07888336185412088,0.603253162562847,0.07903883648977479,0.5139589185675335,0.1306873287822379,0.03136393229166667,0.014353134184579541,512,15,8,digits01_zz_r1_q2_s0,digits01_zz_r1_q2_s0__y_idle_s31.qasm,y,idle,idle,1,13,zz,2,1,vqc-zzfm-realamp,14,1,21,1,digits01,0.8055555555555556,0.19444444444444445,0.6111111111111112
0.47283528645833334,0.25026040766911484,0.8011278351578673,0.18783224993450198,0.2590696669655847,0.2961501066048501,0.03136393229166667,0.014353134184579541,512,15,8,digits01_zz_r1_q2_s0,digits01_zz_r1_q2_s0__y_controlled_s32.qasm,y,controlled,interface,0,8,zz,2,1,vqc-zzfm-realamp,14,1,21,1,digits01,0.8055555555555556,0.3888888888888889,0.4166666666666667
0.710546875,0.08470822689451882,0.5980045890427441,0.09916662540697144,0.5283308063226324,0.16971049961539467,0.03136393229166667,0.014353134184579541,512,15,8,digits01_zz_r1_q2_s0,digits01_zz_r1_q2_s0__z_random_s40.qasm,z,random,random,1,10,zz,2,1,vqc-zzfm-realamp,14,1,21,1,digits01,0.8055555555555556,0.4351851851851852,0.3703703703703704
0.032633463541666664,0.017107776739447175,0.9985100599618761,0.0011587818316270654,0.0014917250548813876,0.0011612341788199278,0.03136393229166667,0.014353134184579541,512,15,8,digits01_zz_r1_q2_s0,digits01_zz_r1_q2_s0__z_idle_s41.qasm,z,idle,idle,1,13,zz,2,1,vqc-zzfm-realamp,14,1,21,1,digits01,0.8055555555555556,0.8055555555555556,0.0
0.33515625,0.15669277271254425,0.8886303814736736,0.0826506316242518,0.12254362390455989,0.09534676734574728,0.03136393229166667,0.014353134184579541,512,15,8,digits01_zz_r1_q2_s0,digits01_zz_r1_q2_s0__z_controlled_s42.qasm,z,controlled,interface,0,8,zz,2,1,vqc-zzfm-realamp,14,1,21,1,digits01,0.8055555555555556,0.5555555555555556,0.25
0.3776041666666667,0.13589931453519177,0.8654311142999288,0.0612902651696836,0.1469799044851857,0.06965218387199375,0.030257161458333334,0.01749291382478497,512,15,8,digits01_zz_r1_q2_s1,digits01_zz_r1_q2_s1__h_random_s1000.qasm,h,random,random,0,6,zz,2,1,vqc-zzfm-realamp,14,1,21,1,digits01,0.8611111111111112,0.4722222222222222,0.38888888888888895
0.46139322916666664,0.13534365519731664,0.8169838462503153,0.08336470483861065,0.20728644294051438,0.10125450101464586,0.030257161458333334,0.01749291382478497,512,15,8,digits01_zz_r1_q2_s1,digits01_zz_r1_q2_s1__h_idle_s1001.qasm,h,idle,idle,1,13,zz,2,1,vqc-zzfm-realamp,14,1,21,1,digits01,0.8611111111111112,0.3888888888888889,0.47222222222222227
0.39552408854166665,0.22945215129403967,0.8309611844123308,0.14238535544267747,0.20110405113438992,0.18212996201162757,0.030257161458333334,0.01749291382478497,512,15,8,digits01_zz_r1_q2_s1,digits01_zz_r1_q2_s1__h_controlled_s1002.qasm,h,controlled,interface,0,8,zz,2,1,vqc-zzfm-realamp,14,1,21,1,digits01,0.8611111111111112,0.5092592592592593,0.35185185185185186
0.12864583333333332,0.07130463823376432,0.9723863157558242,0.017447111686816792,0.028163663283296742,0.01799168197581109,0.030257161458333334,0.01749291382478497,512,15,8,digits01_zz_r1_q2_s1,digits01_zz_r1_q2_s1__t_random_s1010.qasm,t,random,random,1,1,zz,2,1,vqc-zzfm-realamp,14,1,21,1,digits01,0.8611111111111112,0.8888888888888888,-0.02777777777777768
0.08045247395833334,0.052885643282891866,0.9885594755322973,0.010025839931779565,0.011558222959440086,0.01018973288312167,0.030257161458333334,0.01749291382478497,512,15,8,digits01_zz_r1_q2_s1,digits01_zz_r1_q2_s1__t_idle_s1011.qasm,t,idle,idle,0,7,zz,2,1,vqc-zzfm-realamp,14,0,21,1,digits01,0.8611111111111112,0.8796296296296297,-0.01851851851851849
0.08045247395833334,0.052885643282891866,0.9885594755322973,0.010025839931779565,0.011558222959440086,0.01018973288312167,0.030257161458333334,0.01749291382478497,512,15,8,digits01_zz_r1_q2_s1,digits01_zz_r1_q2_s1__t_controlled_s1012.qasm,t,controlled,interface,0,8,zz,2,1,vqc-zzfm-realamp,14,1,21,1,digits01,0.8611111111111112,0.8796296296296297,-0.01851851851851849
0.45970052083333335,0.14249447579486355,0.7952081282025655,0.10690995011001606,0.23885836556324308,0.1420154496092462,0.030257161458333334,0.01749291382478497,512,15,8,digits01_zz_r1_q2_s1,digits01_zz_r1_q2_s1__x_random_s1020.qasm,x,random,random,1,8,zz,2,1,vqc-zzfm-realamp,14,1,21,1,digits01,0.8611111111111112,0.6666666666666666,0.19444444444444453
0.37420247395833334,0.23893213589114898,0.8601718376055096,0.14403205190093135,0.16714433419663527,0.18963268795357938,0.030257161458333334,0.01749291382478497,512,15,8,digits01_zz_r1_q2_s1,digits01_zz_r1_q2_s1__x_idle_s1021.qasm,x,idle,idle,0,7,zz,2,1,vqc-zzfm-realamp,14,0,21,1,digits01,0.8611111111111112,0.3055555555555556,0.5555555555555556
0.5067708333333333,0.16043447420438614,0.8228223043664663,0.1339290709643943,0.21014411248735893,0.17974935330440198,0.030257161458333334,0.01749291382478497,512,15,8,digits01_zz_r1_q2_s1,digits01_zz_r1_q2_s1__x_controlled_s1022.qasm,x,controlled,interface,0,8,zz,2,1,vqc-zzfm-realamp,14,1,21,1,digits01,0.8611111111111112,0.12962962962962962,0.7314814814814815
0.5083984375,0.2564333128221984,0.7387095171524628,0.21745008124294382,0.35349053113855405,0.3307252459962364,0.030257161458333334,0.01749291382478497,512,15,8,digits01_zz_r1_q2_s1,digits01_zz_r1_q2_s1__y_random_s1030.qasm,y,random,random,0,3,zz,2,1,vqc-zzfm-realamp,14,0,21,1,digits01,0.8611111111111112,0.2222222222222222,0.638888888888889
0.7378580729166667,0.23688907461813172,0.5518023102786072,0.26376197780142047,0.720276858484666,0.5149069482245823,0.030257161458333334,0.01749291382478497,512,15,8,digits01_zz_r1_q2_s1,digits01_zz_r1_q2_s1__y_idle_s1031.qasm,y,idle,idle,1,13,zz,2,1,vqc-zzfm-realamp,14,1,21,1,digits01,0.8611111111111112,0.1388888888888889,0.7222222222222223
0.5452473958333334,0.185518489696472,0.7535600033191124,0.1639374385005934,0.3115229154336209,0.2509866346856742,0.030257161458333334,0.01749291382478497,512,15,8,digits01_zz_r1_q2_s1,digits01_zz_r1_q2_s1__y_controlled_s1032.qasm,y,controlled,interface,0,8,zz,2,1,vqc-zzfm-realamp,14,1,21,1,digits01,0.8611111111111112,0.3055555555555556,0.5555555555555556
0.5043131510416666,0.17076853244185924,0.8220890665136226,0.13960294050429842,0.2123777978283295,0.18758185728204346,0.030257161458333334,0.01749291382478497,512,15,8,digits01_zz_r1_q2_s1,digits01_zz_r1_q2_s1__z_random_s1040.qasm,z,random,random,0,10,zz,2,1,vqc-zzfm-realamp,14,1,21,1,digits01,0.8611111111111112,0.1388888888888889,0.7222222222222223
0.031070963541666666,0.018607715879002906,0.9984939150773715,0.0012909353256099524,0.0015080569349073458,0.0012939891406120205,0.030257161458333334,0.01749291382478497,512,15,8,digits01_zz_r1_q2_s1,digits01_zz_r1_q2_s1__z_idle_s1041.qasm,z,idle,idle,1,13,zz,2,1,vqc-zzfm-realamp,14,1,21,1,digits01,0.8611111111111112,0.8611111111111112,0.0
0.311962890625,0.06238543500744477,0.8978166376301453,0.024720016474289584,0.10816623568529779,0.02741412645426336,0.030257161458333334,0.01749291382478497,512,15,8,digits01_zz_r1_q2_s1,digits01_zz_r1_q2_s1__z_controlled_s1042.qasm,z,controlled,interface,0,8,zz,2,1,vqc-zzfm-realamp,14,1,21,1,digits01,0.8611111111111112,0.6851851851851852,0.17592592592592593
0.5179524739583333,0.27955072232662165,0.7462628734407957,0.19200419597119675,0.32730481873249023,0.26579081819532635,0.032633463541666664,0.018005856150040085,512,15,8,digits01_zz_r1_q2_s2,digits01_zz_r1_q2_s2__h_random_s2000.qasm,h,random,random,0,7,zz,2,1,vqc-zzfm-realamp,14,0,21,1,digits01,0.8703703703703703,0.5,0.37037037037037035
0.314501953125,0.10895259489529255,0.9215319907563736,0.03269544623362017,0.08233043868828872,0.034772724175059666,0.032633463541666664,0.018005856150040085,512,15,8,digits01_zz_r1_q2_s2,digits01_zz_r1_q2_s2__h_idle_s2001.qasm,h,idle,idle,0,3,zz,2,1,vqc-zzfm-realamp,14,0,21,1,digits01,0.8703703703703703,0.6851851851851852,0.18518518518518512
0.43600260416666664,0.14207619210025266,0.858967511433868,0.06204734486055262,0.1546187440987342,0.07197013269977823,0.032633463541666664,0.018005856150040085,512,15,8,digits01_zz_r1_q2_s2,digits01_zz_r1_q2_s2__h_controlled_s2002.qasm,h,controlled,interface,0,8,zz,2,1,vqc-zzfm-realamp,14,1,21,1,digits01,0.8703703703703703,0.6388888888888888,0.2314814814814815
0.125048828125,0.03653915529454778,0.9760676335642695,0.012958053671812544,0.024312120497556725,0.013343535338577099,0.032633463541666664,0.018005856150040085,512,15,8,digits01_zz_r1_q2_s2,digits01_zz_r1_q2_s2__t_random_s2010.qasm,t,random,random,1,3,zz,2,1,vqc-zzfm-realamp,14,1,21,1,digits01,0.8703703703703703,0.7962962962962963,0.07407407407407407
0.031819661458333336,0.015773617416816037,0.998396961489684,0.0012700736182633715,0.0016051349707296844,0.0012733910755205137,0.032633463541666664,0.018005856150040085,512,15,8,digits01_zz_r1_q2_s2,digits01_zz_r1_q2_s2__t_idle_s2011.qasm,t,idle,idle,0,11,zz,2,1,vqc-zzfm-realamp,14,1,21,1,digits01,0.8703703703703703,0.8703703703703703,0.0
0.106103515625,0.05001815625194673,0.9837055928721944,0.012016975325601517,0.016503696611647026,0.01227256665079952,0.032633463541666664,0.018005856150040085,512,15,8,digits01_zz_r1_q2_s2,digits01_zz_r1_q2_s2__t_controlled_s2012.qasm,t,controlled,interface,0,8,zz,2,1,vqc-zzfm-realamp,14,1,21,1,digits01,0.8703703703703703,0.8981481481481481,-0.02777777777777779
0.60830078125,0.17318849760218155,0.7411018597551816,0.16543360340337862,0.3330064103037135,0.2795507356661591,0.032633463541666664,0.018005856150040085,512,15,8,digits01_zz_r1_q2_s2,digits01_zz_r1_q2_s2__x_random_s2020.qasm,x,random,random,0,6,zz,2,1,vqc-zzfm-realamp,14,1,21,1,digits01,0.8703703703703703,0.12962962962962962,0.7407407407407407
0.6001627604166667,0.17596456430591637,0.7570528783405577,0.12873104553680223,0.29339286657811503,0.1759096094911645,0.032633463541666664,0.018005856150040085,512,15,8,digits01_zz_r1_q2_s2,digits01_zz_r1_q2_s2__x_idle_s2021.qasm,x,idle,idle,0,11,zz,2,1,vqc-zzfm-realamp,14,1,21,1,digits01,0.8703703703703703,0.12962962962962962,0.7407407407407407
0.6042154947916667,0.19756912435525426,0.7357772899388728,0.14835380235190695,0.3285769168457366,0.21274821115233625,0.032633463541666664,0.018005856150040085,512,15,8,digits01_zz_r1_q2_s2,digits01_zz_r1_q2_s2__x_controlled_s2022.qasm,x,controlled,interface,0,8,zz,2,1,vqc-zzfm-realamp,14,1,21,1,digits01,0.8703703703703703,0.16666666666666666,0.7037037037037037
0.6356119791666667,0.17697093313552636,0.6868101602490239,0.1692211311294879,0.40725117375827835,0.25353399059253573,0.032633463541666664,0.018005856150040085,512,15,8,digits01_zz_r1_q2_s2,digits01_zz_r1_q2_s2__y_random_s2030.qasm,y,random,random,0,5,zz,2,1,vqc-zzfm-realamp,14,1,21,1,digits01,0.8703703703703703,0.16666666666666666,0.7037037037037037
0.7149576822916667,0.15926380059612286,0.5914074558081991,0.1662003359225044,0.5608532181717039,0.26011709103984765,0.032633463541666664,0.018005856150040085,512,15,8,digits01_zz_r1_q2_s2,digits01_zz_r1_q2_s2__y_idle_s2031.qasm,y,idle,idle,1,13,zz,2,1,vqc-zzfm-realamp,14,1,21,1,digits01,0.8703703703703703,0.12962962962962962,0.7407407407407407
0.677099609375,0.15497755862386053,0.6502528549948103,0.12855089912505008,0.4479754553519329,0.1831854064688972,0.032633463541666664,0.018005856150040085,512,15,8,digits01_zz_r1_q2_s2,digits01_zz_r1_q2_s2__y_controlled_s2032.qasm,y,controlled,interface,0,8,zz,2,1,vqc-zzfm-realamp,14,1,21,1,digits01,0.8703703703703703,0.3425925925925926,0.5277777777777777
0.4498046875,0.18006862744974236,0.83056453582439,0.10283886779063303,0.19370742857478476,0.12875836668902213,0.032633463541666664,0.018005856150040085,512,15,8,digits01_zz_r1_q2_s2,digits01_zz_r1_q2_s2__z_random_s2040.qasm,z,random,random,1,10,zz,2,1,vqc-zzfm-realamp,14,1,21,1,digits01,0.8703703703703703,0.6574074074074074,0.2129629629629629
0.031819661458333336,0.015773617416816037,0.998396961489684,0.0012700736182633715,0.0016051349707296844,0.0012733910755205137,0.032633463541666664,0.018005856150040085,512,15,8,digits01_zz_r1_q2_s2,digits01_zz_r1_q2_s2__z_idle_s2041.qasm,z,idle,idle,1,13,zz,2,1,vqc-zzfm-realamp,14,1,21,1,digits01,0.8703703703703703,0.8703703703703703,0.0
0.394970703125,0.16018670761660572,0.8537343451902485,0.09416619647222266,0.16458291692632596,0.11528690191367913,0.032633463541666664,0.018005856150040085,512,15,8,digits01_zz_r1_q2_s2,digits01_zz_r1_q2_s2__z_controlled_s2042.qasm,z,controlled,interface,0,8,zz,2,1,vqc-zzfm-realamp,14,1,21,1,digits01,0.8703703703703703,0.5277777777777778,0.34259259259259256
0.27545572916666666,0.06303125720869099,0.9214551455301944,0.02397148577627082,0.0821409695133552,0.0260981434571982,0.08125,0.017792743635376158,512,15,8,digits01_zz_r1_q4_s0,digits01_zz_r1_q4_s0__h_random_s0.qasm,h,random,random,3,9,zz,4,1,vqc-zzfm-realamp,25,1,49,1,digits01,0.7314814814814815,0.5462962962962963,0.18518518518518523
0.38616536458333334,0.12255222150322242,0.8751327222626362,0.05206246695322527,0.13510309488061265,0.05833598294071992,0.08125,0.017792743635376158,512,15,8,digits01_zz_r1_q4_s0,digits01_zz_r1_q4_s0__h_idle_s1.qasm,h,idle,idle,0,9,zz,4,1,vqc-zzfm-realamp,25,0,49,1,digits01,0.7314814814814815,0.7129629629629629,0.0185185185185186
0.5056803385416667,0.13505050746529404,0.7993715887243887,0.0872293725260277,0.2301290476769723,0.11254220905624933,0.08125,0.017792743635376158,512,15,8,digits01_zz_r1_q4_s0,digits01_zz_r1_q4_s0__h_controlled_s2.qasm,h,controlled,interface,0,8,zz,4,1,vqc-zzfm-realamp,25,0,49,1,digits01,0.7314814814814815,0.6388888888888888,0.09259259259259267
0.08079427083333333,0.018954594840871624,0.9920979695717264,0.0032021493583795934,0.00793863339405206,0.0032311863651711637,0.08125,0.017792743635376158,512,15,8,digits01_zz_r1_q4_s0,digits01_zz_r1_q4_s0__t_random_s10.qasm,t,random,random,3,14,zz,4,1,vqc-zzfm-realamp,25,0,49,1,digits01,0.7314814814814815,0.7314814814814815,0.0
0.18553059895833332,0.03453267857361666,0.9639071916170788,0.012201599644521123,0.03684088072453497,0.01271773168472898,0.08125,0.017792743635376158,512,15,8,digits01_zz_r1_q4_s0,digits01_zz_r1_q4_s0__t_idle_s11.qasm,t,idle,idle,2,2,zz,4,1,vqc-zzfm-realamp,25,0,49,1,digits01,0.7314814814814815,0.7592592592592593,-0.02777777777777779
0.15445963541666666,0.05082353966595573,0.9756772044972774,0.011707945170688643,0.024695793859095767,0.012039434335569296,0.08125,0.017792743635376158,512,15,8,digits01_zz_r1_q4_s0,digits01_zz_r1_q4_s0__t_controlled_s12.qasm,t,controlled,interface,0,8,zz,4,1,vqc-zzfm-realamp,25,0,49,1,digits01,0.7314814814814815,0.7129629629629629,0.0185185185185186
0.424951171875,0.15094439915276617,0.8367072690411174,0.09169728065506147,0.18436322322441553,0.1106188918897629,0.08125,0.017792743635376158,512,15,8,digits01_zz_r1_q4_s0,digits01_zz_r1_q4_s0__x_random_s20.qasm,x,random,random,3,4,zz,4,1,vqc-zzfm-realamp,25,1,49,1,digits01,0.7314814814814815,0.5462962962962963,0.18518518518518523
0.5957356770833333,0.14285254327241895,0.7210018962330516,0.1222582340541154,0.3422757298847619,0.17656984708670218,0.08125,0.017792743635376158,512,15,8,digits01_zz_r1_q4_s0,digits01_zz_r1_q4_s0__x_idle_s21.qasm,x,idle,idle,0,6,zz,4,1,vqc-zzfm-realamp,25,0,49,1,digits01,0.7314814814814815,0.5462962962962963,0.18518518518518523
0.352880859375,0.14314757734019215,0.8698733234651872,0.07263068841426845,0.14292288741632928,0.08404057368687935,0.08125,0.017792743635376158,512,15,8,digits01_zz_r1_q4_s0,digits01_zz_r1_q4_s0__x_controlled_s22.qasm,x,controlled,interface,0,8,zz,4,1,vqc-zzfm-realamp,25,0,49,1,digits01,0.7314814814814815,0.5370370370370371,0.19444444444444442
0.40911458333333334,0.13427170521621018,0.8512863463989202,0.0739166793914617,0.16489848793018974,0.08901353805065886,0.08125,0.017792743635376158,512,15,8,digits01_zz_r1_q4_s0,digits01_zz_r1_q4_s0__y_random_s30.qasm,y,random,random,0,3,zz,4,1,vqc-zzfm-realamp,25,0,49,1,digits01,0.7314814814814815,0.7037037037037037,0.02777777777777779
0.5540364583333334,0.19656310765520035,0.7270553947277574,0.13620862560713481,0.33594782604893486,0.18466214320175092,0.08125,0.017792743635376158,512,15,8,digits01_zz_r1_q4_s0,digits01_zz_r1_q4_s0__y_idle_s31.qasm,y,idle,idle,1,15,zz,4,1,vqc-zzfm-realamp,25,0,49,1,digits01,0.7314814814814815,0.46296296296296297,0.26851851851851855
0.4937662760416667,0.11904354177032296,0.8124043260319173,0.08576910322794967,0.2136490174008672,0.1101330176017727,0.08125,0.017792743635376158,512,15,8,digits01_zz_r1_q4_s0,digits01_zz_r1_q4_s0__y_controlled_s32.qasm,y,controlled,interface,0,8,zz,4,1,vqc-zzfm-realamp,25,0,49,1,digits01,0.7314814814814815,0.6944444444444444,0.03703703703703709
0.3927083333333333,0.07109649243031682,0.8685718309502879,0.03754694087483455,0.1418325653460948,0.04299664595548,0.08125,0.017792743635376158,512,15,8,digits01_zz_r1_q4_s0,digits01_zz_r1_q4_s0__z_random_s40.qasm,z,random,random,2,14,zz,4,1,vqc-zzfm-realamp,25,1,49,1,digits01,0.7314814814814815,0.5740740740740741,0.15740740740740744
0.24293619791666668,0.10385018144956061,0.9410320185420417,0.0394340213450903,0.061696895032981716,0.043361913060385275,0.08125,0.017792743635376158,512,15,8,digits01_zz_r1_q4_s0,digits01_zz_r1_q4_s0__z_idle_s41.qasm,z,idle,idle,1,15,zz,4,1,vqc-zzfm-realamp,25,0,49,1,digits01,0.7314814814814815,0.6574074074074074,0.07407407407407407
0.4104817708333333,0.13328017128650355,0.8597375086064603,0.060009384715538336,0.15349752201547556,0.06839334294506536,0.08125,0.017792743635376158,512,15,8,digits01_zz_r1_q4_s0,digits01_zz_r1_q4_s0__z_controlled_s42.qasm,z,controlled,interface,0,8,zz,4,1,vqc-zzfm-realamp,25,0,49,1,digits01,0.7314814814814815,0.7222222222222222,0.0092592592592593
0.363671875,0.14979051160654422,0.8512214538232156,0.09593990462572166,0.1680726442313817,0.12119883079116271,0.073095703125,0.02136963694850602,512,15,8,digits01_zz_r1_q4_s1,digits01_zz_r1_q4_s1__h_random_s1000.qasm,h,random,random,0,6,zz,4,1,vqc-zzfm-realamp,25,0,49,1,digits01,0.7777777777777778,0.4074074074074074,0.3703703703703704
0.27044270833333334,0.09394068786982879,0.9174372266807607,0.04152378884995786,0.08721906779472696,0.04604952356483832,0.073095703125,0.02136963694850602,512,15,8,digits01_zz_r1_q4_s1,digits01_zz_r1_q4_s1__h_idle_s1001.qasm,h,idle,idle,3,13,zz,4,1,vqc-zzfm-realamp,25,0,49,1,digits01,0.7777777777777778,0.6296296296296297,0.14814814814814814
0.29075520833333335,0.09995247453293028,0.8951913927384482,0.04282440013694236,0.11184355079502883,0.04726165044530647,0.073095703125,0.02136963694850602,512,15,8,digits01_zz_r1_q4_s1,digits01_zz_r1_q4_s1__h_controlled_s1002.qasm,h,controlled,interface,0,8,zz,4,1,vqc-zzfm-realamp,25,0,49,1,digits01,0.7777777777777778,0.46296296296296297,0.3148148148148148
0.18640950520833333,0.04319365548043303,0.9554276514491725,0.014606053734207258,0.04571323094726432,0.015301670049261836,0.073095703125,0.02136963694850602,512,15,8,digits01_zz_r1_q4_s1,digits01_zz_r1_q4_s1__t_random_s1010.qasm,t,random,random,2,1,zz,4,1,vqc-zzfm-realamp,25,0,49,1,digits01,0.7777777777777778,0.6944444444444444,0.08333333333333337
0.14534505208333334,0.04481388694169262,0.9746210939012312,0.00934777007578708,0.025752616282266706,0.009609366754401204,0.073095703125,0.02136963694850602,512,15,8,digits01_zz_r1_q4_s1,digits01_zz_r1_q4_s1__t_idle_s1011.qasm,t,idle,idle,0,6,zz,4,1,vqc-zzfm-realamp,25,0,49,1,digits01,0.7777777777777778,0.75,0.02777777777777779
0.14534505208333334,0.04481388694169262,0.9746210939012312,0.00934777007578708,0.025752616282266706,0.009609366754401204,0.073095703125,0.02136963694850602,512,15,8,digits01_zz_r1_q4_s1,digits01_zz_r1_q4_s1__t_controlled_s1012.qasm,t,controlled,interface,0,8,zz,4,1,vqc-zzfm-realamp,25,0,49,1,digits01,0.7777777777777778,0.75,0.02777777777777779
0.338232421875,0.198612208315198,0.8746184984877949,0.09281129361511603,0.13974511332889453,0.10819773536038721,0.073095703125,0.02136963694850602,512,15,8,digits01_zz_r1_q4_s1,digits01_zz_r1_q4_s1__x_random_s1020.qasm,x,random,random,3,8,zz,4,1,vqc-zzfm-realamp,25,1,49,1,digits01,0.7777777777777778,0.37037037037037035,0.40740740740740744
0.6017578125,0.17999195787336872,0.6651965601312564,0.20377107951427578,0.4650008256169655,0.3567638982001694,0.073095703125,0.02136963694850602,512,15,8,digits01_zz_r1_q4_s1,digits01_zz_r1_q4_s1__x_idle_s1021.qasm,x,idle,idle,3,2,zz,4,1,vqc-zzfm-realamp,25,0,49,1,digits01,0.7777777777777778,0.37962962962962965,0.39814814814814814
0.46707356770833336,0.09899097506598414,0.7978719915360796,0.07033504533757128,0.22996780743948753,0.09281218178629923,0.073095703125,0.02136963694850602,512,15,8,digits01_zz_r1_q4_s1,digits01_zz_r1_q4_s1__x_controlled_s1022.qasm,x,controlled,interface,0,8,zz,4,1,vqc-zzfm-realamp,25,0,49,1,digits01,0.7777777777777778,0.4166666666666667,0.3611111111111111
0.44122721354166666,0.16857573298143239,0.8062776444784169,0.11405125051683043,0.22554492086596653,0.14371582720101955,0.073095703125,0.02136963694850602,512,15,8,digits01_zz_r1_q4_s1,digits01_zz_r1_q4_s1__y_random_s1030.qasm,y,random,random,1,4,zz,4,1,vqc-zzfm-realamp,25,1,49,1,digits01,0.7777777777777778,0.5833333333333334,0.19444444444444442
0.6226888020833333,0.18410313852611682,0.6951501094025238,0.16600941566238175,0.3954644708605946,0.25987688823708577,0.073095703125,0.02136963694850602,512,15,8,digits01_zz_r1_q4_s1,digits01_zz_r1_q4_s1__y_idle_s1031.qasm,y,idle,idle,3,13,zz,4,1,vqc-zzfm-realamp,25,0,49,1,digits01,0.7777777777777778,0.2222222222222222,0.5555555555555556
0.6178059895833333,0.08303920336800794,0.6741293290661209,0.07350484955020792,0.4003619372209447,0.11030271552620416,0.073095703125,0.02136963694850602,512,15,8,digits01_zz_r1_q4_s1,digits01_zz_r1_q4_s1__y_controlled_s1032.qasm,y,controlled,interface,0,8,zz,4,1,vqc-zzfm-realamp,25,0,49,1,digits01,0.7777777777777778,0.7129629629629629,0.06481481481481488
0.43307291666666664,0.08248022182759958,0.8310469531629869,0.0465848649278042,0.18665877811644757,0.056573832918574964,0.073095703125,0.02136963694850602,512,15,8,digits01_zz_r1_q4_s1,digits01_zz_r1_q4_s1__z_random_s1040.qasm,z,random,random,1,16,zz,4,1,vqc-zzfm-realamp,25,1,49,1,digits01,0.7777777777777778,0.3888888888888889,0.3888888888888889
0.07506510416666666,0.01996703504117483,0.9919044737030424,0.0029902364110357387,0.008133023697118063,0.0030179589325722003,0.073095703125,0.02136963694850602,512,15,8,digits01_zz_r1_q4_s1,digits01_zz_r1_q4_s1__z_idle_s1041.qasm,z,idle,idle,2,18,zz,4,1,vqc-zzfm-realamp,25,0,49,1,digits01,0.7777777777777778,0.7777777777777778,0.0
0.3920084635416667,0.11263069637832303,0.846203665527801,0.06200407103610384,0.1696422543657693,0.07251651458370251,0.073095703125,0.02136963694850602,512,15,8,digits01_zz_r1_q4_s1,digits01_zz_r1_q4_s1__z_controlled_s1042.qasm,z,controlled,interface,0,8,zz,4,1,vqc-zzfm-realamp,25,0,49,1,digits01,0.7777777777777778,0.3425925925925926,0.4351851851851852
0.5103515625,0.12236750281607739,0.7819906165469988,0.09221441376320462,0.2530571127803843,0.12046940828402973,0.07898763020833334,0.018040074126191626,512,15,8,digits01_zz_r1_q4_s2,digits01_zz_r1_q4_s2__h_random_s2000.qasm,h,random,random,0,7,zz,4,1,vqc-zzfm-realamp,25,0,49,1,digits01,0.7870370370370371,0.6111111111111112,0.17592592592592593
0.4319661458333333,0.08400001873036332,0.8298209309665749,0.043445514299407254,0.18788593976324733,0.051506726975828636,0.07898763020833334,0.018040074126191626,512,15,8,digits01_zz_r1_q4_s2,digits01_zz_r1_q4_s2__h_idle_s2001.qasm,h,idle,idle,2,2,zz,4,1,vqc-zzfm-realamp,25,0,49,1,digits01,0.7870370370370371,0.4444444444444444,0.34259259259259267
0.6007161458333333,0.17880994193333152,0.7072063868491405,0.15514037354677454,0.37510794675856496,0.2516787687128721,0.07898763020833334,0.018040074126191626,512,15,8,digits01_zz_r1_q4_s2,digits01_zz_r1_q4_s2__h_controlled_s2002.qasm,h,controlled,interface,0,8,zz,4,1,vqc-zzfm-realamp,25,0,49,1,digits01,0.7870370370370371,0.32407407407407407,0.462962962962963
0.19231770833333334,0.05253442352248105,0.9628448544530783,0.015527930782803446,0.03799366468427078,0.016186457997942733,0.07898763020833334,0.018040074126191626,512,15,8,digits01_zz_r1_q4_s2,digits01_zz_r1_q4_s2__t_random_s2010.qasm,t,random,random,3,3,zz,4,1,vqc-zzfm-realamp,25,1,49,1,digits01,0.7870370370370371,0.75,0.03703703703703709
0.18209635416666667,0.05458144788907248,0.9682456396246626,0.014750436888010926,0.03238653255204881,0.015335669558131797,0.07898763020833334,0.018040074126191626,512,15,8,digits01_zz_r1_q4_s2,digits01_zz_r1_q4_s2__t_idle_s2011.qasm,t,idle,idle,1,15,zz,4,1,vqc-zzfm-realamp,25,0,49,1,digits01,0.7870370370370371,0.7222222222222222,0.06481481481481488
0.13232421875,0.030679453492152505,0.9775214152517289,0.009567956816900858,0.022783188365454243,0.009819790061805432,0.07898763020833334,0.018040074126191626,512,15,8,digits01_zz_r1_q4_s2,digits01_zz_r1_q4_s2__t_controlled_s2012.qasm,t,controlled,interface,0,8,zz,4,1,vqc-zzfm-realamp,25,0,49,1,digits01,0.7870370370370371,0.7685185185185185,0.0185185185185186
0.5638020833333334,0.10435560258123815,0.7293188349619661,0.072862097648692,0.320674451726161,0.10057067654485811,0.07898763020833334,0.018040074126191626,512,15,8,digits01_zz_r1_q4_s2,digits01_zz_r1_q4_s2__x_random_s2020.qasm,x,random,random,0,6,zz,4,1,vqc-zzfm-realamp,25,0,49,1,digits01,0.7870370370370371,0.21296296296296297,0.5740740740740742
0.5270345052083333,0.16132741480997628,0.7383625712721323,0.14885716455257667,0.32622029953824666,0.2211600854777383,0.07898763020833334,0.018040074126191626,512,15,8,digits01_zz_r1_q4_s2,digits01_zz_r1_q4_s2__x_idle_s2021.qasm,x,idle,idle,3,13,zz,4,1,vqc-zzfm-realamp,25,0,49,1,digits01,0.7870370370370371,0.21296296296296297,0.5740740740740742
0.478271484375,0.11897790354785899,0.7989843956291817,0.07285663227662342,0.2284962153712328,0.08995522272431516,0.07898763020833334,0.018040074126191626,512,15,8,digits01_zz_r1_q4_s2,digits01_zz_r1_q4_s2__x_controlled_s2022.qasm,x,controlled,interface,0,8,zz,4,1,vqc-zzfm-realamp,25,0,49,1,digits01,0.7870370370370371,0.3611111111111111,0.425925925925926
0.526025390625,0.10889851641641275,0.7683275300551377,0.06663027497510367,0.2672701306078688,0.08622690351948738,0.07898763020833334,0.018040074126191626,512,15,8,digits01_zz_r1_q4_s2,digits01_zz_r1_q4_s2__y_random_s2030.qasm,y,random,random,0,5,zz,4,1,vqc-zzfm-realamp,25,0,49,1,digits01,0.7870370370370371,0.39814814814814814,0.38888888888888895
0.6164225260416667,0.18978511635691572,0.6764160369107967,0.1671072781862536,0.42770435046211613,0.2863428962684738,0.07898763020833334,0.018040074126191626,512,15,8,digits01_zz_r1_q4_s2,digits01_zz_r1_q4_s2__y_idle_s2031.qasm,y,idle,idle,0,9,zz,4,1,vqc-zzfm-realamp,25,0,49,1,digits01,0.7870370370370371,0.21296296296296297,0.5740740740740742
0.6164225260416667,0.18978511635691572,0.6764160369107967,0.1671072781862536,0.42770435046211613,0.2863428962684738,0.07898763020833334,0.018040074126191626,512,15,8,digits01_zz_r1_q4_s2,digits01_zz_r1_q4_s2__y_controlled_s2032.qasm,y,controlled,interface,0,8,zz,4,1,vqc-zzfm-realamp,25,0,49,1,digits01,0.7870370370370371,0.21296296296296297,0.5740740740740742
0.4676920572916667,0.11711529237878127,0.8157250134401178,0.08240697794826919,0.20949185040366078,0.11148722642504456,0.07898763020833334,0.018040074126191626,512,15,8,digits01_zz_r1_q4_s2,digits01_zz_r1_q4_s2__z_random_s2040.qasm,z,random,random,2,13,zz,4,1,vqc-zzfm-realamp,25,0,49,1,digits01,0.7870370370370371,0.39814814814814814,0.38888888888888895
0.15078125,0.04508264934328834,0.9742135193531438,0.007435976631151367,0.026153988195369463,0.007648175736045753,0.07898763020833334,0.018040074126191626,512,15,8,digits01_zz_r1_q4_s2,digits01_zz_r1_q4_s2__z_idle_s2041.qasm,z,idle,idle,0,9,zz,4,1,vqc-zzfm-realamp,25,0,49,1,digits01,0.7870370370370371,0.7037037037037037,0.08333333333333337
0.30353190104166666,0.13644142628537137,0.8948950373750715,0.0699617383314032,0.11425796890203409,0.08110590519285561,0.07898763020833334,0.018040074126191626,512,15,8,digits01_zz_r1_q4_s2,digits01_zz_r1_q4_s2__z_controlled_s2042.qasm,z,controlled,interface,0,8,zz,4,1,vqc-zzfm-realamp,25,0,49,1,digits01,0.7870370370370371,0.6851851851851852,0.10185185185185186
0.6188802083333333,0.2599546194005368,0.6532356175187405,0.2126374210335943,0.47878447464546314,0.3249617979658178,0.032958984375,0.01680437260747558,512,15,8,digits01_zz_r2_q2_s0,digits01_zz_r2_q2_s0__h_random_s0.qasm,h,random,random,1,10,zz,2,2,vqc-zzfm-realamp,16,1,24,1,digits01,0.7962962962962963,0.26851851851851855,0.5277777777777777
0.472021484375,0.15731250128116436,0.8342564111023165,0.0838271991979509,0.18631075998221686,0.10125488770523518,0.032958984375,0.01680437260747558,512,15,8,digits01_zz_r2_q2_s0,digits01_zz_r2_q2_s0__h_idle_s1.qasm,h,idle,idle,0,13,zz,2,2,vqc-zzfm-realamp,16,1,24,1,digits01,0.7962962962962963,0.5185185185185185,0.2777777777777778
0.15681966145833334,0.0985655568945045,0.9622112054127088,0.03417821188765736,0.03916384177015855,0.03601338912295749,0.032958984375,0.01680437260747558,512,15,8,digits01_zz_r2_q2_s0,digits01_zz_r2_q2_s0__h_controlled_s2.qasm,h,controlled,interface,0,8,zz,2,2,vqc-zzfm-realamp,16,1,24,1,digits01,0.7962962962962963,0.7129629629629629,0.08333333333333337
0.033772786458333336,0.015825929416430906,0.9985633517660685,0.0010306614185744765,0.0014382144453551255,0.001032990217745806,0.032958984375,0.01680437260747558,512,15,8,digits01_zz_r2_q2_s0,digits01_zz_r2_q2_s0__t_random_s10.qasm,t,random,random,1,16,zz,2,2,vqc-zzfm-realamp,16,1,24,1,digits01,0.7962962962962963,0.7962962962962963,0.0
0.171240234375,0.060348171562723825,0.9733121438784984,0.013554364780048917,0.02714782394786124,0.013970816472713896,0.032958984375,0.01680437260747558,512,15,8,digits01_zz_r2_q2_s0,digits01_zz_r2_q2_s0__t_idle_s11.qasm,t,idle,idle,0,3,zz,2,2,vqc-zzfm-realamp,16,0,24,1,digits01,0.7962962962962963,0.6944444444444444,0.10185185185185186
0.06407877604166666,0.04642203003118368,0.99501028887396,0.005239069218535746,0.005016136515976049,0.0052862197711100725,0.032958984375,0.01680437260747558,512,15,8,digits01_zz_r2_q2_s0,digits01_zz_r2_q2_s0__t_controlled_s12.qasm,t,controlled,interface,0,8,zz,2,2,vqc-zzfm-realamp,16,1,24,1,digits01,0.7962962962962963,0.7870370370370371,0.00925925925925919
0.3904622395833333,0.10199495499212177,0.8966281192294449,0.038628574377387,0.11001764417674513,0.04223502927400356,0.032958984375,0.01680437260747558,512,15,8,digits01_zz_r2_q2_s0,digits01_zz_r2_q2_s0__x_random_s20.qasm,x,random,random,1,4,zz,2,2,vqc-zzfm-realamp,16,1,24,1,digits01,0.7962962962962963,0.5185185185185185,0.2777777777777778
0.3602376302083333,0.2710825389799997,0.8391458948493846,0.2376373985818652,0.25054990583476616,0.4547341256226873,0.032958984375,0.01680437260747558,512,15,8,digits01_zz_r2_q2_s0,digits01_zz_r2_q2_s0__x_idle_s21.qasm,x,idle,idle,0,7,zz,2,2,vqc-zzfm-realamp,16,0,24,1,digits01,0.7962962962962963,0.7037037037037037,0.09259259259259256
0.4188313802083333,0.26141112155888435,0.8307927910002597,0.19190579610826788,0.2240186094407027,0.306106165784788,0.032958984375,0.01680437260747558,512,15,8,digits01_zz_r2_q2_s0,digits01_zz_r2_q2_s0__x_controlled_s22.qasm,x,controlled,interface,0,8,zz,2,2,vqc-zzfm-realamp,16,1,24,1,digits01,0.7962962962962963,0.2222222222222222,0.5740740740740741
0.45099283854166666,0.2295143489733644,0.8155735290246792,0.1876926983682692,0.24234667791870076,0.30583295418373274,0.032958984375,0.01680437260747558,512,15,8,digits01_zz_r2_q2_s0,digits01_zz_r2_q2_s0__y_random_s30.qasm,y,random,random,0,3,zz,2,2,vqc-zzfm-realamp,16,0,24,1,digits01,0.7962962962962963,0.37037037037037035,0.42592592592592593
0.5373209635416667,0.24676516325504375,0.7652880050369653,0.15965083798923327,0.29101477035120243,0.2214826685335005,0.032958984375,0.01680437260747558,512,15,8,digits01_zz_r2_q2_s0,digits01_zz_r2_q2_s0__y_idle_s31.qasm,y,idle,idle,1,15,zz,2,2,vqc-zzfm-realamp,16,1,24,1,digits01,0.7962962962962963,0.2037037037037037,0.5925925925925926
0.54951171875,0.26204402618712697,0.7410903860814438,0.19750815510072806,0.34308801023566754,0.31211305934833355,0.032958984375,0.01680437260747558,512,15,8,digits01_zz_r2_q2_s0,digits01_zz_r2_q2_s0__y_controlled_s32.qasm,y,controlled,interface,0,8,zz,2,2,vqc-zzfm-realamp,16,1,24,1,digits01,0.7962962962962963,0.2037037037037037,0.5925925925925926
0.623681640625,0.2273613065427348,0.6523495832236735,0.20624493526083115,0.48594473820204037,0.36098115271722303,0.032958984375,0.01680437260747558,512,15,8,digits01_zz_r2_q2_s0,digits01_zz_r2_q2_s0__z_random_s40.qasm,z,random,random,1,12,zz,2,2,vqc-zzfm-realamp,16,1,24,1,digits01,0.7962962962962963,0.5462962962962963,0.25
0.033772786458333336,0.015825929416430906,0.9985633517660685,0.0010306614185744765,0.0014382144453551255,0.001032990217745806,0.032958984375,0.01680437260747558,512,15,8,digits01_zz_r2_q2_s0,digits01_zz_r2_q2_s0__z_idle_s41.qasm,z,idle,idle,1,15,zz,2,2,vqc-zzfm-realamp,16,1,24,1,digits01,0.7962962962962963,0.7962962962962963,0.0
0.22277018229166667,0.09489832735605268,0.9575694649816258,0.024176911918945457,0.043676170835230364,0.025274076868355012,0.032958984375,0.01680437260747558,512,15,8,digits01_zz_r2_q2_s0,digits01_zz_r2_q2_s0__z_controlled_s42.qasm,z,controlled,interface,0,8,zz,2,2,vqc-zzfm-realamp,16,1,24,1,digits01,0.7962962962962963,0.7777777777777778,0.01851851851851849
0.265087890625,0.1523322650460167,0.9309479758806549,0.06237727713000206,0.07388789311804382,0.06904024384055805,0.03331705729166667,0.01704429539036858,512,15,8,digits01_zz_r2_q2_s1,digits01_zz_r2_q2_s1__h_random_s1000.qasm,h,random,random,0,7,zz,2,2,vqc-zzfm-realamp,16,0,24,1,digits01,0.8518518518518519,0.5277777777777778,0.32407407407407407
0.319677734375,0.14995586222719834,0.877439037241933,0.07809630277103322,0.1347843905845069,0.09029852885905354,0.03331705729166667,0.01704429539036858,512,15,8,digits01_zz_r2_q2_s1,digits01_zz_r2_q2_s1__h_idle_s1001.qasm,h,idle,idle,1,15,zz,2,2,vqc-zzfm-realamp,16,1,24,1,digits01,0.8518518518518519,0.5462962962962963,0.3055555555555556
0.37039388020833336,0.20821506385696245,0.8676579153088186,0.10753375259687552,0.14997080414128786,0.12790993983023066,0.03331705729166667,0.01704429539036858,512,15,8,digits01_zz_r2_q2_s1,digits01_zz_r2_q2_s1__h_controlled_s1002.qasm,h,controlled,interface,0,8,zz,2,2,vqc-zzfm-realamp,16,1,24,1,digits01,0.8518518518518519,0.5370370370370371,0.31481481481481477
0.19168294270833333,0.05774631090661021,0.9625059239189172,0.02163020907446298,0.03846917288811027,0.02258049078048288,0.03331705729166667,0.01704429539036858,512,15,8,digits01_zz_r2_q2_s1,digits01_zz_r2_q2_s1__t_random_s1010.qasm,t,random,random,1,1,zz,2,2,vqc-zzfm-realamp,16,1,24,1,digits01,0.8518518518518519,0.9074074074074074,-0.05555555555555558
0.09192708333333334,0.05050614920297694,0.9903015797755328,0.0072988543193641675,0.009772998230182274,0.0073868542848648374,0.03331705729166667,0.01704429539036858,512,15,8,digits01_zz_r2_q2_s1,digits01_zz_r2_q2_s1__t_idle_s1011.qasm,t,idle,idle,0,7,zz,2,2,vqc-zzfm-realamp,16,0,24,1,digits01,0.8518518518518519,0.8981481481481481,-0.04629629629629628
0.09192708333333334,0.05050614920297694,0.9903015797755328,0.0072988543193641675,0.009772998230182274,0.0073868542848648374,0.03331705729166667,0.01704429539036858,512,15,8,digits01_zz_r2_q2_s1,digits01_zz_r2_q2_s1__t_controlled_s1012.qasm,t,controlled,interface,0,8,zz,2,2,vqc-zzfm-realamp,16,1,24,1,digits01,0.8518518518518519,0.8981481481481481,-0.04629629629629628
0.2548828125,0.11180908534531175,0.9233534598611111,0.05149035160453972,0.08129781559997608,0.055757082393445075,0.03331705729166667,0.01704429539036858,512,15,8,digits01_zz_r2_q2_s1,digits01_zz_r2_q2_s1__x_random_s1020.qasm,x,random,random,1,9,zz,2,2,vqc-zzfm-realamp,16,1,24,1,digits01,0.8518518518518519,0.6666666666666666,0.18518518518518523
0.4025065104166667,0.25451581768318704,0.8496213303898889,0.13735084895480085,0.17724057007212385,0.17282029856686085,0.03331705729166667,0.01704429539036858,512,15,8,digits01_zz_r2_q2_s1,digits01_zz_r2_q2_s1__x_idle_s1021.qasm,x,idle,idle,0,7,zz,2,2,vqc-zzfm-realamp,16,0,24,1,digits01,0.8518518518518519,0.3148148148148148,0.537037037037037
0.4942220052083333,0.1202804709953528,0.8093156419753794,0.08103104086252763,0.21714288451089292,0.10851906647918132,0.03331705729166667,0.01704429539036858,512,15,8,digits01_zz_r2_q2_s1,digits01_zz_r2_q2_s1__x_controlled_s1022.qasm,x,controlled,interface,0,8,zz,2,2,vqc-zzfm-realamp,16,1,24,1,digits01,0.8518518518518519,0.1388888888888889,0.712962962962963
0.419580078125,0.24517484880854198,0.8135002988017699,0.18984452942790195,0.23872545627001357,0.2654824622264654,0.03331705729166667,0.01704429539036858,512,15,8,digits01_zz_r2_q2_s1,digits01_zz_r2_q2_s1__y_random_s1030.qasm,y,random,random,0,3,zz,2,2,vqc-zzfm-realamp,16,0,24,1,digits01,0.8518518518518519,0.19444444444444445,0.6574074074074074
0.475537109375,0.19682712881186382,0.7992673945744302,0.1314065755060668,0.23813545990968327,0.16954074014454446,0.03331705729166667,0.01704429539036858,512,15,8,digits01_zz_r2_q2_s1,digits01_zz_r2_q2_s1__y_idle_s1031.qasm,y,idle,idle,1,15,zz,2,2,vqc-zzfm-realamp,16,1,24,1,digits01,0.8518518518518519,0.14814814814814814,0.7037037037037037
0.518701171875,0.19570381738028822,0.7838655285264688,0.1326776854448212,0.25824128730539603,0.1728995103378546,0.03331705729166667,0.01704429539036858,512,15,8,digits01_zz_r2_q2_s1,digits01_zz_r2_q2_s1__y_controlled_s1032.qasm,y,controlled,interface,0,8,zz,2,2,vqc-zzfm-realamp,16,1,24,1,digits01,0.8518518518518519,0.25,0.6018518518518519
0.11539713541666667,0.049708587415610204,0.9856243936621483,0.009193626172881445,0.014523665952216686,0.009364257969242873,0.03331705729166667,0.01704429539036858,512,15,8,digits01_zz_r2_q2_s1,digits01_zz_r2_q2_s1__z_random_s1040.qasm,z,random,random,0,12,zz,2,2,vqc-zzfm-realamp,16,1,24,1,digits01,0.8518518518518519,0.8240740740740741,0.02777777777777779
0.037109375,0.017634097806131108,0.9983135385588192,0.0014142192672742593,0.001688889989511237,0.0014181774021649973,0.03331705729166667,0.01704429539036858,512,15,8,digits01_zz_r2_q2_s1,digits01_zz_r2_q2_s1__z_idle_s1041.qasm,z,idle,idle,1,15,zz,2,2,vqc-zzfm-realamp,16,1,24,1,digits01,0.8518518518518519,0.8518518518518519,0.0
0.2808756510416667,0.06530241422437016,0.9108857549510243,0.043697499073506195,0.09448929100440916,0.04800151850702479,0.03331705729166667,0.01704429539036858,512,15,8,digits01_zz_r2_q2_s1,digits01_zz_r2_q2_s1__z_controlled_s1042.qasm,z,controlled,interface,0,8,zz,2,2,vqc-zzfm-realamp,16,1,24,1,digits01,0.8518518518518519,0.6388888888888888,0.21296296296296302
0.4283854166666667,0.2386990357084968,0.8273324996706372,0.15850274823276309,0.2119049456695543,0.22243067112127135,0.028336588541666666,0.017707847139752552,512,15,8,digits01_zz_r2_q2_s2,digits01_zz_r2_q2_s2__h_random_s2000.qasm,h,random,random,0,8,zz,2,2,vqc-zzfm-realamp,16,1,24,1,digits01,0.8425925925925926,0.6574074074074074,0.18518518518518512
0.5269694010416667,0.2789566118046215,0.7315504276211127,0.20458577849268156,0.3544091656470955,0.29461472863740984,0.028336588541666666,0.017707847139752552,512,15,8,digits01_zz_r2_q2_s2,digits01_zz_r2_q2_s2__h_idle_s2001.qasm,h,idle,idle,0,3,zz,2,2,vqc-zzfm-realamp,16,0,24,1,digits01,0.8425925925925926,0.5555555555555556,0.287037037037037
0.4283854166666667,0.2386990357084968,0.8273324996706372,0.15850274823276309,0.2119049456695543,0.22243067112127135,0.028336588541666666,0.017707847139752552,512,15,8,digits01_zz_r2_q2_s2,digits01_zz_r2_q2_s2__h_controlled_s2002.qasm,h,controlled,interface,0,8,zz,2,2,vqc-zzfm-realamp,16,1,24,1,digits01,0.8425925925925926,0.6574074074074074,0.18518518518518512
0.17765299479166666,0.0645055795042088,0.9642366836996602,0.014774120846695729,0.036536442657185315,0.015377923961137487,0.028336588541666666,0.017707847139752552,512,15,8,digits01_zz_r2_q2_s2,digits01_zz_r2_q2_s2__t_random_s2010.qasm,t,random,random,1,4,zz,2,2,vqc-zzfm-realamp,16,1,24,1,digits01,0.8425925925925926,0.7962962962962963,0.04629629629629628
0.026692708333333332,0.013864283488962795,0.9985722629903275,0.001122103611592447,0.0014293891096460961,0.0011244456088637313,0.028336588541666666,0.017707847139752552,512,15,8,digits01_zz_r2_q2_s2,digits01_zz_r2_q2_s2__t_idle_s2011.qasm,t,idle,idle,0,13,zz,2,2,vqc-zzfm-realamp,16,1,24,1,digits01,0.8425925925925926,0.8425925925925926,0.0
0.06710611979166667,0.031391885571264655,0.9895284991289507,0.006493917404030404,0.010548311957535006,0.006577517171771698,0.028336588541666666,0.017707847139752552,512,15,8,digits01_zz_r2_q2_s2,digits01_zz_r2_q2_s2__t_controlled_s2012.qasm,t,controlled,interface,0,8,zz,2,2,vqc-zzfm-realamp,16,1,24,1,digits01,0.8425925925925926,0.8240740740740741,0.01851851851851849
0.5272298177083333,0.2408773175501833,0.7476061181869549,0.19204799860728117,0.3346044532635167,0.3195787193368577,0.028336588541666666,0.017707847139752552,512,15,8,digits01_zz_r2_q2_s2,digits01_zz_r2_q2_s2__x_random_s2020.qasm,x,random,random,0,7,zz,2,2,vqc-zzfm-realamp,16,0,24,1,digits01,0.8425925925925926,0.5555555555555556,0.287037037037037
0.692431640625,0.12099998535597531,0.6789668616378957,0.17095847000947004,0.4391160654584073,0.36571783446343564,0.028336588541666666,0.017707847139752552,512,15,8,digits01_zz_r2_q2_s2,digits01_zz_r2_q2_s2__x_idle_s2021.qasm,x,idle,idle,0,13,zz,2,2,vqc-zzfm-realamp,16,1,24,1,digits01,0.8425925925925926,0.1574074074074074,0.6851851851851851
0.545947265625,0.20170763295863753,0.7628072717532308,0.1378204538286292,0.28890100548757,0.19638825687766545,0.028336588541666666,0.017707847139752552,512,15,8,digits01_zz_r2_q2_s2,digits01_zz_r2_q2_s2__x_controlled_s2022.qasm,x,controlled,interface,0,8,zz,2,2,vqc-zzfm-realamp,16,1,24,1,digits01,0.8425925925925926,0.3611111111111111,0.48148148148148145
0.63720703125,0.17757498612366,0.679803601122002,0.1979342551747865,0.4482073274994107,0.3902397820709646,0.028336588541666666,0.017707847139752552,512,15,8,digits01_zz_r2_q2_s2,digits01_zz_r2_q2_s2__y_random_s2030.qasm,y,random,random,0,5,zz,2,2,vqc-zzfm-realamp,16,1,24,1,digits01,0.8425925925925926,0.24074074074074073,0.6018518518518519
0.7616536458333333,0.15491904109881435,0.5037840559059031,0.21459892414940482,0.8633724446154214,0.7287249027259629,0.028336588541666666,0.017707847139752552,512,15,8,digits01_zz_r2_q2_s2,digits01_zz_r2_q2_s2__y_idle_s2031.qasm,y,idle,idle,1,15,zz,2,2,vqc-zzfm-realamp,16,1,24,1,digits01,0.8425925925925926,0.1574074074074074,0.6851851851851851
0.677392578125,0.13097074864946193,0.6396103062275209,0.14298388773484186,0.47696894015355445,0.25788465394851307,0.028336588541666666,0.017707847139752552,512,15,8,digits01_zz_r2_q2_s2,digits01_zz_r2_q2_s2__y_controlled_s2032.qasm,y,controlled,interface,0,8,zz,2,2,vqc-zzfm-realamp,16,1,24,1,digits01,0.8425925925925926,0.4537037037037037,0.38888888888888884
0.4788736979166667,0.2512846661001963,0.7733037127689324,0.17260612322033986,0.28456264125283254,0.24069004979126749,0.028336588541666666,0.017707847139752552,512,15,8,digits01_zz_r2_q2_s2,digits01_zz_r2_q2_s2__z_random_s2040.qasm,z,random,random,1,11,zz,2,2,vqc-zzfm-realamp,16,1,24,1,digits01,0.8425925925925926,0.5740740740740741,0.2685185185185185
0.026692708333333332,0.013864283488962795,0.9985722629903275,0.001122103611592447,0.0014293891096460961,0.0011244456088637313,0.028336588541666666,0.017707847139752552,512,15,8,digits01_zz_r2_q2_s2,digits01_zz_r2_q2_s2__z_idle_s2041.qasm,z,idle,idle,1,15,zz,2,2,vqc-zzfm-realamp,16,1,24,1,digits01,0.8425925925925926,0.8425925925925926,0.0
0.35494791666666664,0.18273425624075756,0.8579760656584755,0.0791336191537593,0.15765466811438558,0.09582850692004022,0.028336588541666666,0.017707847139752552,512,15,8,digits01_zz_r2_q2_s2,digits01_zz_r2_q2_s2__z_controlled_s2042.qasm,z,controlled,interface,0,8,zz,2,2,vqc-zzfm-realamp,16,1,24,1,digits01,0.8425925925925926,0.8148148148148148,0.02777777777777779
0.5252604166666667,0.12932154076681987,0.7399731005496182,0.10005436424506438,0.31003098051852074,0.13261022610150555,0.072705078125,0.017901507625632796,512,15,8,digits01_zz_r2_q4_s0,digits01_zz_r2_q4_s0__h_random_s0.qasm,h,random,random,3,10,zz,4,2,vqc-zzfm-realamp,28,1,56,1,digits01,0.7222222222222222,0.5185185185185185,0.20370370370370372
0.44560546875,0.1406472986697134,0.7927355712312455,0.09179057731840547,0.23915476537851132,0.11821523043231615,0.072705078125,0.017901507625632796,512,15,8,digits01_zz_r2_q4_s0,digits01_zz_r2_q4_s0__h_idle_s1.qasm,h,idle,idle,3,7,zz,4,2,vqc-zzfm-realamp,28,0,56,1,digits01,0.7222222222222222,0.7037037037037037,0.01851851851851849
0.40498046875,0.15576680046569402,0.8213762868073322,0.1068940347207314,0.2057230320559795,0.1356651488051562,0.072705078125,0.017901507625632796,512,15,8,digits01_zz_r2_q4_s0,digits01_zz_r2_q4_s0__h_controlled_s2.qasm,h,controlled,interface,0,8,zz,4,2,vqc-zzfm-realamp,28,0,56,1,digits01,0.7222222222222222,0.6574074074074074,0.06481481481481477
0.07561848958333334,0.017504154499343023,0.9922899841731357,0.00283435867857375,0.007743979338543936,0.0028607018003082934,0.072705078125,0.017901507625632796,512,15,8,digits01_zz_r2_q4_s0,digits01_zz_r2_q4_s0__t_random_s10.qasm,t,random,random,3,16,zz,4,2,vqc-zzfm-realamp,28,0,56,1,digits01,0.7222222222222222,0.7222222222222222,0.0
0.19627278645833332,0.03652656709496269,0.9546571945631844,0.014671351856971356,0.04652183962543653,0.01544547591522102,0.072705078125,0.017901507625632796,512,15,8,digits01_zz_r2_q4_s0,digits01_zz_r2_q4_s0__t_idle_s11.qasm,t,idle,idle,3,2,zz,4,2,vqc-zzfm-realamp,28,0,56,1,digits01,0.7222222222222222,0.6203703703703703,0.10185185185185186
0.139306640625,0.05281157694053189,0.9724167118758456,0.012058823147530583,0.028047771932551663,0.01240470926587872,0.072705078125,0.017901507625632796,512,15,8,digits01_zz_r2_q4_s0,digits01_zz_r2_q4_s0__t_controlled_s12.qasm,t,controlled,interface,0,8,zz,4,2,vqc-zzfm-realamp,28,0,56,1,digits01,0.7222222222222222,0.7685185185185185,-0.04629629629629628
0.5387044270833333,0.1092953297927936,0.7275667272613482,0.09670532877896461,0.32770012569880563,0.1423154584505843,0.072705078125,0.017901507625632796,512,15,8,digits01_zz_r2_q4_s0,digits01_zz_r2_q4_s0__x_random_s20.qasm,x,random,random,3,4,zz,4,2,vqc-zzfm-realamp,28,1,56,1,digits01,0.7222222222222222,0.3333333333333333,0.3888888888888889
0.57470703125,0.08045999917653869,0.7224258044183939,0.06583347144471632,0.32937535627002484,0.09252410013712482,0.072705078125,0.017901507625632796,512,15,8,digits01_zz_r2_q4_s0,digits01_zz_r2_q4_s0__x_idle_s21.qasm,x,idle,idle,0,6,zz,4,2,vqc-zzfm-realamp,28,0,56,1,digits01,0.7222222222222222,0.21296296296296297,0.5092592592592593
0.545654296875,0.1609081574884623,0.7463387062932803,0.12600062282220154,0.30900211299427693,0.18844327074984027,0.072705078125,0.017901507625632796,512,15,8,digits01_zz_r2_q4_s0,digits01_zz_r2_q4_s0__x_controlled_s22.qasm,x,controlled,interface,0,8,zz,4,2,vqc-zzfm-realamp,28,0,56,1,digits01,0.7222222222222222,0.2962962962962963,0.42592592592592593
0.441943359375,0.1745325953728559,0.8163514277284425,0.12043568659741988,0.21432096663035852,0.15285636727036142,0.072705078125,0.017901507625632796,512,15,8,digits01_zz_r2_q4_s0,digits01_zz_r2_q4_s0__y_random_s30.qasm,y,random,random,0,3,zz,4,2,vqc-zzfm-realamp,28,0,56,1,digits01,0.7222222222222222,0.4722222222222222,0.25
0.6064615885416667,0.14442431552131865,0.6916262530826108,0.11513095517156151,0.3832575070427378,0.1726823090096902,0.072705078125,0.017901507625632796,512,15,8,digits01_zz_r2_q4_s0,digits01_zz_r2_q4_s0__y_idle_s31.qasm,y,idle,idle,2,13,zz,4,2,vqc-zzfm-realamp,28,0,56,1,digits01,0.7222222222222222,0.6018518518518519,0.12037037037037035
0.56064453125,0.15044110396405033,0.737936406581708,0.10106936237995316,0.3132747580085374,0.13696592727363346,0.072705078125,0.017901507625632796,512,15,8,digits01_zz_r2_q4_s0,digits01_zz_r2_q4_s0__y_controlled_s32.qasm,y,controlled,interface,0,8,zz,4,2,vqc-zzfm-realamp,28,0,56,1,digits01,0.7222222222222222,0.25,0.4722222222222222
0.651171875,0.10055192588404703,0.6587293968148329,0.1011496918111368,0.42930858112132336,0.15438977332420029,0.072705078125,0.017901507625632796,512,15,8,digits01_zz_r2_q4_s0,digits01_zz_r2_q4_s0__z_random_s40.qasm,z,random,random,2,16,zz,4,2,vqc-zzfm-realamp,28,1,56,1,digits01,0.7222222222222222,0.7592592592592593,-0.03703703703703709
0.61669921875,0.12519166874653959,0.705977267591106,0.1124853419278373,0.3615328892720498,0.16572822325932274,0.072705078125,0.017901507625632796,512,15,8,digits01_zz_r2_q4_s0,digits01_zz_r2_q4_s0__z_idle_s41.qasm,z,idle,idle,0,9,zz,4,2,vqc-zzfm-realamp,28,0,56,1,digits01,0.7222222222222222,0.2962962962962963,0.42592592592592593
0.396533203125,0.1585965687167731,0.8451544969981312,0.09775542286037316,0.17527124833806476,0.12018688081226336,0.072705078125,0.017901507625632796,512,15,8,digits01_zz_r2_q4_s0,digits01_zz_r2_q4_s0__z_controlled_s42.qasm,z,controlled,interface,0,8,zz,4,2,vqc-zzfm-realamp,28,0,56,1,digits01,0.7222222222222222,0.7129629629629629,0.0092592592592593
0.36110026041666665,0.15333341225331806,0.8585608394832284,0.08801158740529778,0.15795466937846295,0.10547773867538632,0.07488606770833334,0.017448334190724998,512,15,8,digits01_zz_r2_q4_s1,digits01_zz_r2_q4_s1__h_random_s1000.qasm,h,random,random,0,7,zz,4,2,vqc-zzfm-realamp,28,0,56,1,digits01,0.7407407407407407,0.7962962962962963,-0.05555555555555558
0.479150390625,0.09017508624588907,0.8155536203814431,0.05249176535680676,0.20595355634774498,0.06425377248855448,0.07488606770833334,0.017448334190724998,512,15,8,digits01_zz_r2_q4_s1,digits01_zz_r2_q4_s1__h_idle_s1001.qasm,h,idle,idle,3,15,zz,4,2,vqc-zzfm-realamp,28,0,56,1,digits01,0.7407407407407407,0.39814814814814814,0.34259259259259256
0.407275390625,0.12828576461399785,0.8402485842690012,0.0722292939538187,0.17772726758440036,0.08554201969147937,0.07488606770833334,0.017448334190724998,512,15,8,digits01_zz_r2_q4_s1,digits01_zz_r2_q4_s1__h_controlled_s1002.qasm,h,controlled,interface,0,8,zz,4,2,vqc-zzfm-realamp,28,0,56,1,digits01,0.7407407407407407,0.5555555555555556,0.18518518518518512
0.19055989583333333,0.03536876356000996,0.9590206415659268,0.011599631281025898,0.04191627762097345,0.012151197791334415,0.07488606770833334,0.017448334190724998,512,15,8,digits01_zz_r2_q4_s1,digits01_zz_r2_q4_s1__t_random_s1010.qasm,t,random,random,2,2,zz,4,2,vqc-zzfm-realamp,28,0,56,1,digits01,0.7407407407407407,0.6851851851851852,0.05555555555555547
0.15066731770833333,0.03179186765674737,0.9702203655368372,0.00812512493592667,0.030267148689139257,0.008379955900759238,0.07488606770833334,0.017448334190724998,512,15,8,digits01_zz_r2_q4_s1,digits01_zz_r2_q4_s1__t_idle_s1011.qasm,t,idle,idle,0,6,zz,4,2,vqc-zzfm-realamp,28,0,56,1,digits01,0.7407407407407407,0.7129629629629629,0.02777777777777779
0.15066731770833333,0.03179186765674737,0.9702203655368372,0.00812512493592667,0.030267148689139257,0.008379955900759238,0.07488606770833334,0.017448334190724998,512,15,8,digits01_zz_r2_q4_s1,digits01_zz_r2_q4_s1__t_controlled_s1012.qasm,t,controlled,interface,0,8,zz,4,2,vqc-zzfm-realamp,28,0,56,1,digits01,0.7407407407407407,0.7129629629629629,0.02777777777777779
0.25693359375,0.10505133267186305,0.9242623718340481,0.04439104429410028,0.07992762930167809,0.048496766617318963,0.07488606770833334,0.017448334190724998,512,15,8,digits01_zz_r2_q4_s1,digits01_zz_r2_q4_s1__x_random_s1020.qasm,x,random,random,3,9,zz,4,2,vqc-zzfm-realamp,28,1,56,1,digits01,0.7407407407407407,0.6759259259259259,0.06481481481481477
0.4944986979166667,0.21414926569563356,0.7580636756303697,0.15710359475755792,0.30281711824401675,0.23836922493333493,0.07488606770833334,0.017448334190724998,512,15,8,digits01_zz_r2_q4_s1,digits01_zz_r2_q4_s1__x_idle_s1021.qasm,x,idle,idle,3,2,zz,4,2,vqc-zzfm-realamp,28,0,56,1,digits01,0.7407407407407407,0.5555555555555556,0.18518518518518512
0.5441569010416667,0.11471438109905871,0.7384717113054484,0.13048261457132695,0.32207603702947807,0.20454211199335073,0.07488606770833334,0.017448334190724998,512,15,8,digits01_zz_r2_q4_s1,digits01_zz_r2_q4_s1__x_controlled_s1022.qasm,x,controlled,interface,0,8,zz,4,2,vqc-zzfm-realamp,28,0,56,1,digits01,0.7407407407407407,0.32407407407407407,0.41666666666666663
0.37615559895833334,0.13615011393815898,0.8599916123242984,0.08139795063831311,0.15533879350848012,0.09507501318258488,0.07488606770833334,0.017448334190724998,512,15,8,digits01_zz_r2_q4_s1,digits01_zz_r2_q4_s1__y_random_s1030.qasm,y,random,random,1,5,zz,4,2,vqc-zzfm-realamp,28,1,56,1,digits01,0.7407407407407407,0.6111111111111112,0.12962962962962954
0.6329915364583333,0.14706892823739642,0.6825959024216169,0.15197825124604777,0.4110708614951354,0.2525704968142894,0.07488606770833334,0.017448334190724998,512,15,8,digits01_zz_r2_q4_s1,digits01_zz_r2_q4_s1__y_idle_s1031.qasm,y,idle,idle,3,15,zz,4,2,vqc-zzfm-realamp,28,0,56,1,digits01,0.7407407407407407,0.25925925925925924,0.48148148148148145
0.5366861979166667,0.13137970424286965,0.746611865364826,0.11063915632110188,0.30401036482328503,0.15660450058531908,0.07488606770833334,0.017448334190724998,512,15,8,digits01_zz_r2_q4_s1,digits01_zz_r2_q4_s1__y_controlled_s1032.qasm,y,controlled,interface,0,8,zz,4,2,vqc-zzfm-realamp,28,0,56,1,digits01,0.7407407407407407,0.26851851851851855,0.47222222222222215
0.5340657552083333,0.14740267626510895,0.7498384991664018,0.1171616271803713,0.3004034622931561,0.15912910755760512,0.07488606770833334,0.017448334190724998,512,15,8,digits01_zz_r2_q4_s1,digits01_zz_r2_q4_s1__z_random_s1040.qasm,z,random,random,1,19,zz,4,2,vqc-zzfm-realamp,28,1,56,1,digits01,0.7407407407407407,0.25925925925925924,0.48148148148148145
0.07703450520833334,0.018986203175845297,0.9919265343925062,0.0029301155675685833,0.00811059953655546,0.0029560341261463128,0.07488606770833334,0.017448334190724998,512,15,8,digits01_zz_r2_q4_s1,digits01_zz_r2_q4_s1__z_idle_s1041.qasm,z,idle,idle,2,21,zz,4,2,vqc-zzfm-realamp,28,0,56,1,digits01,0.7407407407407407,0.7407407407407407,0.0
0.349609375,0.11622215238252595,0.866169075013667,0.07929971402615336,0.1480127752759061,0.09397147551214288,0.07488606770833334,0.017448334190724998,512,15,8,digits01_zz_r2_q4_s1,digits01_zz_r2_q4_s1__z_controlled_s1042.qasm,z,controlled,interface,0,8,zz,4,2,vqc-zzfm-realamp,28,0,56,1,digits01,0.7407407407407407,0.7037037037037037,0.03703703703703698
0.37281901041666665,0.10566333544080062,0.8810044707050578,0.050302419341260785,0.1283636513783365,0.05819051364771694,0.07967122395833333,0.017635712658853622,512,15,8,digits01_zz_r2_q4_s2,digits01_zz_r2_q4_s2__h_random_s2000.qasm,h,random,random,0,8,zz,4,2,vqc-zzfm-realamp,28,0,56,1,digits01,0.7685185185185185,0.6944444444444444,0.07407407407407407
0.44091796875,0.10702170076489628,0.8270082742143992,0.06832644043675537,0.19338930958633008,0.08326871091425257,0.07967122395833333,0.017635712658853622,512,15,8,digits01_zz_r2_q4_s2,digits01_zz_r2_q4_s2__h_idle_s2001.qasm,h,idle,idle,2,2,zz,4,2,vqc-zzfm-realamp,28,0,56,1,digits01,0.7685185185185185,0.6574074074074074,0.11111111111111105
0.37281901041666665,0.10566333544080062,0.8810044707050578,0.050302419341260785,0.1283636513783365,0.05819051364771694,0.07967122395833333,0.017635712658853622,512,15,8,digits01_zz_r2_q4_s2,digits01_zz_r2_q4_s2__h_controlled_s2002.qasm,h,controlled,interface,0,8,zz,4,2,vqc-zzfm-realamp,28,0,56,1,digits01,0.7685185185185185,0.6944444444444444,0.07407407407407407
0.20869140625,0.03885168536379209,0.9501209799893727,0.01044027241811641,0.05122650823552008,0.011013181957679271,0.07967122395833333,0.017635712658853622,512,15,8,digits01_zz_r2_q4_s2,digits01_zz_r2_q4_s2__t_random_s2010.qasm,t,random,random,3,4,zz,4,2,vqc-zzfm-realamp,28,1,56,1,digits01,0.7685185185185185,0.7314814814814815,0.03703703703703698
0.17613932291666667,0.04761579843062689,0.9688908222836029,0.013113127364888814,0.03169536603219027,0.013582642491707993,0.07967122395833333,0.017635712658853622,512,15,8,digits01_zz_r2_q4_s2,digits01_zz_r2_q4_s2__t_idle_s2011.qasm,t,idle,idle,0,9,zz,4,2,vqc-zzfm-realamp,28,0,56,1,digits01,0.7685185185185185,0.6296296296296297,0.13888888888888884
0.16575520833333332,0.04165542450875725,0.9689971183968199,0.012205715888907703,0.031573183262274616,0.012621332171039975,0.07967122395833333,0.017635712658853622,512,15,8,digits01_zz_r2_q4_s2,digits01_zz_r2_q4_s2__t_controlled_s2012.qasm,t,controlled,interface,0,8,zz,4,2,vqc-zzfm-realamp,28,0,56,1,digits01,0.7685185185185185,0.8240740740740741,-0.05555555555555558
0.5073079427083333,0.1406255641973033,0.7719344733014732,0.09895691663665666,0.2671114704816613,0.12881484955130812,0.07967122395833333,0.017635712658853622,512,15,8,digits01_zz_r2_q4_s2,digits01_zz_r2_q4_s2__x_random_s2020.qasm,x,random,random,0,7,zz,4,2,vqc-zzfm-realamp,28,0,56,1,digits01,0.7685185185185185,0.5370370370370371,0.2314814814814814
0.4268880208333333,0.09605779483445995,0.8508317347016925,0.05866349705182595,0.16403619442154035,0.07152492941656648,0.07967122395833333,0.017635712658853622,512,15,8,digits01_zz_r2_q4_s2,digits01_zz_r2_q4_s2__x_idle_s2021.qasm,x,idle,idle,0,11,zz,4,2,vqc-zzfm-realamp,28,0,56,1,digits01,0.7685185185185185,0.3148148148148148,0.45370370370370366
0.4149251302083333,0.13895648148659615,0.8205656162037994,0.11348842619941413,0.2089139622364097,0.15547178162667347,0.07967122395833333,0.017635712658853622,512,15,8,digits01_zz_r2_q4_s2,digits01_zz_r2_q4_s2__x_controlled_s2022.qasm,x,controlled,interface,0,8,zz,4,2,vqc-zzfm-realamp,28,0,56,1,digits01,0.7685185185185185,0.35185185185185186,0.41666666666666663
0.438427734375,0.11732358702545681,0.803066113028789,0.09948048917120587,0.22795453678491306,0.1355743851040484,0.07967122395833333,0.017635712658853622,512,15,8,digits01_zz_r2_q4_s2,digits01_zz_r2_q4_s2__y_random_s2030.qasm,y,random,random,0,5,zz,4,2,vqc-zzfm-realamp,28,0,56,1,digits01,0.7685185185185185,0.25,0.5185185185185185
0.5962727864583334,0.10204225998406528,0.6856064874991155,0.11065716541670036,0.39144233333948947,0.17034402081427877,0.07967122395833333,0.017635712658853622,512,15,8,digits01_zz_r2_q4_s2,digits01_zz_r2_q4_s2__y_idle_s2031.qasm,y,idle,idle,1,15,zz,4,2,vqc-zzfm-realamp,28,0,56,1,digits01,0.7685185185185185,0.5555555555555556,0.2129629629629629
0.5343424479166666,0.13682161851142946,0.7378073492338989,0.08833770657294483,0.3113866861511863,0.12163942728079213,0.07967122395833333,0.017635712658853622,512,15,8,digits01_zz_r2_q4_s2,digits01_zz_r2_q4_s2__y_controlled_s2032.qasm,y,controlled,interface,0,8,zz,4,2,vqc-zzfm-realamp,28,0,56,1,digits01,0.7685185185185185,0.25925925925925924,0.5092592592592593
0.5543619791666666,0.12240977106480344,0.7563280215942363,0.09129264539949149,0.2870455866007454,0.12664189521139912,0.07967122395833333,0.017635712658853622,512,15,8,digits01_zz_r2_q4_s2,digits01_zz_r2_q4_s2__z_random_s2040.qasm,z,random,random,2,15,zz,4,2,vqc-zzfm-realamp,28,1,56,1,digits01,0.7685185185185185,0.6944444444444444,0.07407407407407407
0.46025390625,0.1319337142239766,0.8091125940419059,0.08393085531637269,0.2170642560975097,0.10186532458023251,0.07967122395833333,0.017635712658853622,512,15,8,digits01_zz_r2_q4_s2,digits01_zz_r2_q4_s2__z_idle_s2041.qasm,z,idle,idle,0,9,zz,4,2,vqc-zzfm-realamp,28,0,56,1,digits01,0.7685185185185185,0.28703703703703703,0.48148148148148145
0.42135416666666664,0.13089720120793713,0.8261581051284825,0.07888750775153254,0.19571758516131424,0.09848797692605221,0.07967122395833333,0.017635712658853622,512,15,8,digits01_zz_r2_q4_s2,digits01_zz_r2_q4_s2__z_controlled_s2042.qasm,z,controlled,interface,0,8,zz,4,2,vqc-zzfm-realamp,28,0,56,1,digits01,0.7685185185185185,0.5833333333333334,0.18518518518518512
0.6557942708333333,0.20025290287838432,0.645923683260005,0.16095026698034803,0.46490324501811064,0.22947588314527304,0.029345703125,0.015765688434494635,512,15,8,digits01_zz_r3_q2_s0,digits01_zz_r3_q2_s0__h_random_s0.qasm,h,random,random,1,12,zz,2,3,vqc-zzfm-realamp,18,1,27,1,digits01,0.7962962962962963,0.21296296296296297,0.5833333333333333
0.4783203125,0.1528816625183511,0.8291088708162155,0.0793106558193196,0.19205248247009085,0.09683040336278227,0.029345703125,0.015765688434494635,512,15,8,digits01_zz_r3_q2_s0,digits01_zz_r3_q2_s0__h_idle_s1.qasm,h,idle,idle,0,15,zz,2,3,vqc-zzfm-realamp,18,1,27,1,digits01,0.7962962962962963,0.5185185185185185,0.2777777777777778
0.38408203125,0.16422356344101766,0.8416577400181705,0.09811454443160424,0.17918172462282653,0.11668661109718197,0.029345703125,0.015765688434494635,512,15,8,digits01_zz_r3_q2_s0,digits01_zz_r3_q2_s0__h_controlled_s2.qasm,h,controlled,interface,0,8,zz,2,3,vqc-zzfm-realamp,18,1,27,1,digits01,0.7962962962962963,0.5555555555555556,0.2407407407407407
0.032698567708333334,0.019134139780999485,0.998367581154218,0.0012074453853151404,0.0016344845276176972,0.0012100230282639061,0.029345703125,0.015765688434494635,512,15,8,digits01_zz_r3_q2_s0,digits01_zz_r3_q2_s0__t_random_s10.qasm,t,random,random,1,18,zz,2,3,vqc-zzfm-realamp,18,1,27,1,digits01,0.7962962962962963,0.7962962962962963,0.0
0.21300455729166667,0.08419052333574634,0.9567878991707865,0.023186803824649965,0.044466375001405746,0.024184168742771277,0.029345703125,0.015765688434494635,512,15,8,digits01_zz_r3_q2_s0,digits01_zz_r3_q2_s0__t_idle_s11.qasm,t,idle,idle,0,3,zz,2,3,vqc-zzfm-realamp,18,0,27,1,digits01,0.7962962962962963,0.7407407407407407,0.05555555555555558
0.07991536458333333,0.05149894933853066,0.9865944002049313,0.011768922568991584,0.013567860474080514,0.011984907370587602,0.029345703125,0.015765688434494635,512,15,8,digits01_zz_r3_q2_s0,digits01_zz_r3_q2_s0__t_controlled_s12.qasm,t,controlled,interface,0,8,zz,2,3,vqc-zzfm-realamp,18,1,27,1,digits01,0.7962962962962963,0.8425925925925926,-0.04629629629629628
0.7027180989583334,0.12011848318061066,0.617470599542141,0.16085398117245153,0.5380798214613891,0.38179582133720064,0.029345703125,0.015765688434494635,512,15,8,digits01_zz_r3_q2_s0,digits01_zz_r3_q2_s0__x_random_s20.qasm,x,random,random,1,5,zz,2,3,vqc-zzfm-realamp,18,1,27,1,digits01,0.7962962962962963,0.6388888888888888,0.15740740740740744
0.28240559895833334,0.2466729986177112,0.9003676955314469,0.15175985444271498,0.12429031231111282,0.2123765129175832,0.029345703125,0.015765688434494635,512,15,8,digits01_zz_r3_q2_s0,digits01_zz_r3_q2_s0__x_idle_s21.qasm,x,idle,idle,0,7,zz,2,3,vqc-zzfm-realamp,18,0,27,1,digits01,0.7962962962962963,0.4722222222222222,0.32407407407407407
0.5104654947916667,0.21959700981560235,0.798198886407999,0.1706279713986393,0.2552525694891693,0.26233017380164725,0.029345703125,0.015765688434494635,512,15,8,digits01_zz_r3_q2_s0,digits01_zz_r3_q2_s0__x_controlled_s22.qasm,x,controlled,interface,0,8,zz,2,3,vqc-zzfm-realamp,18,1,27,1,digits01,0.7962962962962963,0.2222222222222222,0.5740740740740741
0.6187174479166667,0.16753236056317503,0.6998164180357397,0.16609315812291994,0.3897462417650695,0.2664371882355025,0.029345703125,0.015765688434494635,512,15,8,digits01_zz_r3_q2_s0,digits01_zz_r3_q2_s0__y_random_s30.qasm,y,random,random,0,4,zz,2,3,vqc-zzfm-realamp,18,1,27,1,digits01,0.7962962962962963,0.25,0.5462962962962963
0.7963216145833333,0.14721004787626749,0.5123428915245576,0.21752865479000907,0.8082246222513233,0.602702615398495,0.029345703125,0.015765688434494635,512,15,8,digits01_zz_r3_q2_s0,digits01_zz_r3_q2_s0__y_idle_s31.qasm,y,idle,idle,1,17,zz,2,3,vqc-zzfm-realamp,18,1,27,1,digits01,0.7962962962962963,0.2037037037037037,0.5925925925925926
0.5693684895833333,0.26497531599966984,0.7012817318391134,0.1947652768230074,0.39719366662963584,0.29959830960250006,0.029345703125,0.015765688434494635,512,15,8,digits01_zz_r3_q2_s0,digits01_zz_r3_q2_s0__y_controlled_s32.qasm,y,controlled,interface,0,8,zz,2,3,vqc-zzfm-realamp,18,1,27,1,digits01,0.7962962962962963,0.32407407407407407,0.4722222222222222
0.41769205729166664,0.17268804350460745,0.8698359457039534,0.07698413790020528,0.14342159349320935,0.0894227157040809,0.029345703125,0.015765688434494635,512,15,8,digits01_zz_r3_q2_s0,digits01_zz_r3_q2_s0__z_random_s40.qasm,z,random,random,1,13,zz,2,3,vqc-zzfm-realamp,18,1,27,1,digits01,0.7962962962962963,0.3333333333333333,0.46296296296296297
0.032698567708333334,0.019134139780999485,0.998367581154218,0.0012074453853151404,0.0016344845276176972,0.0012100230282639061,0.029345703125,0.015765688434494635,512,15,8,digits01_zz_r3_q2_s0,digits01_zz_r3_q2_s0__z_idle_s41.qasm,z,idle,idle,1,17,zz,2,3,vqc-zzfm-realamp,18,1,27,1,digits01,0.7962962962962963,0.7962962962962963,0.0
0.43896484375,0.16446198766511197,0.8357579061683429,0.10611794985054841,0.18792343573286024,0.13224436414811228,0.029345703125,0.015765688434494635,512,15,8,digits01_zz_r3_q2_s0,digits01_zz_r3_q2_s0__z_controlled_s42.qasm,z,controlled,interface,0,8,zz,2,3,vqc-zzfm-realamp,18,1,27,1,digits01,0.7962962962962963,0.5092592592592593,0.287037037037037
0.35081380208333335,0.20390758814399013,0.8854751541745832,0.0933377057274673,0.12736714971845217,0.10795176793917319,0.038899739583333336,0.01762613404385439,512,15,8,digits01_zz_r3_q2_s1,digits01_zz_r3_q2_s1__h_random_s1000.qasm,h,random,random,0,8,zz,2,3,vqc-zzfm-realamp,18,1,27,1,digits01,0.8611111111111112,0.5555555555555556,0.3055555555555556
0.36110026041666665,0.2076967584719364,0.870130829448558,0.10070754904271703,0.14603529579242458,0.11863629561626192,0.038899739583333336,0.01762613404385439,512,15,8,digits01_zz_r3_q2_s1,digits01_zz_r3_q2_s1__h_idle_s1001.qasm,h,idle,idle,1,17,zz,2,3,vqc-zzfm-realamp,18,1,27,1,digits01,0.8611111111111112,0.5833333333333334,0.2777777777777778
0.35081380208333335,0.20390758814399013,0.8854751541745832,0.0933377057274673,0.12736714971845217,0.10795176793917319,0.038899739583333336,0.01762613404385439,512,15,8,digits01_zz_r3_q2_s1,digits01_zz_r3_q2_s1__h_controlled_s1002.qasm,h,controlled,interface,0,8,zz,2,3,vqc-zzfm-realamp,18,1,27,1,digits01,0.8611111111111112,0.5555555555555556,0.3055555555555556
0.25319010416666665,0.06288129001414743,0.9517715535944419,0.02300549710030932,0.04972289379913093,0.0242048120673128,0.038899739583333336,0.01762613404385439,512,15,8,digits01_zz_r3_q2_s1,digits01_zz_r3_q2_s1__t_random_s1010.qasm,t,random,random,1,1,zz,2,3,vqc-zzfm-realamp,18,1,27,1,digits01,0.8611111111111112,0.9074074074074074,-0.04629629629629628
0.10763346354166667,0.053794203824724836,0.9896174264741474,0.007020964185325883,0.010462076858237824,0.007107656580023787,0.038899739583333336,0.01762613404385439,512,15,8,digits01_zz_r3_q2_s1,digits01_zz_r3_q2_s1__t_idle_s1011.qasm,t,idle,idle,0,7,zz,2,3,vqc-zzfm-realamp,18,0,27,1,digits01,0.8611111111111112,0.8981481481481481,-0.03703703703703698
0.10763346354166667,0.053794203824724836,0.9896174264741474,0.007020964185325883,0.010462076858237824,0.007107656580023787,0.038899739583333336,0.01762613404385439,512,15,8,digits01_zz_r3_q2_s1,digits01_zz_r3_q2_s1__t_controlled_s1012.qasm,t,controlled,interface,0,8,zz,2,3,vqc-zzfm-realamp,18,1,27,1,digits01,0.8611111111111112,0.8981481481481481,-0.03703703703703698
0.3727213541666667,0.12861525446289626,0.8820678170060582,0.05750736795408148,0.12758666120031373,0.06464881066102143,0.038899739583333336,0.01762613404385439,512,15,8,digits01_zz_r3_q2_s1,digits01_zz_r3_q2_s1__x_random_s1020.qasm,x,random,random,1,10,zz,2,3,vqc-zzfm-realamp,18,1,27,1,digits01,0.8611111111111112,0.6574074074074074,0.20370370370370372
0.38943684895833336,0.23820403246277344,0.852488889336091,0.1364549598042113,0.1737001490924518,0.17211081740894157,0.038899739583333336,0.01762613404385439,512,15,8,digits01_zz_r3_q2_s1,digits01_zz_r3_q2_s1__x_idle_s1021.qasm,x,idle,idle,0,7,zz,2,3,vqc-zzfm-realamp,18,0,27,1,digits01,0.8611111111111112,0.3148148148148148,0.5462962962962963
0.4871419270833333,0.1126143780647251,0.811381154232951,0.07463124899351053,0.21373084027926675,0.09979990965471787,0.038899739583333336,0.01762613404385439,512,15,8,digits01_zz_r3_q2_s1,digits01_zz_r3_q2_s1__x_controlled_s1022.qasm,x,controlled,interface,0,8,zz,2,3,vqc-zzfm-realamp,18,1,27,1,digits01,0.8611111111111112,0.1388888888888889,0.7222222222222223
0.498681640625,0.12140735666628986,0.8027247690471142,0.11884894050345975,0.23270535956160632,0.16806366604225462,0.038899739583333336,0.01762613404385439,512,15,8,digits01_zz_r3_q2_s1,digits01_zz_r3_q2_s1__y_random_s1030.qasm,y,random,random,0,4,zz,2,3,vqc-zzfm-realamp,18,1,27,1,digits01,0.8611111111111112,0.1574074074074074,0.7037037037037037
0.41083984375,0.13616906098058754,0.8878560995838806,0.07285942115528754,0.1226231902637387,0.08771100053908762,0.038899739583333336,0.01762613404385439,512,15,8,digits01_zz_r3_q2_s1,digits01_zz_r3_q2_s1__y_idle_s1031.qasm,y,idle,idle,1,17,zz,2,3,vqc-zzfm-realamp,18,1,27,1,digits01,0.8611111111111112,0.1388888888888889,0.7222222222222223
0.5755045572916667,0.14629382046662576,0.7457759616171487,0.12519247441654474,0.30754900816239944,0.16904548510058454,0.038899739583333336,0.01762613404385439,512,15,8,digits01_zz_r3_q2_s1,digits01_zz_r3_q2_s1__y_controlled_s1032.qasm,y,controlled,interface,0,8,zz,2,3,vqc-zzfm-realamp,18,1,27,1,digits01,0.8611111111111112,0.2962962962962963,0.5648148148148149
0.3311360677083333,0.18156551143376073,0.8980358489704526,0.07820551539243388,0.11148882788914435,0.08967569481999835,0.038899739583333336,0.01762613404385439,512,15,8,digits01_zz_r3_q2_s1,digits01_zz_r3_q2_s1__z_random_s1040.qasm,z,random,random,0,14,zz,2,3,vqc-zzfm-realamp,18,1,27,1,digits01,0.8611111111111112,0.4351851851851852,0.425925925925926
0.040755208333333334,0.018233118991184735,0.9985034986337737,0.0011896378069416928,0.0014983326680347044,0.0011922813325427487,0.038899739583333336,0.01762613404385439,512,15,8,digits01_zz_r3_q2_s1,digits01_zz_r3_q2_s1__z_idle_s1041.qasm,z,idle,idle,1,17,zz,2,3,vqc-zzfm-realamp,18,1,27,1,digits01,0.8611111111111112,0.8611111111111112,0.0
0.34791666666666665,0.09631135556531739,0.886300572918735,0.04873638049073912,0.12221626205153281,0.055140501590595095,0.038899739583333336,0.01762613404385439,512,15,8,digits01_zz_r3_q2_s1,digits01_zz_r3_q2_s1__z_controlled_s1042.qasm,z,controlled,interface,0,8,zz,2,3,vqc-zzfm-realamp,18,1,27,1,digits01,0.8611111111111112,0.6203703703703703,0.2407407407407408
0.45380859375,0.12583280971662364,0.8369559144223462,0.07760949481253308,0.18235880793055648,0.0940469546578002,0.028889973958333332,0.017686111869004494,512,15,8,digits01_zz_r3_q2_s2,digits01_zz_r3_q2_s2__h_random_s2000.qasm,h,random,random,0,9,zz,2,3,vqc-zzfm-realamp,18,1,27,1,digits01,0.8518518518518519,0.6481481481481481,0.20370370370370372
0.4168619791666667,0.17654613917944748,0.8419099933455205,0.09263133825178986,0.17830750466213333,0.11240875041983137,0.028889973958333332,0.017686111869004494,512,15,8,digits01_zz_r3_q2_s2,digits01_zz_r3_q2_s2__h_idle_s2001.qasm,h,idle,idle,0,3,zz,2,3,vqc-zzfm-realamp,18,0,27,1,digits01,0.8518518518518519,0.6111111111111112,0.2407407407407407
0.446533203125,0.1227970716056863,0.8394216399645186,0.08049488743550318,0.1799154413060834,0.10029490034910088,0.028889973958333332,0.017686111869004494,512,15,8,digits01_zz_r3_q2_s2,digits01_zz_r3_q2_s2__h_controlled_s2002.qasm,h,controlled,interface,0,8,zz,2,3,vqc-zzfm-realamp,18,1,27,1,digits01,0.8518518518518519,0.6666666666666666,0.18518518518518523
0.16769205729166667,0.06306370939656293,0.9607930860557761,0.0177185879129023,0.04016594563634989,0.018417406063407457,0.028889973958333332,0.017686111869004494,512,15,8,digits01_zz_r3_q2_s2,digits01_zz_r3_q2_s2__t_random_s2010.qasm,t,random,random,1,4,zz,2,3,vqc-zzfm-realamp,18,1,27,1,digits01,0.8518518518518519,0.7777777777777778,0.07407407407407407
0.027783203125,0.01552593616687344,0.9984486562655659,0.001262331627465929,0.0015533483844418735,0.0012653039139483874,0.028889973958333332,0.017686111869004494,512,15,8,digits01_zz_r3_q2_s2,digits01_zz_r3_q2_s2__t_idle_s2011.qasm,t,idle,idle,0,15,zz,2,3,vqc-zzfm-realamp,18,1,27,1,digits01,0.8518518518518519,0.8518518518518519,0.0
0.07972005208333334,0.033102427855259374,0.9855123598131288,0.010347653149941273,0.014648975976433769,0.010534512873593232,0.028889973958333332,0.017686111869004494,512,15,8,digits01_zz_r3_q2_s2,digits01_zz_r3_q2_s2__t_controlled_s2012.qasm,t,controlled,interface,0,8,zz,2,3,vqc-zzfm-realamp,18,1,27,1,digits01,0.8518518518518519,0.8333333333333334,0.01851851851851849
0.425146484375,0.24466404340811976,0.8154926763372605,0.13704346457828384,0.21799298884526133,0.16721045124750392,0.028889973958333332,0.017686111869004494,512,15,8,digits01_zz_r3_q2_s2,digits01_zz_r3_q2_s2__x_random_s2020.qasm,x,random,random,0,7,zz,2,3,vqc-zzfm-realamp,18,0,27,1,digits01,0.8518518518518519,0.5462962962962963,0.3055555555555556
0.8359537760416667,0.11180922631871468,0.4394939782967938,0.14861054991155156,0.8767129249547234,0.3290455979143444,0.028889973958333332,0.017686111869004494,512,15,8,digits01_zz_r3_q2_s2,digits01_zz_r3_q2_s2__x_idle_s2021.qasm,x,idle,idle,0,15,zz,2,3,vqc-zzfm-realamp,18,1,27,1,digits01,0.8518518518518519,0.14814814814814814,0.7037037037037037
0.5896809895833334,0.20097276366655267,0.733979998751699,0.1502179092773954,0.3307023406504195,0.20833253503988314,0.028889973958333332,0.017686111869004494,512,15,8,digits01_zz_r3_q2_s2,digits01_zz_r3_q2_s2__x_controlled_s2022.qasm,x,controlled,interface,0,8,zz,2,3,vqc-zzfm-realamp,18,1,27,1,digits01,0.8518518518518519,0.35185185185185186,0.5
0.7416341145833333,0.16821312606443167,0.4985051462321284,0.18775511721015642,0.7544214708463173,0.3264977826313407,0.028889973958333332,0.017686111869004494,512,15,8,digits01_zz_r3_q2_s2,digits01_zz_r3_q2_s2__y_random_s2030.qasm,y,random,random,0,6,zz,2,3,vqc-zzfm-realamp,18,1,27,1,digits01,0.8518518518518519,0.32407407407407407,0.5277777777777778
0.6638346354166667,0.09082107671236121,0.702802831061153,0.12783733706644385,0.37215034456400564,0.20616642918653522,0.028889973958333332,0.017686111869004494,512,15,8,digits01_zz_r3_q2_s2,digits01_zz_r3_q2_s2__y_idle_s2031.qasm,y,idle,idle,1,17,zz,2,3,vqc-zzfm-realamp,18,1,27,1,digits01,0.8518518518518519,0.14814814814814814,0.7037037037037037
0.6930989583333333,0.16418489926166188,0.6072150204310022,0.14811643878965,0.5250133019712465,0.22206896736422896,0.028889973958333332,0.017686111869004494,512,15,8,digits01_zz_r3_q2_s2,digits01_zz_r3_q2_s2__y_controlled_s2032.qasm,y,controlled,interface,0,8,zz,2,3,vqc-zzfm-realamp,18,1,27,1,digits01,0.8518518518518519,0.4444444444444444,0.40740740740740744
0.4322916666666667,0.11808072488793742,0.8713724571599898,0.06841122438184849,0.1408339600521422,0.07981493662990263,0.028889973958333332,0.017686111869004494,512,15,8,digits01_zz_r3_q2_s2,digits01_zz_r3_q2_s2__z_random_s2040.qasm,z,random,random,1,13,zz,2,3,vqc-zzfm-realamp,18,1,27,1,digits01,0.8518518518518519,0.5462962962962963,0.3055555555555556
0.027783203125,0.01552593616687344,0.9984486562655659,0.001262331627465929,0.0015533483844418735,0.0012653039139483874,0.028889973958333332,0.017686111869004494,512,15,8,digits01_zz_r3_q2_s2,digits01_zz_r3_q2_s2__z_idle_s2041.qasm,z,idle,idle,1,17,zz,2,3,vqc-zzfm-realamp,18,1,27,1,digits01,0.8518518518518519,0.8518518518518519,0.0
0.39285481770833336,0.20679331352197636,0.8140471187851662,0.1492160107155032,0.2278461767401849,0.22565972314286456,0.028889973958333332,0.017686111869004494,512,15,8,digits01_zz_r3_q2_s2,digits01_zz_r3_q2_s2__z_controlled_s2042.qasm,z,controlled,interface,0,8,zz,2,3,vqc-zzfm-realamp,18,1,27,1,digits01,0.8518518518518519,0.7592592592592593,0.09259259259259256
0.40009765625,0.10387787013061407,0.8521360631222542,0.05340620192963782,0.1619811351149497,0.06287604133917352,0.08063151041666666,0.017312414751328796,512,15,8,digits01_zz_r3_q4_s0,digits01_zz_r3_q4_s0__h_random_s0.qasm,h,random,random,3,12,zz,4,3,vqc-zzfm-realamp,31,0,63,1,digits01,0.8333333333333334,0.7685185185185185,0.06481481481481488
0.5307454427083333,0.13087625625559604,0.7538001050093055,0.12423896082998201,0.29734866390469133,0.1750052084610078,0.08063151041666666,0.017312414751328796,512,15,8,digits01_zz_r3_q4_s0,digits01_zz_r3_q4_s0__h_idle_s1.qasm,h,idle,idle,0,9,zz,4,3,vqc-zzfm-realamp,31,0,63,1,digits01,0.8333333333333334,0.3333333333333333,0.5
0.41207682291666664,0.09864215332385583,0.8481510795001423,0.06238749471081822,0.16745907126923498,0.07473492630824936,0.08063151041666666,0.017312414751328796,512,15,8,digits01_zz_r3_q4_s0,digits01_zz_r3_q4_s0__h_controlled_s2.qasm,h,controlled,interface,0,8,zz,4,3,vqc-zzfm-realamp,31,0,63,1,digits01,0.8333333333333334,0.4166666666666667,0.4166666666666667
0.08294270833333334,0.01921444452676741,0.9922060480036069,0.002702787988499531,0.00782819589905805,0.002725218188009953,0.08063151041666666,0.017312414751328796,512,15,8,digits01_zz_r3_q4_s0,digits01_zz_r3_q4_s0__t_random_s10.qasm,t,random,random,3,18,zz,4,3,vqc-zzfm-realamp,31,0,63,1,digits01,0.8333333333333334,0.8333333333333334,0.0
0.21253255208333333,0.06484697734762654,0.9556051241916352,0.017258846242949148,0.045573532451340895,0.018055803339346043,0.08063151041666666,0.017312414751328796,512,15,8,digits01_zz_r3_q4_s0,digits01_zz_r3_q4_s0__t_idle_s11.qasm,t,idle,idle,3,2,zz,4,3,vqc-zzfm-realamp,31,0,63,1,digits01,0.8333333333333334,0.8055555555555556,0.02777777777777779
0.148779296875,0.03640422984618362,0.9765023588569375,0.008743875147292553,0.023818170387187632,0.008948923117257977,0.08063151041666666,0.017312414751328796,512,15,8,digits01_zz_r3_q4_s0,digits01_zz_r3_q4_s0__t_controlled_s12.qasm,t,controlled,interface,0,8,zz,4,3,vqc-zzfm-realamp,31,0,63,1,digits01,0.8333333333333334,0.8333333333333334,0.0
0.5261067708333333,0.10490721867131513,0.7504512155660822,0.07078739984417488,0.29136267519724607,0.09170300070603428,0.08063151041666666,0.017312414751328796,512,15,8,digits01_zz_r3_q4_s0,digits01_zz_r3_q4_s0__x_random_s20.qasm,x,random,random,3,5,zz,4,3,vqc-zzfm-realamp,31,0,63,1,digits01,0.8333333333333334,0.6851851851851852,0.14814814814814814
0.32732747395833334,0.0731742288161694,0.8918728920468232,0.030563500348848964,0.1150208024513742,0.034357278664893215,0.08063151041666666,0.017312414751328796,512,15,8,digits01_zz_r3_q4_s0,digits01_zz_r3_q4_s0__x_idle_s21.qasm,x,idle,idle,2,6,zz,4,3,vqc-zzfm-realamp,31,0,63,1,digits01,0.8333333333333334,0.7314814814814815,0.10185185185185186
0.525146484375,0.13063047516221923,0.7587099248342501,0.118657742094638,0.2902664495938627,0.17447837488423476,0.08063151041666666,0.017312414751328796,512,15,8,digits01_zz_r3_q4_s0,digits01_zz_r3_q4_s0__x_controlled_s22.qasm,x,controlled,interface,0,8,zz,4,3,vqc-zzfm-realamp,31,0,63,1,digits01,0.8333333333333334,0.2962962962962963,0.5370370370370371
0.593505859375,0.10175311467607741,0.7149322585156032,0.08580565623197524,0.3432769524268767,0.12649627994784562,0.08063151041666666,0.017312414751328796,512,15,8,digits01_zz_r3_q4_s0,digits01_zz_r3_q4_s0__y_random_s30.qasm,y,random,random,0,4,zz,4,3,vqc-zzfm-realamp,31,0,63,1,digits01,0.8333333333333334,0.3611111111111111,0.47222222222222227
0.6076497395833333,0.10084197771834419,0.7118329890693709,0.09474325592636858,0.3489662111661289,0.13548735872423398,0.08063151041666666,0.017312414751328796,512,15,8,digits01_zz_r3_q4_s0,digits01_zz_r3_q4_s0__y_idle_s31.qasm,y,idle,idle,0,9,zz,4,3,vqc-zzfm-realamp,31,0,63,1,digits01,0.8333333333333334,0.25,0.5833333333333334
0.6076497395833333,0.10084197771834419,0.7118329890693709,0.09474325592636858,0.3489662111661289,0.13548735872423398,0.08063151041666666,0.017312414751328796,512,15,8,digits01_zz_r3_q4_s0,digits01_zz_r3_q4_s0__y_controlled_s32.qasm,y,controlled,interface,0,8,zz,4,3,vqc-zzfm-realamp,31,0,63,1,digits01,0.8333333333333334,0.25,0.5833333333333334
0.5655436197916667,0.16444198961330128,0.7299396802394149,0.11189794601588558,0.3257957346393706,0.14603358200162156,0.08063151041666666,0.017312414751328796,512,15,8,digits01_zz_r3_q4_s0,digits01_zz_r3_q4_s0__z_random_s40.qasm,z,random,random,2,18,zz,4,3,vqc-zzfm-realamp,31,1,63,1,digits01,0.8333333333333334,0.5833333333333334,0.25
0.6053873697916666,0.09719860077562953,0.7154333178745241,0.08109516050200491,0.34123189879976484,0.1127163075444142,0.08063151041666666,0.017312414751328796,512,15,8,digits01_zz_r3_q4_s0,digits01_zz_r3_q4_s0__z_idle_s41.qasm,z,idle,idle,1,15,zz,4,3,vqc-zzfm-realamp,31,0,63,1,digits01,0.8333333333333334,0.5925925925925926,0.2407407407407408
0.3292317708333333,0.10365855076657646,0.8899588148012929,0.055133740874247175,0.11854053089874608,0.06297832340517266,0.08063151041666666,0.017312414751328796,512,15,8,digits01_zz_r3_q4_s0,digits01_zz_r3_q4_s0__z_controlled_s42.qasm,z,controlled,interface,0,8,zz,4,3,vqc-zzfm-realamp,31,0,63,1,digits01,0.8333333333333334,0.6203703703703703,0.21296296296296302
0.42888997395833334,0.13196764636021757,0.8416711885351513,0.07925955301449783,0.17684640239366392,0.09493579067424063,0.08277994791666667,0.01764524103496983,512,15,8,digits01_zz_r3_q4_s1,digits01_zz_r3_q4_s1__h_random_s1000.qasm,h,random,random,0,8,zz,4,3,vqc-zzfm-realamp,31,0,63,1,digits01,0.8981481481481481,0.5648148148148148,0.33333333333333337
0.34396158854166664,0.06720746160274138,0.8803737336369598,0.03534371055947467,0.12821929508469593,0.04032476374161762,0.08277994791666667,0.01764524103496983,512,15,8,digits01_zz_r3_q4_s1,digits01_zz_r3_q4_s1__h_idle_s1001.qasm,h,idle,idle,3,17,zz,4,3,vqc-zzfm-realamp,31,0,63,1,digits01,0.8981481481481481,0.5833333333333334,0.31481481481481477
0.42888997395833334,0.13196764636021757,0.8416711885351513,0.07925955301449783,0.17684640239366392,0.09493579067424063,0.08277994791666667,0.01764524103496983,512,15,8,digits01_zz_r3_q4_s1,digits01_zz_r3_q4_s1__h_controlled_s1002.qasm,h,controlled,interface,0,8,zz,4,3,vqc-zzfm-realamp,31,0,63,1,digits01,0.8981481481481481,0.5648148148148148,0.33333333333333337
0.18523763020833334,0.04486380689386199,0.9641365296762557,0.016526654425166983,0.03667163674638806,0.017347804140090052,0.08277994791666667,0.01764524103496983,512,15,8,digits01_zz_r3_q4_s1,digits01_zz_r3_q4_s1__t_random_s1010.qasm,t,random,random,2,2,zz,4,3,vqc-zzfm-realamp,31,0,63,1,digits01,0.8981481481481481,0.8055555555555556,0.09259259259259256
0.19485677083333333,0.04981600497774059,0.9637422858062777,0.015126546559555249,0.03705549609252019,0.015787680595641868,0.08277994791666667,0.01764524103496983,512,15,8,digits01_zz_r3_q4_s1,digits01_zz_r3_q4_s1__t_idle_s1011.qasm,t,idle,idle,0,6,zz,4,3,vqc-zzfm-realamp,31,0,63,1,digits01,0.8981481481481481,0.8703703703703703,0.02777777777777779
0.19485677083333333,0.04981600497774059,0.9637422858062777,0.015126546559555249,0.03705549609252019,0.015787680595641868,0.08277994791666667,0.01764524103496983,512,15,8,digits01_zz_r3_q4_s1,digits01_zz_r3_q4_s1__t_controlled_s1012.qasm,t,controlled,interface,0,8,zz,4,3,vqc-zzfm-realamp,31,0,63,1,digits01,0.8981481481481481,0.8703703703703703,0.02777777777777779
0.2823404947916667,0.12118082067733274,0.9082766079178732,0.07200919875754741,0.09962622552482038,0.08450674939654357,0.08277994791666667,0.01764524103496983,512,15,8,digits01_zz_r3_q4_s1,digits01_zz_r3_q4_s1__x_random_s1020.qasm,x,random,random,3,10,zz,4,3,vqc-zzfm-realamp,31,1,63,1,digits01,0.8981481481481481,0.6388888888888888,0.2592592592592593
0.5050944010416667,0.10909396320420409,0.7653177885252578,0.09578943198349119,0.27604316279069996,0.1341860012213272,0.08277994791666667,0.01764524103496983,512,15,8,digits01_zz_r3_q4_s1,digits01_zz_r3_q4_s1__x_idle_s1021.qasm,x,idle,idle,1,6,zz,4,3,vqc-zzfm-realamp,31,0,63,1,digits01,0.8981481481481481,0.4351851851851852,0.46296296296296297
0.4720865885416667,0.08482927861294595,0.7857837063837486,0.08682248241295669,0.24742320328458722,0.11388774457802951,0.08277994791666667,0.01764524103496983,512,15,8,digits01_zz_r3_q4_s1,digits01_zz_r3_q4_s1__x_controlled_s1022.qasm,x,controlled,interface,0,8,zz,4,3,vqc-zzfm-realamp,31,0,63,1,digits01,0.8981481481481481,0.18518518518518517,0.712962962962963
0.40232747395833335,0.07332785607603912,0.8450308270249465,0.05678580316717977,0.17073007613615718,0.06921138805925374,0.08277994791666667,0.01764524103496983,512,15,8,digits01_zz_r3_q4_s1,digits01_zz_r3_q4_s1__y_random_s1030.qasm,y,random,random,1,6,zz,4,3,vqc-zzfm-realamp,31,0,63,1,digits01,0.8981481481481481,0.6759259259259259,0.2222222222222222
0.48777669270833335,0.13226576724304215,0.7927796683751427,0.11710570801116525,0.2447240780128586,0.1640518142434093,0.08277994791666667,0.01764524103496983,512,15,8,digits01_zz_r3_q4_s1,digits01_zz_r3_q4_s1__y_idle_s1031.qasm,y,idle,idle,3,17,zz,4,3,vqc-zzfm-realamp,31,0,63,1,digits01,0.8981481481481481,0.10185185185185185,0.7962962962962963
0.4425130208333333,0.12092239780633131,0.8196749405143777,0.08280224635932545,0.20442525020608995,0.10809256099306903,0.08277994791666667,0.01764524103496983,512,15,8,digits01_zz_r3_q4_s1,digits01_zz_r3_q4_s1__y_controlled_s1032.qasm,y,controlled,interface,0,8,zz,4,3,vqc-zzfm-realamp,31,0,63,1,digits01,0.8981481481481481,0.17592592592592593,0.7222222222222222
0.5202473958333333,0.10106892955330213,0.7623114589622981,0.09183888577015009,0.27901718890091903,0.12499712346614596,0.08277994791666667,0.01764524103496983,512,15,8,digits01_zz_r3_q4_s1,digits01_zz_r3_q4_s1__z_random_s1040.qasm,z,random,random,1,21,zz,4,3,vqc-zzfm-realamp,31,1,63,1,digits01,0.8981481481481481,0.1111111111111111,0.787037037037037
0.08697916666666666,0.018451490248880004,0.9917403676202026,0.003005307622687534,0.008298529392295693,0.0030331998993760284,0.08277994791666667,0.01764524103496983,512,15,8,digits01_zz_r3_q4_s1,digits01_zz_r3_q4_s1__z_idle_s1041.qasm,z,idle,idle,2,24,zz,4,3,vqc-zzfm-realamp,31,0,63,1,digits01,0.8981481481481481,0.8981481481481481,0.0
0.36884765625,0.11529743430422484,0.8701132225761086,0.06294092564412777,0.1418357450369499,0.07415385720930154,0.08277994791666667,0.01764524103496983,512,15,8,digits01_zz_r3_q4_s1,digits01_zz_r3_q4_s1__z_controlled_s1042.qasm,z,controlled,interface,0,8,zz,4,3,vqc-zzfm-realamp,31,0,63,1,digits01,0.8981481481481481,0.8888888888888888,0.0092592592592593
0.4449544270833333,0.15121022257461628,0.8126348057790053,0.1014934157844586,0.21556827298338496,0.12852597172439933,0.07975260416666667,0.01906896485036379,512,15,8,digits01_zz_r3_q4_s2,digits01_zz_r3_q4_s2__h_random_s2000.qasm,h,random,random,0,9,zz,4,3,vqc-zzfm-realamp,31,0,63,1,digits01,0.8981481481481481,0.32407407407407407,0.5740740740740741
0.480322265625,0.04937915800589861,0.8220011158588384,0.041322768778325185,0.19731736591726723,0.05148118310847972,0.07975260416666667,0.01906896485036379,512,15,8,digits01_zz_r3_q4_s2,digits01_zz_r3_q4_s2__h_idle_s2001.qasm,h,idle,idle,2,2,zz,4,3,vqc-zzfm-realamp,31,0,63,1,digits01,0.8981481481481481,0.39814814814814814,0.5
0.49192708333333335,0.14757707324286268,0.7776041958040719,0.11239225107475187,0.2622927189433576,0.14804617407030524,0.07975260416666667,0.01906896485036379,512,15,8,digits01_zz_r3_q4_s2,digits01_zz_r3_q4_s2__h_controlled_s2002.qasm,h,controlled,interface,0,8,zz,4,3,vqc-zzfm-realamp,31,0,63,1,digits01,0.8981481481481481,0.4444444444444444,0.4537037037037037
0.20895182291666667,0.04523497047244665,0.9532222117246246,0.01447270442793956,0.04802312532006113,0.015245785717728357,0.07975260416666667,0.01906896485036379,512,15,8,digits01_zz_r3_q4_s2,digits01_zz_r3_q4_s2__t_random_s2010.qasm,t,random,random,3,4,zz,4,3,vqc-zzfm-realamp,31,1,63,1,digits01,0.8981481481481481,0.8425925925925926,0.05555555555555558
0.19459635416666668,0.044275332951479986,0.9606305569107683,0.013187753908111173,0.04026019759734731,0.013792442304050776,0.07975260416666667,0.01906896485036379,512,15,8,digits01_zz_r3_q4_s2,digits01_zz_r3_q4_s2__t_idle_s2011.qasm,t,idle,idle,3,13,zz,4,3,vqc-zzfm-realamp,31,0,63,1,digits01,0.8981481481481481,0.8703703703703703,0.02777777777777779
0.16456705729166668,0.027259328188536443,0.9711589109088017,0.008713516554570701,0.029305616992033094,0.009005623635265848,0.07975260416666667,0.01906896485036379,512,15,8,digits01_zz_r3_q4_s2,digits01_zz_r3_q4_s2__t_controlled_s2012.qasm,t,controlled,interface,0,8,zz,4,3,vqc-zzfm-realamp,31,0,63,1,digits01,0.8981481481481481,0.8888888888888888,0.0092592592592593
0.46144205729166665,0.11568686975048352,0.7987411791426577,0.07326094211965414,0.22888065800234417,0.09103146023801968,0.07975260416666667,0.01906896485036379,512,15,8,digits01_zz_r3_q4_s2,digits01_zz_r3_q4_s2__x_random_s2020.qasm,x,random,random,0,7,zz,4,3,vqc-zzfm-realamp,31,0,63,1,digits01,0.8981481481481481,0.5092592592592593,0.38888888888888884
0.42828776041666666,0.04119904373112641,0.823659071445153,0.041489959700798815,0.1953004030254294,0.05136751919979158,0.07975260416666667,0.01906896485036379,512,15,8,digits01_zz_r3_q4_s2,digits01_zz_r3_q4_s2__x_idle_s2021.qasm,x,idle,idle,0,13,zz,4,3,vqc-zzfm-realamp,31,0,63,1,digits01,0.8981481481481481,0.42592592592592593,0.4722222222222222
0.5755208333333334,0.16459338966260814,0.6857695998999623,0.16883409353032605,0.4100189403741929,0.26145578459634433,0.07975260416666667,0.01906896485036379,512,15,8,digits01_zz_r3_q4_s2,digits01_zz_r3_q4_s2__x_controlled_s2022.qasm,x,controlled,interface,0,8,zz,4,3,vqc-zzfm-realamp,31,0,63,1,digits01,0.8981481481481481,0.1574074074074074,0.7407407407407407
0.5701334635416667,0.11747983173223375,0.7230047337361118,0.10709257916404116,0.3352062670424197,0.14717532619467852,0.07975260416666667,0.01906896485036379,512,15,8,digits01_zz_r3_q4_s2,digits01_zz_r3_q4_s2__y_random_s2030.qasm,y,random,random,0,6,zz,4,3,vqc-zzfm-realamp,31,0,63,1,digits01,0.8981481481481481,0.4537037037037037,0.4444444444444444
0.6024088541666667,0.07421949241222249,0.6862863960362101,0.06334409615995218,0.3807537302688149,0.09287278842182249,0.07975260416666667,0.01906896485036379,512,15,8,digits01_zz_r3_q4_s2,digits01_zz_r3_q4_s2__y_idle_s2031.qasm,y,idle,idle,0,9,zz,4,3,vqc-zzfm-realamp,31,0,63,1,digits01,0.8981481481481481,0.3425925925925926,0.5555555555555556
0.6024088541666667,0.07421949241222249,0.6862863960362101,0.06334409615995218,0.3807537302688149,0.09287278842182249,0.07975260416666667,0.01906896485036379,512,15,8,digits01_zz_r3_q4_s2,digits01_zz_r3_q4_s2__y_controlled_s2032.qasm,y,controlled,interface,0,8,zz,4,3,vqc-zzfm-realamp,31,0,63,1,digits01,0.8981481481481481,0.3425925925925926,0.5555555555555556
0.5104817708333333,0.0809577315028856,0.7679753082208693,0.062348064623925,0.2672563475737078,0.0805249556071398,0.07975260416666667,0.01906896485036379,512,15,8,digits01_zz_r3_q4_s2,digits01_zz_r3_q4_s2__z_random_s2040.qasm,z,random,random,2,17,zz,4,3,vqc-zzfm-realamp,31,1,63,1,digits01,0.8981481481481481,0.3888888888888889,0.5092592592592593
0.46144205729166665,0.13655693917745665,0.8073298232086763,0.10616811376425483,0.22315064751138483,0.13711137843024046,0.07975260416666667,0.01906896485036379,512,15,8,digits01_zz_r3_q4_s2,digits01_zz_r3_q4_s2__z_idle_s2041.qasm,z,idle,idle,1,15,zz,4,3,vqc-zzfm-realamp,31,0,63,1,digits01,0.8981481481481481,0.5185185185185185,0.37962962962962965
0.40333658854166665,0.123017160100791,0.8410746751267557,0.06781449138355533,0.17632171144870998,0.08058157675630678,0.07975260416666667,0.01906896485036379,512,15,8,digits01_zz_r3_q4_s2,digits01_zz_r3_q4_s2__z_controlled_s2042.qasm,z,controlled,interface,0,8,zz,4,3,vqc-zzfm-realamp,31,0,63,1,digits01,0.8981481481481481,0.7037037037037037,0.19444444444444442
0.4244466145833333,0.22712248718368355,0.8474769919584763,0.12085619144139323,0.17629631422729777,0.14930314638883108,0.035888671875,0.016180833187459196,512,15,8,breast_cancer_z_r1_q2_s0,breast_cancer_z_r1_q2_s0__h_random_s0.qasm,h,random,random,1,5,z,2,1,vqc-zfm-realamp,8,1,15,1,breast_cancer,0.8947368421052632,0.8596491228070176,0.03508771929824561
0.3431315104166667,0.14199455687190016,0.8746518774945453,0.07979092567681888,0.1382627762997228,0.09409651709785209,0.035888671875,0.016180833187459196,512,15,8,breast_cancer_z_r1_q2_s0,breast_cancer_z_r1_q2_s0__h_idle_s1.qasm,h,idle,idle,1,7,z,2,1,vqc-zfm-realamp,8,1,15,1,breast_cancer,0.8947368421052632,0.6023391812865497,0.29239766081871343
0.53828125,0.17859054317804796,0.8001579561783833,0.13590455879463434,0.23903410978162318,0.18439391839713692,0.035888671875,0.016180833187459196,512,15,8,breast_cancer_z_r1_q2_s0,breast_cancer_z_r1_q2_s0__h_controlled_s2.qasm,h,controlled,interface,0,4,z,2,1,vqc-zfm-realamp,8,1,15,1,breast_cancer,0.8947368421052632,0.1111111111111111,0.7836257309941521
0.034619140625,0.017838356035663555,0.9985708459508675,0.0011396557935431906,0.0014308282124633998,0.0011421817765563346,0.035888671875,0.016180833187459196,512,15,8,breast_cancer_z_r1_q2_s0,breast_cancer_z_r1_q2_s0__t_random_s10.qasm,t,random,random,1,8,z,2,1,vqc-zfm-realamp,8,1,15,1,breast_cancer,0.8947368421052632,0.8947368421052632,0.0
0.034619140625,0.017838356035663555,0.9985708459508675,0.0011396557935431906,0.0014308282124633998,0.0011421817765563346,0.035888671875,0.016180833187459196,512,15,8,breast_cancer_z_r1_q2_s0,breast_cancer_z_r1_q2_s0__t_idle_s11.qasm,t,idle,idle,0,7,z,2,1,vqc-zfm-realamp,8,1,15,1,breast_cancer,0.8947368421052632,0.8947368421052632,0.0
0.07713216145833333,0.048620650248616386,0.9919825118483429,0.010596219564122104,0.00810764882834119,0.010793602847621635,0.035888671875,0.016180833187459196,512,15,8,breast_cancer_z_r1_q2_s0,breast_cancer_z_r1_q2_s0__t_controlled_s12.qasm,t,controlled,interface,0,4,z,2,1,vqc-zfm-realamp,8,1,15,1,breast_cancer,0.8947368421052632,0.9181286549707602,-0.023391812865497075
0.41326497395833334,0.22682549949252867,0.853786041452554,0.10094130139790168,0.16502061694201436,0.11769465435560598,0.035888671875,0.016180833187459196,512,15,8,breast_cancer_z_r1_q2_s0,breast_cancer_z_r1_q2_s0__x_random_s20.qasm,x,random,random,1,2,z,2,1,vqc-zfm-realamp,8,1,15,1,breast_cancer,0.8947368421052632,0.9122807017543859,-0.01754385964912275
0.687744140625,0.17288697305675832,0.609885089992994,0.1856480879680046,0.5413556345392133,0.30714544430000496,0.035888671875,0.016180833187459196,512,15,8,breast_cancer_z_r1_q2_s0,breast_cancer_z_r1_q2_s0__x_idle_s21.qasm,x,idle,idle,1,7,z,2,1,vqc-zfm-realamp,8,1,15,1,breast_cancer,0.8947368421052632,0.10526315789473684,0.7894736842105263
0.30763346354166665,0.22831340598421987,0.9005868455084425,0.11728400166512465,0.11411956323190733,0.14076533204960495,0.035888671875,0.016180833187459196,512,15,8,breast_cancer_z_r1_q2_s0,breast_cancer_z_r1_q2_s0__x_controlled_s22.qasm,x,controlled,interface,0,4,z,2,1,vqc-zfm-realamp,8,1,15,1,breast_cancer,0.8947368421052632,0.3567251461988304,0.5380116959064327
0.31106770833333336,0.23357539563772525,0.897063695839037,0.1254272348693884,0.11964327873695656,0.15284437782529486,0.035888671875,0.016180833187459196,512,15,8,breast_cancer_z_r1_q2_s0,breast_cancer_z_r1_q2_s0__y_random_s30.qasm,y,random,random,0,2,z,2,1,vqc-zfm-realamp,8,1,15,1,breast_cancer,0.8947368421052632,0.3567251461988304,0.5380116959064327
0.475,0.21620420349532862,0.8278710898758284,0.1385040409410573,0.20553511327648946,0.19088648677687856,0.035888671875,0.016180833187459196,512,15,8,breast_cancer_z_r1_q2_s0,breast_cancer_z_r1_q2_s0__y_idle_s31.qasm,y,idle,idle,0,7,z,2,1,vqc-zfm-realamp,8,1,15,1,breast_cancer,0.8947368421052632,0.10526315789473684,0.7894736842105263
0.4825520833333333,0.21603609907430832,0.8197460134919119,0.14071132893751784,0.2162578684175983,0.19574152182947846,0.035888671875,0.016180833187459196,512,15,8,breast_cancer_z_r1_q2_s0,breast_cancer_z_r1_q2_s0__y_controlled_s32.qasm,y,controlled,interface,0,4,z,2,1,vqc-zfm-realamp,8,1,15,1,breast_cancer,0.8947368421052632,0.1286549707602339,0.7660818713450293
0.6957356770833333,0.16997727622453576,0.5989195687913121,0.16368607170659916,0.5499077945923211,0.27348463956720614,0.035888671875,0.016180833187459196,512,15,8,breast_cancer_z_r1_q2_s0,breast_cancer_z_r1_q2_s0__z_random_s40.qasm,z,random,random,1,6,z,2,1,vqc-zfm-realamp,8,1,15,1,breast_cancer,0.8947368421052632,0.1286549707602339,0.7660818713450293
0.034619140625,0.017838356035663555,0.9985708459508675,0.0011396557935431906,0.0014308282124633998,0.0011421817765563346,0.035888671875,0.016180833187459196,512,15,8,breast_cancer_z_r1_q2_s0,breast_cancer_z_r1_q2_s0__z_idle_s41.qasm,z,idle,idle,0,7,z,2,1,vqc-zfm-realamp,8,1,15,1,breast_cancer,0.8947368421052632,0.8947368421052632,0.0
0.4337239583333333,0.18109951275987507,0.8555945896603298,0.08721747966159267,0.16118931727800115,0.10249959165903846,0.035888671875,0.016180833187459196,512,15,8,breast_cancer_z_r1_q2_s0,breast_cancer_z_r1_q2_s0__z_controlled_s42.qasm,z,controlled,interface,0,4,z,2,1,vqc-zfm-realamp,8,1,15,1,breast_cancer,0.8947368421052632,0.6491228070175439,0.24561403508771928
0.542138671875,0.24338537641628746,0.754759715863509,0.16593804628814693,0.30718734266826453,0.2312462816513248,0.033284505208333336,0.016261834619782135,512,15,8,breast_cancer_z_r1_q2_s1,breast_cancer_z_r1_q2_s1__h_random_s1000.qasm,h,random,random,0,4,z,2,1,vqc-zfm-realamp,8,1,15,1,breast_cancer,0.9181286549707602,0.2631578947368421,0.6549707602339181
0.452001953125,0.09568906096836549,0.8221445024021159,0.06129493446688969,0.1986963200412807,0.07616873315044843,0.033284505208333336,0.016261834619782135,512,15,8,breast_cancer_z_r1_q2_s1,breast_cancer_z_r1_q2_s1__h_idle_s1001.qasm,h,idle,idle,1,7,z,2,1,vqc-zfm-realamp,8,1,15,1,breast_cancer,0.9181286549707602,0.4269005847953216,0.4912280701754386
0.542138671875,0.24338537641628746,0.754759715863509,0.16593804628814693,0.30718734266826453,0.2312462816513248,0.033284505208333336,0.016261834619782135,512,15,8,breast_cancer_z_r1_q2_s1,breast_cancer_z_r1_q2_s1__h_controlled_s1002.qasm,h,controlled,interface,0,4,z,2,1,vqc-zfm-realamp,8,1,15,1,breast_cancer,0.9181286549707602,0.2631578947368421,0.6549707602339181
0.036474609375,0.018913005536187664,0.9984747028725979,0.001649825940321361,0.0015278322717883718,0.0016574032768429674,0.033284505208333336,0.016261834619782135,512,15,8,breast_cancer_z_r1_q2_s1,breast_cancer_z_r1_q2_s1__t_random_s1010.qasm,t,random,random,1,0,z,2,1,vqc-zfm-realamp,8,1,15,1,breast_cancer,0.9181286549707602,0.9181286549707602,0.0
0.036474609375,0.018913005536187664,0.9984747028725979,0.001649825940321361,0.0015278322717883718,0.0016574032768429674,0.033284505208333336,0.016261834619782135,512,15,8,breast_cancer_z_r1_q2_s1,breast_cancer_z_r1_q2_s1__t_idle_s1011.qasm,t,idle,idle,1,7,z,2,1,vqc-zfm-realamp,8,1,15,1,breast_cancer,0.9181286549707602,0.9181286549707602,0.0
0.07275390625,0.03562713616642374,0.9909130438602821,0.009476217479462128,0.00917458192429412,0.009619704217862264,0.033284505208333336,0.016261834619782135,512,15,8,breast_cancer_z_r1_q2_s1,breast_cancer_z_r1_q2_s1__t_controlled_s1012.qasm,t,controlled,interface,0,4,z,2,1,vqc-zfm-realamp,8,1,15,1,breast_cancer,0.9181286549707602,0.9298245614035088,-0.011695906432748537
0.07208658854166666,0.02995993994807116,0.9950278331468445,0.003003756093427328,0.004989130885468421,0.0030213555026979144,0.033284505208333336,0.016261834619782135,512,15,8,breast_cancer_z_r1_q2_s1,breast_cancer_z_r1_q2_s1__x_random_s1020.qasm,x,random,random,1,5,z,2,1,vqc-zfm-realamp,8,1,15,1,breast_cancer,0.9181286549707602,0.9239766081871345,-0.005847953216374213
0.5387044270833333,0.19709666588105845,0.7674103382046827,0.1393684020828626,0.28206471714845843,0.18854089441485639,0.033284505208333336,0.016261834619782135,512,15,8,breast_cancer_z_r1_q2_s1,breast_cancer_z_r1_q2_s1__x_idle_s1021.qasm,x,idle,idle,0,7,z,2,1,vqc-zfm-realamp,8,1,15,1,breast_cancer,0.9181286549707602,0.08187134502923976,0.8362573099415205
0.41290690104166666,0.24755560765084192,0.8439579685046988,0.15853176632899343,0.19061244463491364,0.21399692101332557,0.033284505208333336,0.016261834619782135,512,15,8,breast_cancer_z_r1_q2_s1,breast_cancer_z_r1_q2_s1__x_controlled_s1022.qasm,x,controlled,interface,0,4,z,2,1,vqc-zfm-realamp,8,1,15,1,breast_cancer,0.9181286549707602,0.30409356725146197,0.6140350877192983
0.4055989583333333,0.246660090178378,0.8500062119083966,0.15560140265713865,0.18254585698696038,0.2095890111927861,0.033284505208333336,0.016261834619782135,512,15,8,breast_cancer_z_r1_q2_s1,breast_cancer_z_r1_q2_s1__y_random_s1030.qasm,y,random,random,0,2,z,2,1,vqc-zfm-realamp,8,1,15,1,breast_cancer,0.9181286549707602,0.30994152046783624,0.6081871345029239
0.52744140625,0.22738251415696872,0.7406405054586158,0.16739294254497686,0.32541096741886216,0.22343033654164346,0.033284505208333336,0.016261834619782135,512,15,8,breast_cancer_z_r1_q2_s1,breast_cancer_z_r1_q2_s1__y_idle_s1031.qasm,y,idle,idle,1,7,z,2,1,vqc-zfm-realamp,8,1,15,1,breast_cancer,0.9181286549707602,0.08187134502923976,0.8362573099415205
0.5439127604166667,0.18523067618512137,0.7705298524716289,0.13510583141367202,0.27686778157615966,0.18233262766844344,0.033284505208333336,0.016261834619782135,512,15,8,breast_cancer_z_r1_q2_s1,breast_cancer_z_r1_q2_s1__y_controlled_s1032.qasm,y,controlled,interface,0,4,z,2,1,vqc-zfm-realamp,8,1,15,1,breast_cancer,0.9181286549707602,0.07602339181286549,0.8421052631578947
0.036474609375,0.018913005536187664,0.9984747028725979,0.001649825940321361,0.0015278322717883718,0.0016574032768429674,0.033284505208333336,0.016261834619782135,512,15,8,breast_cancer_z_r1_q2_s1,breast_cancer_z_r1_q2_s1__z_random_s1040.qasm,z,random,random,0,7,z,2,1,vqc-zfm-realamp,8,1,15,1,breast_cancer,0.9181286549707602,0.9181286549707602,0.0
0.036474609375,0.018913005536187664,0.9984747028725979,0.001649825940321361,0.0015278322717883718,0.0016574032768429674,0.033284505208333336,0.016261834619782135,512,15,8,breast_cancer_z_r1_q2_s1,breast_cancer_z_r1_q2_s1__z_idle_s1041.qasm,z,idle,idle,1,7,z,2,1,vqc-zfm-realamp,8,1,15,1,breast_cancer,0.9181286549707602,0.9181286549707602,0.0
0.30439453125,0.1525913723561105,0.8994252035873721,0.06481071651492488,0.10856809960881254,0.07149079905565286,0.033284505208333336,0.016261834619782135,512,15,8,breast_cancer_z_r1_q2_s1,breast_cancer_z_r1_q2_s1__z_controlled_s1042.qasm,z,controlled,interface,0,4,z,2,1,vqc-zfm-realamp,8,1,15,1,breast_cancer,0.9181286549707602,0.6842105263157895,0.23391812865497075
0.3431477864583333,0.1857962954608231,0.8902845529652793,0.08471139048607612,0.12098481289646391,0.09900784152689836,0.03837890625,0.01726178386877662,512,15,8,breast_cancer_z_r1_q2_s2,breast_cancer_z_r1_q2_s2__h_random_s2000.qasm,h,random,random,0,5,z,2,1,vqc-zfm-realamp,8,1,15,1,breast_cancer,0.9239766081871345,0.3567251461988304,0.567251461988304
0.37228190104166664,0.10397472626933202,0.8616858042474494,0.053113272717032936,0.15078005891375607,0.06202714451110151,0.03837890625,0.01726178386877662,512,15,8,breast_cancer_z_r1_q2_s2,breast_cancer_z_r1_q2_s2__h_idle_s2001.qasm,h,idle,idle,0,7,z,2,1,vqc-zfm-realamp,8,1,15,1,breast_cancer,0.9239766081871345,0.3216374269005848,0.6023391812865497
0.4410807291666667,0.193604729995885,0.8576762236122817,0.10826169564146623,0.1619845638864134,0.13205248353335056,0.03837890625,0.01726178386877662,512,15,8,breast_cancer_z_r1_q2_s2,breast_cancer_z_r1_q2_s2__h_controlled_s2002.qasm,h,controlled,interface,0,4,z,2,1,vqc-zfm-realamp,8,1,15,1,breast_cancer,0.9239766081871345,0.08187134502923976,0.8421052631578947
0.3458984375,0.04832514375605073,0.9234207659419934,0.01216186853562242,0.0797575535912328,0.013232559473415093,0.03837890625,0.01726178386877662,512,15,8,breast_cancer_z_r1_q2_s2,breast_cancer_z_r1_q2_s2__t_random_s2010.qasm,t,random,random,1,2,z,2,1,vqc-zfm-realamp,8,1,15,1,breast_cancer,0.9239766081871345,0.8713450292397661,0.05263157894736836
0.03787434895833333,0.01814461855758432,0.9986901417923649,0.001036557408103787,0.0013112558720927109,0.0010385160719247786,0.03837890625,0.01726178386877662,512,15,8,breast_cancer_z_r1_q2_s2,breast_cancer_z_r1_q2_s2__t_idle_s2011.qasm,t,idle,idle,0,7,z,2,1,vqc-zfm-realamp,8,1,15,1,breast_cancer,0.9239766081871345,0.9239766081871345,0.0
0.0607421875,0.02944882470264624,0.9964416371538649,0.0032674441716790334,0.0035701027316532396,0.0032871473352820923,0.03837890625,0.01726178386877662,512,15,8,breast_cancer_z_r1_q2_s2,breast_cancer_z_r1_q2_s2__t_controlled_s2012.qasm,t,controlled,interface,0,4,z,2,1,vqc-zfm-realamp,8,1,15,1,breast_cancer,0.9239766081871345,0.9473684210526315,-0.023391812865497075
0.3408203125,0.22433336188593433,0.8851934952331333,0.11618237902144354,0.1314745996015275,0.1416234582738167,0.03837890625,0.01726178386877662,512,15,8,breast_cancer_z_r1_q2_s2,breast_cancer_z_r1_q2_s2__x_random_s2020.qasm,x,random,random,0,4,z,2,1,vqc-zfm-realamp,8,1,15,1,breast_cancer,0.9239766081871345,0.3567251461988304,0.567251461988304
0.40846354166666665,0.17486449551036173,0.8295984149598261,0.11928992277829449,0.19785124854617214,0.1511419265351372,0.03837890625,0.01726178386877662,512,15,8,breast_cancer_z_r1_q2_s2,breast_cancer_z_r1_q2_s2__x_idle_s2021.qasm,x,idle,idle,1,7,z,2,1,vqc-zfm-realamp,8,1,15,1,breast_cancer,0.9239766081871345,0.07602339181286549,0.8479532163742689
0.3408203125,0.22433336188593433,0.8851934952331333,0.11618237902144354,0.1314745996015275,0.1416234582738167,0.03837890625,0.01726178386877662,512,15,8,breast_cancer_z_r1_q2_s2,breast_cancer_z_r1_q2_s2__x_controlled_s2022.qasm,x,controlled,interface,0,4,z,2,1,vqc-zfm-realamp,8,1,15,1,breast_cancer,0.9239766081871345,0.3567251461988304,0.567251461988304
0.33831380208333334,0.22324301103106461,0.88741963752428,0.11509879985806903,0.12877532666455643,0.14036389806837268,0.03837890625,0.01726178386877662,512,15,8,breast_cancer_z_r1_q2_s2,breast_cancer_z_r1_q2_s2__y_random_s2030.qasm,y,random,random,0,3,z,2,1,vqc-zfm-realamp,8,1,15,1,breast_cancer,0.9239766081871345,0.3567251461988304,0.567251461988304
0.41580403645833336,0.16267643585340033,0.8617258737645997,0.09584882863808868,0.15560380576009286,0.11931726634384701,0.03837890625,0.01726178386877662,512,15,8,breast_cancer_z_r1_q2_s2,breast_cancer_z_r1_q2_s2__y_idle_s2031.qasm,y,idle,idle,0,7,z,2,1,vqc-zfm-realamp,8,1,15,1,breast_cancer,0.9239766081871345,0.07602339181286549,0.8479532163742689
0.4163411458333333,0.16277910049011007,0.8621835118329716,0.09547940824690825,0.15499430366195333,0.11853689753161512,0.03837890625,0.01726178386877662,512,15,8,breast_cancer_z_r1_q2_s2,breast_cancer_z_r1_q2_s2__y_controlled_s2032.qasm,y,controlled,interface,0,4,z,2,1,vqc-zfm-realamp,8,1,15,1,breast_cancer,0.9239766081871345,0.07017543859649122,0.8538011695906432
0.41525065104166664,0.16861934470334702,0.8287553387713664,0.11961487737646141,0.1990041813013999,0.15226625982388034,0.03837890625,0.01726178386877662,512,15,8,breast_cancer_z_r1_q2_s2,breast_cancer_z_r1_q2_s2__z_random_s2040.qasm,z,random,random,1,6,z,2,1,vqc-zfm-realamp,8,1,15,1,breast_cancer,0.9239766081871345,0.07017543859649122,0.8538011695906432
0.03787434895833333,0.01814461855758432,0.9986901417923649,0.001036557408103787,0.0013112558720927109,0.0010385160719247786,0.03837890625,0.01726178386877662,512,15,8,breast_cancer_z_r1_q2_s2,breast_cancer_z_r1_q2_s2__z_idle_s2041.qasm,z,idle,idle,0,7,z,2,1,vqc-zfm-realamp,8,1,15,1,breast_cancer,0.9239766081871345,0.9239766081871345,0.0
0.4132486979166667,0.1983086569044642,0.8515906572496573,0.09596908404189315,0.1670587651442153,0.11356522108699099,0.03837890625,0.01726178386877662,512,15,8,breast_cancer_z_r1_q2_s2,breast_cancer_z_r1_q2_s2__z_controlled_s2042.qasm,z,controlled,interface,0,4,z,2,1,vqc-zfm-realamp,8,1,15,1,breast_cancer,0.9239766081871345,0.6432748538011696,0.2807017543859649
0.454248046875,0.18052864126792742,0.799799830201741,0.09899433001669411,0.2307666464905256,0.12032329854140826,0.05963541666666667,0.022089796739867947,512,15,8,breast_cancer_z_r1_q4_s0,breast_cancer_z_r1_q4_s0__h_random_s0.qasm,h,random,random,3,5,z,4,1,vqc-zfm-realamp,10,1,31,1,breast_cancer,0.9064327485380117,0.783625730994152,0.1228070175438597
0.501318359375,0.22318319329378053,0.7846716851735707,0.1078510507228719,0.2512932048734868,0.130343926392908,0.05963541666666667,0.022089796739867947,512,15,8,breast_cancer_z_r1_q4_s0,breast_cancer_z_r1_q4_s0__h_idle_s1.qasm,h,idle,idle,0,7,z,4,1,vqc-zfm-realamp,10,1,31,1,breast_cancer,0.9064327485380117,0.631578947368421,0.2748538011695907
0.4851888020833333,0.12670739021188615,0.8167145014473488,0.09228521094560993,0.20901204918353103,0.11518640217989215,0.05963541666666667,0.022089796739867947,512,15,8,breast_cancer_z_r1_q4_s0,breast_cancer_z_r1_q4_s0__h_controlled_s2.qasm,h,controlled,interface,0,4,z,4,1,vqc-zfm-realamp,10,0,31,1,breast_cancer,0.9064327485380117,0.17543859649122806,0.7309941520467836
0.057291666666666664,0.023715706320732523,0.9920535868229409,0.0027975383324131803,0.007982133314078554,0.0028215882102544192,0.05963541666666667,0.022089796739867947,512,15,8,breast_cancer_z_r1_q4_s0,breast_cancer_z_r1_q4_s0__t_random_s10.qasm,t,random,random,3,8,z,4,1,vqc-zfm-realamp,10,0,31,1,breast_cancer,0.9064327485380117,0.9064327485380117,0.0
0.11494140625,0.06303968751787947,0.9818949447443991,0.010298328167111886,0.018326243235914634,0.010528977053410068,0.05963541666666667,0.022089796739867947,512,15,8,breast_cancer_z_r1_q4_s0,breast_cancer_z_r1_q4_s0__t_idle_s11.qasm,t,idle,idle,1,5,z,4,1,vqc-zfm-realamp,10,0,31,1,breast_cancer,0.9064327485380117,0.8771929824561403,0.0292397660818714
0.08888346354166667,0.03278303084512704,0.9880045149488836,0.005206804345609885,0.012081935354802734,0.005280654503297486,0.05963541666666667,0.022089796739867947,512,15,8,breast_cancer_z_r1_q4_s0,breast_cancer_z_r1_q4_s0__t_controlled_s12.qasm,t,controlled,interface,0,4,z,4,1,vqc-zfm-realamp,10,0,31,1,breast_cancer,0.9064327485380117,0.8947368421052632,0.011695906432748537
0.708642578125,0.3254875304416314,0.5188573888944338,0.3210298874169767,0.9029820525008269,0.7605285253324436,0.05963541666666667,0.022089796739867947,512,15,8,breast_cancer_z_r1_q4_s0,breast_cancer_z_r1_q4_s0__x_random_s20.qasm,x,random,random,3,2,z,4,1,vqc-zfm-realamp,10,1,31,1,breast_cancer,0.9064327485380117,0.672514619883041,0.23391812865497075
0.83134765625,0.1255925818980071,0.3815441843731391,0.1895059207823399,1.100175485087635,0.5457807404496459,0.05963541666666667,0.022089796739867947,512,15,8,breast_cancer_z_r1_q4_s0,breast_cancer_z_r1_q4_s0__x_idle_s21.qasm,x,idle,idle,2,8,z,4,1,vqc-zfm-realamp,10,0,31,1,breast_cancer,0.9064327485380117,0.0935672514619883,0.8128654970760234
0.33367513020833334,0.24054474200885123,0.8841080098422445,0.13512170713762756,0.13655434374552453,0.1691296778763365,0.05963541666666667,0.022089796739867947,512,15,8,breast_cancer_z_r1_q4_s0,breast_cancer_z_r1_q4_s0__x_controlled_s22.qasm,x,controlled,interface,0,4,z,4,1,vqc-zfm-realamp,10,0,31,1,breast_cancer,0.9064327485380117,0.3684210526315789,0.5380116959064327
0.3319173177083333,0.2376078171305377,0.8867698996765967,0.13027535964618422,0.13241490328859779,0.16143048729683118,0.05963541666666667,0.022089796739867947,512,15,8,breast_cancer_z_r1_q4_s0,breast_cancer_z_r1_q4_s0__y_random_s30.qasm,y,random,random,0,2,z,4,1,vqc-zfm-realamp,10,0,31,1,breast_cancer,0.9064327485380117,0.3684210526315789,0.5380116959064327
0.6530110677083333,0.24744103751539534,0.6010782738239133,0.2796187321541043,0.6531220458802349,0.5779105434312688,0.05963541666666667,0.022089796739867947,512,15,8,breast_cancer_z_r1_q4_s0,breast_cancer_z_r1_q4_s0__y_idle_s31.qasm,y,idle,idle,1,8,z,4,1,vqc-zfm-realamp,10,1,31,1,breast_cancer,0.9064327485380117,0.0935672514619883,0.8128654970760234
0.48115234375,0.08736265393060413,0.8302004587672357,0.06042123713644895,0.18878295888151814,0.07375371469058363,0.05963541666666667,0.022089796739867947,512,15,8,breast_cancer_z_r1_q4_s0,breast_cancer_z_r1_q4_s0__y_controlled_s32.qasm,y,controlled,interface,0,4,z,4,1,vqc-zfm-realamp,10,0,31,1,breast_cancer,0.9064327485380117,0.08771929824561403,0.8187134502923976
0.8294270833333334,0.12739040609606825,0.3688648792187642,0.20318949292136815,1.1855819612818608,0.6601108467499042,0.05963541666666667,0.022089796739867947,512,15,8,breast_cancer_z_r1_q4_s0,breast_cancer_z_r1_q4_s0__z_random_s40.qasm,z,random,random,2,7,z,4,1,vqc-zfm-realamp,10,0,31,1,breast_cancer,0.9064327485380117,0.09941520467836257,0.8070175438596492
0.057291666666666664,0.023715706320732523,0.9920535868229409,0.0027975383324131803,0.007982133314078554,0.0028215882102544192,0.05963541666666667,0.022089796739867947,512,15,8,breast_cancer_z_r1_q4_s0,breast_cancer_z_r1_q4_s0__z_idle_s41.qasm,z,idle,idle,3,7,z,4,1,vqc-zfm-realamp,10,0,31,1,breast_cancer,0.9064327485380117,0.9064327485380117,0.0
0.381298828125,0.16077403683511082,0.8797063111984026,0.0641075585569483,0.13077198255160571,0.07183735926944355,0.05963541666666667,0.022089796739867947,512,15,8,breast_cancer_z_r1_q4_s0,breast_cancer_z_r1_q4_s0__z_controlled_s42.qasm,z,controlled,interface,0,4,z,4,1,vqc-zfm-realamp,10,0,31,1,breast_cancer,0.9064327485380117,0.631578947368421,0.2748538011695907
0.5350911458333333,0.22861714454662668,0.7550869829501105,0.15625347922682137,0.3034297434696746,0.21489577420147057,0.06663411458333333,0.017776269186437675,512,15,8,breast_cancer_z_r1_q4_s1,breast_cancer_z_r1_q4_s1__h_random_s1000.qasm,h,random,random,0,4,z,4,1,vqc-zfm-realamp,10,0,31,1,breast_cancer,0.8713450292397661,0.3216374269005848,0.5497076023391814
0.45655924479166665,0.11034464736622082,0.8112074094895836,0.06891879602296902,0.21289473429989095,0.0859672307109075,0.06663411458333333,0.017776269186437675,512,15,8,breast_cancer_z_r1_q4_s1,breast_cancer_z_r1_q4_s1__h_idle_s1001.qasm,h,idle,idle,2,8,z,4,1,vqc-zfm-realamp,10,0,31,1,breast_cancer,0.8713450292397661,0.5555555555555556,0.3157894736842105
0.5350911458333333,0.22861714454662668,0.7550869829501105,0.15625347922682137,0.3034297434696746,0.21489577420147057,0.06663411458333333,0.017776269186437675,512,15,8,breast_cancer_z_r1_q4_s1,breast_cancer_z_r1_q4_s1__h_controlled_s1002.qasm,h,controlled,interface,0,4,z,4,1,vqc-zfm-realamp,10,0,31,1,breast_cancer,0.8713450292397661,0.3216374269005848,0.5497076023391814
0.073681640625,0.020976723895881663,0.9912955144284498,0.003359439688279458,0.008748341160722007,0.003392400921801804,0.06663411458333333,0.017776269186437675,512,15,8,breast_cancer_z_r1_q4_s1,breast_cancer_z_r1_q4_s1__t_random_s1010.qasm,t,random,random,2,0,z,4,1,vqc-zfm-realamp,10,1,31,1,breast_cancer,0.8713450292397661,0.8713450292397661,0.0
0.073681640625,0.020976723895881663,0.9912955144284498,0.003359439688279458,0.008748341160722007,0.003392400921801804,0.06663411458333333,0.017776269186437675,512,15,8,breast_cancer_z_r1_q4_s1,breast_cancer_z_r1_q4_s1__t_idle_s1011.qasm,t,idle,idle,2,8,z,4,1,vqc-zfm-realamp,10,0,31,1,breast_cancer,0.8713450292397661,0.8713450292397661,0.0
0.08894856770833333,0.024513982809269287,0.9885467051149059,0.0049200162988369675,0.011531818715327314,0.004990397015095239,0.06663411458333333,0.017776269186437675,512,15,8,breast_cancer_z_r1_q4_s1,breast_cancer_z_r1_q4_s1__t_controlled_s1012.qasm,t,controlled,interface,0,4,z,4,1,vqc-zfm-realamp,10,0,31,1,breast_cancer,0.8713450292397661,0.8654970760233918,0.005847953216374324
0.430615234375,0.09744246211537286,0.8253049742373807,0.06474893543632254,0.1951243621551478,0.07932166070961404,0.06663411458333333,0.017776269186437675,512,15,8,breast_cancer_z_r1_q4_s1,breast_cancer_z_r1_q4_s1__x_random_s1020.qasm,x,random,random,3,5,z,4,1,vqc-zfm-realamp,10,1,31,1,breast_cancer,0.8713450292397661,0.23391812865497075,0.6374269005847953
0.10428059895833333,0.027389396230328846,0.985893493104903,0.005146018365839921,0.01422059867608831,0.005227401656088261,0.06663411458333333,0.017776269186437675,512,15,8,breast_cancer_z_r1_q4_s1,breast_cancer_z_r1_q4_s1__x_idle_s1021.qasm,x,idle,idle,0,5,z,4,1,vqc-zfm-realamp,10,0,31,1,breast_cancer,0.8713450292397661,0.8654970760233918,0.005847953216374324
0.4679036458333333,0.27786692481587255,0.7933806685716867,0.21344589281882476,0.27763655051826847,0.32280255826967674,0.06663411458333333,0.017776269186437675,512,15,8,breast_cancer_z_r1_q4_s1,breast_cancer_z_r1_q4_s1__x_controlled_s1022.qasm,x,controlled,interface,0,4,z,4,1,vqc-zfm-realamp,10,0,31,1,breast_cancer,0.8713450292397661,0.29239766081871343,0.5789473684210527
0.2540364583333333,0.15119629409975915,0.9351594573819147,0.0614410748677841,0.06936389050023392,0.0695077448983921,0.06663411458333333,0.017776269186437675,512,15,8,breast_cancer_z_r1_q4_s1,breast_cancer_z_r1_q4_s1__y_random_s1030.qasm,y,random,random,1,2,z,4,1,vqc-zfm-realamp,10,0,31,1,breast_cancer,0.8713450292397661,0.8538011695906432,0.01754385964912286
0.8466796875,0.05526227894580402,0.4294387205387459,0.10740833117068892,0.8765065710724438,0.2505353066826686,0.06663411458333333,0.017776269186437675,512,15,8,breast_cancer_z_r1_q4_s1,breast_cancer_z_r1_q4_s1__y_idle_s1031.qasm,y,idle,idle,2,8,z,4,1,vqc-zfm-realamp,10,0,31,1,breast_cancer,0.8713450292397661,0.1286549707602339,0.7426900584795322
0.524169921875,0.2550552505899963,0.777698031884113,0.1773913770624785,0.2802837549915076,0.24658469990750473,0.06663411458333333,0.017776269186437675,512,15,8,breast_cancer_z_r1_q4_s1,breast_cancer_z_r1_q4_s1__y_controlled_s1032.qasm,y,controlled,interface,0,4,z,4,1,vqc-zfm-realamp,10,0,31,1,breast_cancer,0.8713450292397661,0.13450292397660818,0.736842105263158
0.073681640625,0.020976723895881663,0.9912955144284498,0.003359439688279458,0.008748341160722007,0.003392400921801804,0.06663411458333333,0.017776269186437675,512,15,8,breast_cancer_z_r1_q4_s1,breast_cancer_z_r1_q4_s1__z_random_s1040.qasm,z,random,random,1,8,z,4,1,vqc-zfm-realamp,10,1,31,1,breast_cancer,0.8713450292397661,0.8713450292397661,0.0
0.073681640625,0.020976723895881663,0.9912955144284498,0.003359439688279458,0.008748341160722007,0.003392400921801804,0.06663411458333333,0.017776269186437675,512,15,8,breast_cancer_z_r1_q4_s1,breast_cancer_z_r1_q4_s1__z_idle_s1041.qasm,z,idle,idle,2,8,z,4,1,vqc-zfm-realamp,10,0,31,1,breast_cancer,0.8713450292397661,0.8713450292397661,0.0
0.23723958333333334,0.10177759591224707,0.9494092245253895,0.025237874656740114,0.052266321959397996,0.026450068802723915,0.06663411458333333,0.017776269186437675,512,15,8,breast_cancer_z_r1_q4_s1,breast_cancer_z_r1_q4_s1__z_controlled_s1042.qasm,z,controlled,interface,0,4,z,4,1,vqc-zfm-realamp,10,0,31,1,breast_cancer,0.8713450292397661,0.695906432748538,0.17543859649122806
0.353955078125,0.21439457402705706,0.8698042374112627,0.11947647368213163,0.14993944372972817,0.1484287163631898,0.07236328125,0.01964137249244676,512,15,8,breast_cancer_z_r1_q4_s2,breast_cancer_z_r1_q4_s2__h_random_s2000.qasm,h,random,random,0,5,z,4,1,vqc-zfm-realamp,10,0,31,1,breast_cancer,0.9122807017543859,0.36257309941520466,0.5497076023391813
0.353955078125,0.21439457402705706,0.8698042374112627,0.11947647368213163,0.14993944372972817,0.1484287163631898,0.07236328125,0.01964137249244676,512,15,8,breast_cancer_z_r1_q4_s2,breast_cancer_z_r1_q4_s2__h_idle_s2001.qasm,h,idle,idle,0,5,z,4,1,vqc-zfm-realamp,10,0,31,1,breast_cancer,0.9122807017543859,0.36257309941520466,0.5497076023391813
0.44508463541666665,0.19591511581112125,0.8461282349707316,0.11379203201816665,0.17679303166916435,0.14194958369330438,0.07236328125,0.01964137249244676,512,15,8,breast_cancer_z_r1_q4_s2,breast_cancer_z_r1_q4_s2__h_controlled_s2002.qasm,h,controlled,interface,0,4,z,4,1,vqc-zfm-realamp,10,0,31,1,breast_cancer,0.9122807017543859,0.10526315789473684,0.8070175438596491
0.26901041666666664,0.09153530071280808,0.9431755624329098,0.025540200223517075,0.05886758232290488,0.026974234080779133,0.07236328125,0.01964137249244676,512,15,8,breast_cancer_z_r1_q4_s2,breast_cancer_z_r1_q4_s2__t_random_s2010.qasm,t,random,random,3,2,z,4,1,vqc-zfm-realamp,10,1,31,1,breast_cancer,0.9122807017543859,0.9298245614035088,-0.01754385964912286
0.07083333333333333,0.019590946097612694,0.9917747440589052,0.0029885151877529874,0.008263819247410814,0.003017911105181063,0.07236328125,0.01964137249244676,512,15,8,breast_cancer_z_r1_q4_s2,breast_cancer_z_r1_q4_s2__t_idle_s2011.qasm,t,idle,idle,3,7,z,4,1,vqc-zfm-realamp,10,0,31,1,breast_cancer,0.9122807017543859,0.9122807017543859,0.0
0.09065755208333333,0.029604057252750175,0.987872214248816,0.0066790859708819265,0.012224931100698274,0.0067938270591352675,0.07236328125,0.01964137249244676,512,15,8,breast_cancer_z_r1_q4_s2,breast_cancer_z_r1_q4_s2__t_controlled_s2012.qasm,t,controlled,interface,0,4,z,4,1,vqc-zfm-realamp,10,0,31,1,breast_cancer,0.9122807017543859,0.9298245614035088,-0.01754385964912286
0.35304361979166665,0.2223597995413067,0.8688018504213714,0.12754255883531004,0.15277878859031208,0.16063867794260794,0.07236328125,0.01964137249244676,512,15,8,breast_cancer_z_r1_q4_s2,breast_cancer_z_r1_q4_s2__x_random_s2020.qasm,x,random,random,0,4,z,4,1,vqc-zfm-realamp,10,0,31,1,breast_cancer,0.9122807017543859,0.3567251461988304,0.5555555555555556
0.46652018229166664,0.16771330500276505,0.8127989558109358,0.12223526399069665,0.2196556568133242,0.16103982529234023,0.07236328125,0.01964137249244676,512,15,8,breast_cancer_z_r1_q4_s2,breast_cancer_z_r1_q4_s2__x_idle_s2021.qasm,x,idle,idle,0,7,z,4,1,vqc-zfm-realamp,10,1,31,1,breast_cancer,0.9122807017543859,0.08771929824561403,0.8245614035087718
0.35304361979166665,0.2223597995413067,0.8688018504213714,0.12754255883531004,0.15277878859031208,0.16063867794260794,0.07236328125,0.01964137249244676,512,15,8,breast_cancer_z_r1_q4_s2,breast_cancer_z_r1_q4_s2__x_controlled_s2022.qasm,x,controlled,interface,0,4,z,4,1,vqc-zfm-realamp,10,0,31,1,breast_cancer,0.9122807017543859,0.3567251461988304,0.5555555555555556
0.35320638020833334,0.22241083134771242,0.8686260650148084,0.12764123360145824,0.15300006570577357,0.16074624939907164,0.07236328125,0.01964137249244676,512,15,8,breast_cancer_z_r1_q4_s2,breast_cancer_z_r1_q4_s2__y_random_s2030.qasm,y,random,random,0,3,z,4,1,vqc-zfm-realamp,10,0,31,1,breast_cancer,0.9122807017543859,0.3567251461988304,0.5555555555555556
0.8024088541666666,0.159069877874763,0.453737304240669,0.21168827041976884,0.9260652499072545,0.5532939276628015,0.07236328125,0.01964137249244676,512,15,8,breast_cancer_z_r1_q4_s2,breast_cancer_z_r1_q4_s2__y_idle_s2031.qasm,y,idle,idle,2,8,z,4,1,vqc-zfm-realamp,10,0,31,1,breast_cancer,0.9122807017543859,0.08771929824561403,0.8245614035087718
0.466015625,0.1679553879738504,0.8131568297015339,0.12210403257850228,0.2191771737032375,0.1607893025224371,0.07236328125,0.01964137249244676,512,15,8,breast_cancer_z_r1_q4_s2,breast_cancer_z_r1_q4_s2__y_controlled_s2032.qasm,y,controlled,interface,0,4,z,4,1,vqc-zfm-realamp,10,0,31,1,breast_cancer,0.9122807017543859,0.08771929824561403,0.8245614035087718
0.7107259114583333,0.2201173890850141,0.5858465140723058,0.29159837778623643,0.704160272405202,0.626429370683499,0.07236328125,0.01964137249244676,512,15,8,breast_cancer_z_r1_q4_s2,breast_cancer_z_r1_q4_s2__z_random_s2040.qasm,z,random,random,2,6,z,4,1,vqc-zfm-realamp,10,1,31,1,breast_cancer,0.9122807017543859,0.08771929824561403,0.8245614035087718
0.07083333333333333,0.019590946097612694,0.9917747440589052,0.0029885151877529874,0.008263819247410814,0.003017911105181063,0.07236328125,0.01964137249244676,512,15,8,breast_cancer_z_r1_q4_s2,breast_cancer_z_r1_q4_s2__z_idle_s2041.qasm,z,idle,idle,1,8,z,4,1,vqc-zfm-realamp,10,1,31,1,breast_cancer,0.9122807017543859,0.9122807017543859,0.0
0.44443359375,0.21413766696783804,0.8138230411545476,0.12184131915169981,0.21720172740484353,0.1495318654928268,0.07236328125,0.01964137249244676,512,15,8,breast_cancer_z_r1_q4_s2,breast_cancer_z_r1_q4_s2__z_controlled_s2042.qasm,z,controlled,interface,0,4,z,4,1,vqc-zfm-realamp,10,0,31,1,breast_cancer,0.9122807017543859,0.6432748538011696,0.26900584795321636
0.5476399739583333,0.23016928259587377,0.7511149494697833,0.1577334843608657,0.30971242037169167,0.22106061718629139,0.034586588541666664,0.016542856975939952,512,15,8,breast_cancer_z_r2_q2_s0,breast_cancer_z_r2_q2_s0__h_random_s0.qasm,h,random,random,1,7,z,2,2,vqc-zfm-realamp,10,1,18,1,breast_cancer,0.9005847953216374,0.29239766081871343,0.6081871345029239
0.4092936197916667,0.15122489864529343,0.8439767357945657,0.0743226690118461,0.17341287733070268,0.0864505394147387,0.034586588541666664,0.016542856975939952,512,15,8,breast_cancer_z_r2_q2_s0,breast_cancer_z_r2_q2_s0__h_idle_s1.qasm,h,idle,idle,1,9,z,2,2,vqc-zfm-realamp,10,1,18,1,breast_cancer,0.9005847953216374,0.6257309941520468,0.2748538011695906
0.41474609375,0.16717895295824522,0.8667717068934355,0.09340599263727717,0.14945433362291727,0.11704796691568323,0.034586588541666664,0.016542856975939952,512,15,8,breast_cancer_z_r2_q2_s0,breast_cancer_z_r2_q2_s0__h_controlled_s2.qasm,h,controlled,interface,0,4,z,2,2,vqc-zfm-realamp,10,1,18,1,breast_cancer,0.9005847953216374,0.14035087719298245,0.7602339181286549
0.036458333333333336,0.019236601246795437,0.998474074146469,0.0012723252518179928,0.0015279041609412513,0.00127546492752032,0.034586588541666664,0.016542856975939952,512,15,8,breast_cancer_z_r2_q2_s0,breast_cancer_z_r2_q2_s0__t_random_s10.qasm,t,random,random,1,10,z,2,2,vqc-zfm-realamp,10,1,18,1,breast_cancer,0.9005847953216374,0.9005847953216374,0.0
0.036458333333333336,0.019236601246795437,0.998474074146469,0.0012723252518179928,0.0015279041609412513,0.00127546492752032,0.034586588541666664,0.016542856975939952,512,15,8,breast_cancer_z_r2_q2_s0,breast_cancer_z_r2_q2_s0__t_idle_s11.qasm,t,idle,idle,0,9,z,2,2,vqc-zfm-realamp,10,1,18,1,breast_cancer,0.9005847953216374,0.9005847953216374,0.0
0.11643880208333333,0.04572578296003782,0.9818763550803155,0.015405464380209719,0.018414749999845846,0.01585948280989072,0.034586588541666664,0.016542856975939952,512,15,8,breast_cancer_z_r2_q2_s0,breast_cancer_z_r2_q2_s0__t_controlled_s12.qasm,t,controlled,interface,0,4,z,2,2,vqc-zfm-realamp,10,1,18,1,breast_cancer,0.9005847953216374,0.9181286549707602,-0.01754385964912286
0.5615885416666667,0.11664613815624798,0.7171953458308754,0.11957210806278908,0.34769286973316216,0.17918111207940332,0.034586588541666664,0.016542856975939952,512,15,8,breast_cancer_z_r2_q2_s0,breast_cancer_z_r2_q2_s0__x_random_s20.qasm,x,random,random,1,3,z,2,2,vqc-zfm-realamp,10,1,18,1,breast_cancer,0.9005847953216374,0.32748538011695905,0.5730994152046783
0.5052734375,0.18761044110684427,0.7781827077766453,0.17062914447807845,0.28307216756587206,0.2742069015329143,0.034586588541666664,0.016542856975939952,512,15,8,breast_cancer_z_r2_q2_s0,breast_cancer_z_r2_q2_s0__x_idle_s21.qasm,x,idle,idle,1,9,z,2,2,vqc-zfm-realamp,10,1,18,1,breast_cancer,0.9005847953216374,0.09941520467836257,0.8011695906432748
0.2606119791666667,0.20492146380666798,0.9204283717394652,0.0947392179213989,0.08880905655959385,0.11154208706622175,0.034586588541666664,0.016542856975939952,512,15,8,breast_cancer_z_r2_q2_s0,breast_cancer_z_r2_q2_s0__x_controlled_s22.qasm,x,controlled,interface,0,4,z,2,2,vqc-zfm-realamp,10,1,18,1,breast_cancer,0.9005847953216374,0.3567251461988304,0.5438596491228069
0.253369140625,0.20824577462503313,0.9213400056690869,0.09741408456995027,0.08817301307973523,0.11495769829324622,0.034586588541666664,0.016542856975939952,512,15,8,breast_cancer_z_r2_q2_s0,breast_cancer_z_r2_q2_s0__y_random_s30.qasm,y,random,random,0,2,z,2,2,vqc-zfm-realamp,10,1,18,1,breast_cancer,0.9005847953216374,0.3567251461988304,0.5438596491228069
0.488232421875,0.14456368022370408,0.7838923729141307,0.10245954606084222,0.2523710187152064,0.13475026637367032,0.034586588541666664,0.016542856975939952,512,15,8,breast_cancer_z_r2_q2_s0,breast_cancer_z_r2_q2_s0__y_idle_s31.qasm,y,idle,idle,0,9,z,2,2,vqc-zfm-realamp,10,1,18,1,breast_cancer,0.9005847953216374,0.09941520467836257,0.8011695906432748
0.5322591145833333,0.1529406174864798,0.7728568960693851,0.1515342211426808,0.2832207544199589,0.24320131067809458,0.034586588541666664,0.016542856975939952,512,15,8,breast_cancer_z_r2_q2_s0,breast_cancer_z_r2_q2_s0__y_controlled_s32.qasm,y,controlled,interface,0,4,z,2,2,vqc-zfm-realamp,10,1,18,1,breast_cancer,0.9005847953216374,0.14035087719298245,0.7602339181286549
0.330908203125,0.09420552529412042,0.899899337920255,0.028430365117312274,0.10596802356317413,0.031432212558367506,0.034586588541666664,0.016542856975939952,512,15,8,breast_cancer_z_r2_q2_s0,breast_cancer_z_r2_q2_s0__z_random_s40.qasm,z,random,random,1,8,z,2,2,vqc-zfm-realamp,10,1,18,1,breast_cancer,0.9005847953216374,0.6549707602339181,0.24561403508771928
0.036458333333333336,0.019236601246795437,0.998474074146469,0.0012723252518179928,0.0015279041609412513,0.00127546492752032,0.034586588541666664,0.016542856975939952,512,15,8,breast_cancer_z_r2_q2_s0,breast_cancer_z_r2_q2_s0__z_idle_s41.qasm,z,idle,idle,0,9,z,2,2,vqc-zfm-realamp,10,1,18,1,breast_cancer,0.9005847953216374,0.9005847953216374,0.0
0.46555989583333335,0.21975910252879172,0.7912391522074368,0.15511201277250777,0.25734350557206304,0.22678633345027305,0.034586588541666664,0.016542856975939952,512,15,8,breast_cancer_z_r2_q2_s0,breast_cancer_z_r2_q2_s0__z_controlled_s42.qasm,z,controlled,interface,0,4,z,2,2,vqc-zfm-realamp,10,1,18,1,breast_cancer,0.9005847953216374,0.6432748538011696,0.2573099415204678
0.43336588541666665,0.21559235453153647,0.8456996169624996,0.09998796038458858,0.17448617656098583,0.1170329201548842,0.029329427083333335,0.015805000252215998,512,15,8,breast_cancer_z_r2_q2_s1,breast_cancer_z_r2_q2_s1__h_random_s1000.qasm,h,random,random,0,5,z,2,2,vqc-zfm-realamp,10,1,18,1,breast_cancer,0.9064327485380117,0.6432748538011696,0.26315789473684215
0.4378255208333333,0.11520053057607278,0.8358443322295265,0.07026040178264241,0.1830415539105435,0.08754600261074923,0.029329427083333335,0.015805000252215998,512,15,8,breast_cancer_z_r2_q2_s1,breast_cancer_z_r2_q2_s1__h_idle_s1001.qasm,h,idle,idle,1,9,z,2,2,vqc-zfm-realamp,10,1,18,1,breast_cancer,0.9064327485380117,0.3508771929824561,0.5555555555555556
0.522314453125,0.2310783866364788,0.7723191507914621,0.15905709727624687,0.28122181825637177,0.21799676293926043,0.029329427083333335,0.015805000252215998,512,15,8,breast_cancer_z_r2_q2_s1,breast_cancer_z_r2_q2_s1__h_controlled_s1002.qasm,h,controlled,interface,0,4,z,2,2,vqc-zfm-realamp,10,1,18,1,breast_cancer,0.9064327485380117,0.23391812865497075,0.672514619883041
0.147705078125,0.04225260103183572,0.9733456449485541,0.01941746010467332,0.027218893988964994,0.020241061026436614,0.029329427083333335,0.015805000252215998,512,15,8,breast_cancer_z_r2_q2_s1,breast_cancer_z_r2_q2_s1__t_random_s1010.qasm,t,random,random,1,1,z,2,2,vqc-zfm-realamp,10,1,18,1,breast_cancer,0.9064327485380117,0.8362573099415205,0.07017543859649122
0.03180338541666667,0.01789390715246061,0.9985118491846535,0.0012056496877668286,0.001489988893995935,0.0012083397051349098,0.029329427083333335,0.015805000252215998,512,15,8,breast_cancer_z_r2_q2_s1,breast_cancer_z_r2_q2_s1__t_idle_s1011.qasm,t,idle,idle,1,9,z,2,2,vqc-zfm-realamp,10,1,18,1,breast_cancer,0.9064327485380117,0.9064327485380117,0.0
0.084814453125,0.03336135560587632,0.9889118416261978,0.008238735825038113,0.01118501770061447,0.008371403648854421,0.029329427083333335,0.015805000252215998,512,15,8,breast_cancer_z_r2_q2_s1,breast_cancer_z_r2_q2_s1__t_controlled_s1012.qasm,t,controlled,interface,0,4,z,2,2,vqc-zfm-realamp,10,1,18,1,breast_cancer,0.9064327485380117,0.9064327485380117,0.0
0.4637858072916667,0.10673129582482631,0.8139823127942006,0.07892713144136639,0.21079641811006689,0.1012563914481954,0.029329427083333335,0.015805000252215998,512,15,8,breast_cancer_z_r2_q2_s1,breast_cancer_z_r2_q2_s1__x_random_s1020.qasm,x,random,random,1,6,z,2,2,vqc-zfm-realamp,10,1,18,1,breast_cancer,0.9064327485380117,0.6257309941520468,0.2807017543859649
0.5094889322916667,0.19746539618890277,0.8208345353805313,0.12674226559136903,0.21004412721349833,0.1611043866177799,0.029329427083333335,0.015805000252215998,512,15,8,breast_cancer_z_r2_q2_s1,breast_cancer_z_r2_q2_s1__x_idle_s1021.qasm,x,idle,idle,0,9,z,2,2,vqc-zfm-realamp,10,1,18,1,breast_cancer,0.9064327485380117,0.0935672514619883,0.8128654970760234
0.40091145833333336,0.23103258147749597,0.8619072083877789,0.14124372285749132,0.16455549648498746,0.18675008242422328,0.029329427083333335,0.015805000252215998,512,15,8,breast_cancer_z_r2_q2_s1,breast_cancer_z_r2_q2_s1__x_controlled_s1022.qasm,x,controlled,interface,0,4,z,2,2,vqc-zfm-realamp,10,1,18,1,breast_cancer,0.9064327485380117,0.3216374269005848,0.5847953216374269
0.39552408854166665,0.23234376365914128,0.8581829923771729,0.14410692102698378,0.16968716976022324,0.1914251284553795,0.029329427083333335,0.015805000252215998,512,15,8,breast_cancer_z_r2_q2_s1,breast_cancer_z_r2_q2_s1__y_random_s1030.qasm,y,random,random,0,2,z,2,2,vqc-zfm-realamp,10,1,18,1,breast_cancer,0.9064327485380117,0.3216374269005848,0.5847953216374269
0.8001302083333334,0.10591099330255051,0.5392067209191899,0.1384730566088742,0.6490118430480659,0.24753503929626625,0.029329427083333335,0.015805000252215998,512,15,8,breast_cancer_z_r2_q2_s1,breast_cancer_z_r2_q2_s1__y_idle_s1031.qasm,y,idle,idle,1,9,z,2,2,vqc-zfm-realamp,10,1,18,1,breast_cancer,0.9064327485380117,0.0935672514619883,0.8128654970760234
0.5154622395833334,0.19931743230518742,0.8148169912350798,0.12594999808436938,0.21725380820333395,0.15961157598307033,0.029329427083333335,0.015805000252215998,512,15,8,breast_cancer_z_r2_q2_s1,breast_cancer_z_r2_q2_s1__y_controlled_s1032.qasm,y,controlled,interface,0,4,z,2,2,vqc-zfm-realamp,10,1,18,1,breast_cancer,0.9064327485380117,0.0935672514619883,0.8128654970760234
0.03180338541666667,0.01789390715246061,0.9985118491846535,0.0012056496877668286,0.001489988893995935,0.0012083397051349098,0.029329427083333335,0.015805000252215998,512,15,8,breast_cancer_z_r2_q2_s1,breast_cancer_z_r2_q2_s1__z_random_s1040.qasm,z,random,random,0,9,z,2,2,vqc-zfm-realamp,10,1,18,1,breast_cancer,0.9064327485380117,0.9064327485380117,0.0
0.03180338541666667,0.01789390715246061,0.9985118491846535,0.0012056496877668286,0.001489988893995935,0.0012083397051349098,0.029329427083333335,0.015805000252215998,512,15,8,breast_cancer_z_r2_q2_s1,breast_cancer_z_r2_q2_s1__z_idle_s1041.qasm,z,idle,idle,1,9,z,2,2,vqc-zfm-realamp,10,1,18,1,breast_cancer,0.9064327485380117,0.9064327485380117,0.0
0.3204752604166667,0.15013116470654292,0.9229971187580531,0.04479509304243305,0.08128739012884975,0.0479312556479217,0.029329427083333335,0.015805000252215998,512,15,8,breast_cancer_z_r2_q2_s1,breast_cancer_z_r2_q2_s1__z_controlled_s1042.qasm,z,controlled,interface,0,4,z,2,2,vqc-zfm-realamp,10,1,18,1,breast_cancer,0.9064327485380117,0.6842105263157895,0.2222222222222222
0.34812825520833335,0.27301911767961234,0.8568614181605742,0.18010244176427337,0.1836727384310773,0.2595793527341092,0.03557942708333333,0.018840627287482467,512,15,8,breast_cancer_z_r2_q2_s2,breast_cancer_z_r2_q2_s2__h_random_s2000.qasm,h,random,random,0,6,z,2,2,vqc-zfm-realamp,10,1,18,1,breast_cancer,0.9181286549707602,0.3216374269005848,0.5964912280701755
0.366552734375,0.2000592084504828,0.8776021316112975,0.09172470852591345,0.1362612863720155,0.10792721247925845,0.03557942708333333,0.018840627287482467,512,15,8,breast_cancer_z_r2_q2_s2,breast_cancer_z_r2_q2_s2__h_idle_s2001.qasm,h,idle,idle,0,9,z,2,2,vqc-zfm-realamp,10,1,18,1,breast_cancer,0.9181286549707602,0.3567251461988304,0.5614035087719298
0.44920247395833335,0.1849686879359514,0.8592966322368131,0.10067010761929132,0.1589557606571286,0.12297780265021475,0.03557942708333333,0.018840627287482467,512,15,8,breast_cancer_z_r2_q2_s2,breast_cancer_z_r2_q2_s2__h_controlled_s2002.qasm,h,controlled,interface,0,4,z,2,2,vqc-zfm-realamp,10,1,18,1,breast_cancer,0.9181286549707602,0.08187134502923976,0.8362573099415205
0.171923828125,0.055026191775009954,0.9637033586846422,0.013207325858273042,0.037065529083850225,0.013690491768511993,0.03557942708333333,0.018840627287482467,512,15,8,breast_cancer_z_r2_q2_s2,breast_cancer_z_r2_q2_s2__t_random_s2010.qasm,t,random,random,1,2,z,2,2,vqc-zfm-realamp,10,1,18,1,breast_cancer,0.9181286549707602,0.8070175438596491,0.11111111111111116
0.033740234375,0.016788095944928836,0.9985505852066232,0.0011065963610993293,0.001451080755573613,0.0011088631778123877,0.03557942708333333,0.018840627287482467,512,15,8,breast_cancer_z_r2_q2_s2,breast_cancer_z_r2_q2_s2__t_idle_s2011.qasm,t,idle,idle,0,9,z,2,2,vqc-zfm-realamp,10,1,18,1,breast_cancer,0.9181286549707602,0.9181286549707602,0.0
0.0705078125,0.035427735038998605,0.9944895567652079,0.0038410712313431904,0.005533156004509313,0.0038683307015178743,0.03557942708333333,0.018840627287482467,512,15,8,breast_cancer_z_r2_q2_s2,breast_cancer_z_r2_q2_s2__t_controlled_s2012.qasm,t,controlled,interface,0,4,z,2,2,vqc-zfm-realamp,10,1,18,1,breast_cancer,0.9181286549707602,0.9415204678362573,-0.023391812865497075
0.22897135416666667,0.03744599020383785,0.9560387485601416,0.011200764219696343,0.04502593984131591,0.01177688583255346,0.03557942708333333,0.018840627287482467,512,15,8,breast_cancer_z_r2_q2_s2,breast_cancer_z_r2_q2_s2__x_random_s2020.qasm,x,random,random,0,5,z,2,2,vqc-zfm-realamp,10,1,18,1,breast_cancer,0.9181286549707602,0.7660818713450293,0.15204678362573099
0.753955078125,0.08707903004163484,0.607895189132959,0.10646523584677749,0.5172307146267573,0.21016819115730015,0.03557942708333333,0.018840627287482467,512,15,8,breast_cancer_z_r2_q2_s2,breast_cancer_z_r2_q2_s2__x_idle_s2021.qasm,x,idle,idle,1,9,z,2,2,vqc-zfm-realamp,10,1,18,1,breast_cancer,0.9181286549707602,0.08187134502923976,0.8362573099415205
0.340966796875,0.2214411779190305,0.8922799401447203,0.10132525818378059,0.12083168297204679,0.11893239639178964,0.03557942708333333,0.018840627287482467,512,15,8,breast_cancer_z_r2_q2_s2,breast_cancer_z_r2_q2_s2__x_controlled_s2022.qasm,x,controlled,interface,0,4,z,2,2,vqc-zfm-realamp,10,1,18,1,breast_cancer,0.9181286549707602,0.3567251461988304,0.5614035087719298
0.43216145833333336,0.18289388527784878,0.8681393442481494,0.0960483264679767,0.14782881826674557,0.1147951085642584,0.03557942708333333,0.018840627287482467,512,15,8,breast_cancer_z_r2_q2_s2,breast_cancer_z_r2_q2_s2__y_random_s2030.qasm,y,random,random,0,4,z,2,2,vqc-zfm-realamp,10,1,18,1,breast_cancer,0.9181286549707602,0.05847953216374269,0.8596491228070176
0.42685546875,0.19911593707561842,0.8708614621170389,0.10267652608337144,0.14571275559474836,0.1241120173598176,0.03557942708333333,0.018840627287482467,512,15,8,breast_cancer_z_r2_q2_s2,breast_cancer_z_r2_q2_s2__y_idle_s2031.qasm,y,idle,idle,0,9,z,2,2,vqc-zfm-realamp,10,1,18,1,breast_cancer,0.9181286549707602,0.08187134502923976,0.8362573099415205
0.43216145833333336,0.18289388527784878,0.8681393442481494,0.0960483264679767,0.14782881826674557,0.1147951085642584,0.03557942708333333,0.018840627287482467,512,15,8,breast_cancer_z_r2_q2_s2,breast_cancer_z_r2_q2_s2__y_controlled_s2032.qasm,y,controlled,interface,0,4,z,2,2,vqc-zfm-realamp,10,1,18,1,breast_cancer,0.9181286549707602,0.05847953216374269,0.8596491228070176
0.8269694010416667,0.05567005623417187,0.47078313375866565,0.0758036799816322,0.7665778304400396,0.16394537559334446,0.03557942708333333,0.018840627287482467,512,15,8,breast_cancer_z_r2_q2_s2,breast_cancer_z_r2_q2_s2__z_random_s2040.qasm,z,random,random,1,7,z,2,2,vqc-zfm-realamp,10,1,18,1,breast_cancer,0.9181286549707602,0.631578947368421,0.2865497076023392
0.033740234375,0.016788095944928836,0.9985505852066232,0.0011065963610993293,0.001451080755573613,0.0011088631778123877,0.03557942708333333,0.018840627287482467,512,15,8,breast_cancer_z_r2_q2_s2,breast_cancer_z_r2_q2_s2__z_idle_s2041.qasm,z,idle,idle,0,9,z,2,2,vqc-zfm-realamp,10,1,18,1,breast_cancer,0.9181286549707602,0.9181286549707602,0.0
0.43805338541666666,0.22010372481367224,0.8473081086120826,0.09674099195332361,0.17209205956594958,0.11263318253672491,0.03557942708333333,0.018840627287482467,512,15,8,breast_cancer_z_r2_q2_s2,breast_cancer_z_r2_q2_s2__z_controlled_s2042.qasm,z,controlled,interface,0,4,z,2,2,vqc-zfm-realamp,10,1,18,1,breast_cancer,0.9181286549707602,0.6432748538011696,0.2748538011695907
0.47581380208333335,0.12889347102983292,0.7622606978923763,0.0954547125020814,0.2787906084516292,0.1190013452463573,0.06497395833333333,0.021635849384063443,512,15,8,breast_cancer_z_r2_q4_s0,breast_cancer_z_r2_q4_s0__h_random_s0.qasm,h,random,random,3,7,z,4,2,vqc-zfm-realamp,13,0,38,1,breast_cancer,0.8947368421052632,0.8888888888888888,0.005847953216374324
0.4152018229166667,0.0626562496617614,0.8230456444967417,0.03143541482713272,0.19547567529604448,0.0383030712924246,0.06497395833333333,0.021635849384063443,512,15,8,breast_cancer_z_r2_q4_s0,breast_cancer_z_r2_q4_s0__h_idle_s1.qasm,h,idle,idle,3,9,z,4,2,vqc-zfm-realamp,13,0,38,1,breast_cancer,0.8947368421052632,0.6374269005847953,0.2573099415204678
0.48382161458333334,0.1218545445504658,0.8142403183060847,0.09826889080817079,0.21327384802123556,0.12684507676812753,0.06497395833333333,0.021635849384063443,512,15,8,breast_cancer_z_r2_q4_s0,breast_cancer_z_r2_q4_s0__h_controlled_s2.qasm,h,controlled,interface,0,4,z,4,2,vqc-zfm-realamp,13,0,38,1,breast_cancer,0.8947368421052632,0.11695906432748537,0.7777777777777778
0.06656901041666667,0.021348682722856546,0.9915624022326263,0.003351212173621435,0.008479114885988749,0.003383194271431189,0.06497395833333333,0.021635849384063443,512,15,8,breast_cancer_z_r2_q4_s0,breast_cancer_z_r2_q4_s0__t_random_s10.qasm,t,random,random,3,10,z,4,2,vqc-zfm-realamp,13,0,38,1,breast_cancer,0.8947368421052632,0.8947368421052632,0.0
0.097216796875,0.030520729004005685,0.985565578657954,0.005707432802488897,0.014556419014731372,0.005801397903138367,0.06497395833333333,0.021635849384063443,512,15,8,breast_cancer_z_r2_q4_s0,breast_cancer_z_r2_q4_s0__t_idle_s11.qasm,t,idle,idle,0,5,z,4,2,vqc-zfm-realamp,13,0,38,1,breast_cancer,0.8947368421052632,0.8538011695906432,0.040935672514619936
0.11842447916666667,0.029374823964270113,0.9797912471922463,0.009019360935583845,0.02045832006661748,0.009239223997740194,0.06497395833333333,0.021635849384063443,512,15,8,breast_cancer_z_r2_q4_s0,breast_cancer_z_r2_q4_s0__t_controlled_s12.qasm,t,controlled,interface,0,4,z,4,2,vqc-zfm-realamp,13,0,38,1,breast_cancer,0.8947368421052632,0.9122807017543859,-0.01754385964912275
0.700732421875,0.3382946936775025,0.524916133646907,0.3040351715710823,0.8556889132343488,0.7045460184036537,0.06497395833333333,0.021635849384063443,512,15,8,breast_cancer_z_r2_q4_s0,breast_cancer_z_r2_q4_s0__x_random_s20.qasm,x,random,random,3,3,z,4,2,vqc-zfm-realamp,13,1,38,1,breast_cancer,0.8947368421052632,0.783625730994152,0.11111111111111116
0.2513346354166667,0.056846218628511865,0.9411339245040832,0.013760123000968075,0.06077693254437207,0.014643736313400378,0.06497395833333333,0.021635849384063443,512,15,8,breast_cancer_z_r2_q4_s0,breast_cancer_z_r2_q4_s0__x_idle_s21.qasm,x,idle,idle,0,7,z,4,2,vqc-zfm-realamp,13,0,38,1,breast_cancer,0.8947368421052632,0.8304093567251462,0.06432748538011701
0.29762369791666665,0.2140995609225691,0.8964005418647076,0.11601184304336729,0.11872682007850435,0.14060559012857948,0.06497395833333333,0.021635849384063443,512,15,8,breast_cancer_z_r2_q4_s0,breast_cancer_z_r2_q4_s0__x_controlled_s22.qasm,x,controlled,interface,0,4,z,4,2,vqc-zfm-realamp,13,0,38,1,breast_cancer,0.8947368421052632,0.36257309941520466,0.5321637426900585
0.2827962239583333,0.19622182458883114,0.9145624398579808,0.09256832319209349,0.09487212622280036,0.10764756029842444,0.06497395833333333,0.021635849384063443,512,15,8,breast_cancer_z_r2_q4_s0,breast_cancer_z_r2_q4_s0__y_random_s30.qasm,y,random,random,0,2,z,4,2,vqc-zfm-realamp,13,0,38,1,breast_cancer,0.8947368421052632,0.3684210526315789,0.5263157894736843
0.4647298177083333,0.10324142383285466,0.8324116328358521,0.0677750362120535,0.18671450577983217,0.08092164867849384,0.06497395833333333,0.021635849384063443,512,15,8,breast_cancer_z_r2_q4_s0,breast_cancer_z_r2_q4_s0__y_idle_s31.qasm,y,idle,idle,0,9,z,4,2,vqc-zfm-realamp,13,1,38,1,breast_cancer,0.8947368421052632,0.10526315789473684,0.7894736842105263
0.5423502604166667,0.07390627035938688,0.7750823664303991,0.0799431163067549,0.2605113538534744,0.10903235946429256,0.06497395833333333,0.021635849384063443,512,15,8,breast_cancer_z_r2_q4_s0,breast_cancer_z_r2_q4_s0__y_controlled_s32.qasm,y,controlled,interface,0,4,z,4,2,vqc-zfm-realamp,13,0,38,1,breast_cancer,0.8947368421052632,0.1111111111111111,0.7836257309941521
0.6817708333333333,0.18253670054883422,0.578104141310503,0.20152137012426033,0.6090192754542083,0.35087202870924794,0.06497395833333333,0.021635849384063443,512,15,8,breast_cancer_z_r2_q4_s0,breast_cancer_z_r2_q4_s0__z_random_s40.qasm,z,random,random,2,9,z,4,2,vqc-zfm-realamp,13,1,38,1,breast_cancer,0.8947368421052632,0.16374269005847952,0.7309941520467836
0.06656901041666667,0.021348682722856546,0.9915624022326263,0.003351212173621435,0.008479114885988749,0.003383194271431189,0.06497395833333333,0.021635849384063443,512,15,8,breast_cancer_z_r2_q4_s0,breast_cancer_z_r2_q4_s0__z_idle_s41.qasm,z,idle,idle,2,11,z,4,2,vqc-zfm-realamp,13,0,38,1,breast_cancer,0.8947368421052632,0.8947368421052632,0.0
0.458203125,0.20085311771094255,0.8085743954046651,0.10512302970568531,0.22066459742440797,0.12694872819168324,0.06497395833333333,0.021635849384063443,512,15,8,breast_cancer_z_r2_q4_s0,breast_cancer_z_r2_q4_s0__z_controlled_s42.qasm,z,controlled,interface,0,4,z,4,2,vqc-zfm-realamp,13,0,38,1,breast_cancer,0.8947368421052632,0.6374269005847953,0.2573099415204678
0.4627604166666667,0.19344513127083734,0.8127206218992203,0.11215184115122337,0.21687059588639201,0.13777388960347028,0.07179361979166667,0.02111422953523309,512,15,8,breast_cancer_z_r2_q4_s1,breast_cancer_z_r2_q4_s1__h_random_s1000.qasm,h,random,random,0,5,z,4,2,vqc-zfm-realamp,13,0,38,1,breast_cancer,0.8421052631578947,0.6432748538011696,0.19883040935672514
0.444482421875,0.13543685273568998,0.8218414375759859,0.07131001720019922,0.19998658534008334,0.0870746482535485,0.07179361979166667,0.02111422953523309,512,15,8,breast_cancer_z_r2_q4_s1,breast_cancer_z_r2_q4_s1__h_idle_s1001.qasm,h,idle,idle,2,11,z,4,2,vqc-zfm-realamp,13,0,38,1,breast_cancer,0.8421052631578947,0.42105263157894735,0.42105263157894735
0.524072265625,0.21732661596791777,0.7655289443960828,0.14510390764002,0.28576347085553344,0.1944439870411044,0.07179361979166667,0.02111422953523309,512,15,8,breast_cancer_z_r2_q4_s1,breast_cancer_z_r2_q4_s1__h_controlled_s1002.qasm,h,controlled,interface,0,4,z,4,2,vqc-zfm-realamp,13,0,38,1,breast_cancer,0.8421052631578947,0.38596491228070173,0.45614035087719296
0.23055013020833334,0.09272250377926426,0.9487521647893762,0.02386763124198943,0.0529231233363417,0.02509896053756072,0.07179361979166667,0.02111422953523309,512,15,8,breast_cancer_z_r2_q4_s1,breast_cancer_z_r2_q4_s1__t_random_s1010.qasm,t,random,random,2,1,z,4,2,vqc-zfm-realamp,13,1,38,1,breast_cancer,0.8421052631578947,0.7251461988304093,0.11695906432748537
0.07278645833333333,0.021751612889690533,0.9918587219361424,0.0030040211675989264,0.008179189757930713,0.0030306952030702424,0.07179361979166667,0.02111422953523309,512,15,8,breast_cancer_z_r2_q4_s1,breast_cancer_z_r2_q4_s1__t_idle_s1011.qasm,t,idle,idle,0,7,z,4,2,vqc-zfm-realamp,13,0,38,1,breast_cancer,0.8421052631578947,0.8421052631578947,0.0
0.08486328125,0.02657835244259556,0.9901208743211682,0.003952703467443021,0.009936225372208358,0.0039954302891915625,0.07179361979166667,0.02111422953523309,512,15,8,breast_cancer_z_r2_q4_s1,breast_cancer_z_r2_q4_s1__t_controlled_s1012.qasm,t,controlled,interface,0,4,z,4,2,vqc-zfm-realamp,13,0,38,1,breast_cancer,0.8421052631578947,0.8128654970760234,0.029239766081871288
0.6376627604166667,0.19471261771557985,0.6675840461153514,0.17921146322461134,0.4403810562963226,0.2697790262486943,0.07179361979166667,0.02111422953523309,512,15,8,breast_cancer_z_r2_q4_s1,breast_cancer_z_r2_q4_s1__x_random_s1020.qasm,x,random,random,3,6,z,4,2,vqc-zfm-realamp,13,0,38,1,breast_cancer,0.8421052631578947,0.21637426900584794,0.6257309941520468
0.5039225260416667,0.2794883085014702,0.7841126797205015,0.1949755929965887,0.2797516022683483,0.28192943021123346,0.07179361979166667,0.02111422953523309,512,15,8,breast_cancer_z_r2_q4_s1,breast_cancer_z_r2_q4_s1__x_idle_s1021.qasm,x,idle,idle,0,5,z,4,2,vqc-zfm-realamp,13,0,38,1,breast_cancer,0.8421052631578947,0.23976608187134502,0.6023391812865497
0.47552083333333334,0.28253692445655554,0.7875637236689751,0.22440525083113994,0.2919104181187314,0.3480261497099749,0.07179361979166667,0.02111422953523309,512,15,8,breast_cancer_z_r2_q4_s1,breast_cancer_z_r2_q4_s1__x_controlled_s1022.qasm,x,controlled,interface,0,4,z,4,2,vqc-zfm-realamp,13,0,38,1,breast_cancer,0.8421052631578947,0.27485380116959063,0.567251461988304
0.3331217447916667,0.1999642651475556,0.8994727747411685,0.09976818437581982,0.11297874121660247,0.12273752962735855,0.07179361979166667,0.02111422953523309,512,15,8,breast_cancer_z_r2_q4_s1,breast_cancer_z_r2_q4_s1__y_random_s1030.qasm,y,random,random,1,3,z,4,2,vqc-zfm-realamp,13,0,38,1,breast_cancer,0.8421052631578947,0.8304093567251462,0.011695906432748537
0.66611328125,0.1493604057556591,0.6502995152150711,0.18755371191482542,0.4981685463446297,0.4206491646053298,0.07179361979166667,0.02111422953523309,512,15,8,breast_cancer_z_r2_q4_s1,breast_cancer_z_r2_q4_s1__y_idle_s1031.qasm,y,idle,idle,2,11,z,4,2,vqc-zfm-realamp,13,0,38,1,breast_cancer,0.8421052631578947,0.15789473684210525,0.6842105263157894
0.5078450520833333,0.2753155814537351,0.7829790170255054,0.1915656640825344,0.2794066685415955,0.2736990152746748,0.07179361979166667,0.02111422953523309,512,15,8,breast_cancer_z_r2_q4_s1,breast_cancer_z_r2_q4_s1__y_controlled_s1032.qasm,y,controlled,interface,0,4,z,4,2,vqc-zfm-realamp,13,0,38,1,breast_cancer,0.8421052631578947,0.22807017543859648,0.6140350877192982
0.13525390625,0.03853422900768188,0.9749275541750848,0.006970705466425769,0.025417698126061834,0.007154841002865784,0.07179361979166667,0.02111422953523309,512,15,8,breast_cancer_z_r2_q4_s1,breast_cancer_z_r2_q4_s1__z_random_s1040.qasm,z,random,random,1,10,z,4,2,vqc-zfm-realamp,13,1,38,1,breast_cancer,0.8421052631578947,0.7894736842105263,0.05263157894736836
0.07272135416666667,0.021628501731074126,0.9918616814582233,0.002998069081878247,0.00817618819223609,0.0030249018102336558,0.07179361979166667,0.02111422953523309,512,15,8,breast_cancer_z_r2_q4_s1,breast_cancer_z_r2_q4_s1__z_idle_s1041.qasm,z,idle,idle,2,11,z,4,2,vqc-zfm-realamp,13,0,38,1,breast_cancer,0.8421052631578947,0.8421052631578947,0.0
0.21178385416666667,0.09157731296234461,0.9608441512404725,0.0184217434321175,0.040126270401166925,0.019127521705053874,0.07179361979166667,0.02111422953523309,512,15,8,breast_cancer_z_r2_q4_s1,breast_cancer_z_r2_q4_s1__z_controlled_s1042.qasm,z,controlled,interface,0,4,z,4,2,vqc-zfm-realamp,13,0,38,1,breast_cancer,0.8421052631578947,0.7309941520467836,0.11111111111111105
0.3310546875,0.07015181654166236,0.8835795372338426,0.03379942012199057,0.12450922282892521,0.03839761503992629,0.070166015625,0.021039067727914702,512,15,8,breast_cancer_z_r2_q4_s2,breast_cancer_z_r2_q4_s2__h_random_s2000.qasm,h,random,random,0,6,z,4,2,vqc-zfm-realamp,13,0,38,1,breast_cancer,0.9122807017543859,0.36257309941520466,0.5497076023391813
0.312890625,0.21836275247089798,0.8917291288341055,0.12720372813818837,0.12681132914820734,0.16377672428762013,0.070166015625,0.021039067727914702,512,15,8,breast_cancer_z_r2_q4_s2,breast_cancer_z_r2_q4_s2__h_idle_s2001.qasm,h,idle,idle,0,5,z,4,2,vqc-zfm-realamp,13,0,38,1,breast_cancer,0.9122807017543859,0.3333333333333333,0.5789473684210527
0.32076822916666664,0.10888291850773742,0.8935318372180668,0.05301291335643966,0.11436121187459049,0.06004727450439068,0.070166015625,0.021039067727914702,512,15,8,breast_cancer_z_r2_q4_s2,breast_cancer_z_r2_q4_s2__h_controlled_s2002.qasm,h,controlled,interface,0,4,z,4,2,vqc-zfm-realamp,13,0,38,1,breast_cancer,0.9122807017543859,0.27485380116959063,0.6374269005847952
0.23693033854166667,0.07083132684895092,0.9440799346048548,0.02372801787106229,0.05785971517018112,0.02510041242766248,0.070166015625,0.021039067727914702,512,15,8,breast_cancer_z_r2_q4_s2,breast_cancer_z_r2_q4_s2__t_random_s2010.qasm,t,random,random,3,2,z,4,2,vqc-zfm-realamp,13,1,38,1,breast_cancer,0.9122807017543859,0.9181286549707602,-0.005847953216374324
0.07027994791666667,0.01943822791619717,0.9917509588764571,0.003091180628311666,0.008288114830038157,0.0031191018627267403,0.070166015625,0.021039067727914702,512,15,8,breast_cancer_z_r2_q4_s2,breast_cancer_z_r2_q4_s2__t_idle_s2011.qasm,t,idle,idle,3,9,z,4,2,vqc-zfm-realamp,13,0,38,1,breast_cancer,0.9122807017543859,0.9122807017543859,0.0
0.10348307291666667,0.027559121284028782,0.9825906909948999,0.00606344684248262,0.01758169405189395,0.006176018987376599,0.070166015625,0.021039067727914702,512,15,8,breast_cancer_z_r2_q4_s2,breast_cancer_z_r2_q4_s2__t_controlled_s2012.qasm,t,controlled,interface,0,4,z,4,2,vqc-zfm-realamp,13,0,38,1,breast_cancer,0.9122807017543859,0.9005847953216374,0.011695906432748537
0.47928059895833336,0.11161965433866729,0.8088065406746738,0.061088797024438264,0.21506544106832312,0.07594789414871424,0.070166015625,0.021039067727914702,512,15,8,breast_cancer_z_r2_q4_s2,breast_cancer_z_r2_q4_s2__x_random_s2020.qasm,x,random,random,0,5,z,4,2,vqc-zfm-realamp,13,0,38,1,breast_cancer,0.9122807017543859,0.6432748538011696,0.26900584795321636
0.6714192708333333,0.08434384873764342,0.6319212230757324,0.099497840068944,0.4714480108273291,0.15831812226701905,0.070166015625,0.021039067727914702,512,15,8,breast_cancer_z_r2_q4_s2,breast_cancer_z_r2_q4_s2__x_idle_s2021.qasm,x,idle,idle,0,9,z,4,2,vqc-zfm-realamp,13,1,38,1,breast_cancer,0.9122807017543859,0.08771929824561403,0.8245614035087718
0.3704752604166667,0.23855138367430814,0.8440710624524238,0.18146240834392208,0.20108789444632266,0.27240227034433245,0.070166015625,0.021039067727914702,512,15,8,breast_cancer_z_r2_q4_s2,breast_cancer_z_r2_q4_s2__x_controlled_s2022.qasm,x,controlled,interface,0,4,z,4,2,vqc-zfm-realamp,13,0,38,1,breast_cancer,0.9122807017543859,0.3567251461988304,0.5555555555555556
0.524072265625,0.1543722955052418,0.7570098281493647,0.14559208646913704,0.3020529207877309,0.23246470802008065,0.070166015625,0.021039067727914702,512,15,8,breast_cancer_z_r2_q4_s2,breast_cancer_z_r2_q4_s2__y_random_s2030.qasm,y,random,random,0,4,z,4,2,vqc-zfm-realamp,13,0,38,1,breast_cancer,0.9122807017543859,0.1286549707602339,0.783625730994152
0.58720703125,0.15096819263466701,0.7039181785944069,0.15438781761308545,0.3779508068233775,0.23832108434688518,0.070166015625,0.021039067727914702,512,15,8,breast_cancer_z_r2_q4_s2,breast_cancer_z_r2_q4_s2__y_idle_s2031.qasm,y,idle,idle,1,11,z,4,2,vqc-zfm-realamp,13,1,38,1,breast_cancer,0.9122807017543859,0.08771929824561403,0.8245614035087718
0.524072265625,0.1543722955052418,0.7570098281493647,0.14559208646913704,0.3020529207877309,0.23246470802008065,0.070166015625,0.021039067727914702,512,15,8,breast_cancer_z_r2_q4_s2,breast_cancer_z_r2_q4_s2__y_controlled_s2032.qasm,y,controlled,interface,0,4,z,4,2,vqc-zfm-realamp,13,0,38,1,breast_cancer,0.9122807017543859,0.1286549707602339,0.783625730994152
0.44114583333333335,0.18078348624208104,0.8086063723872227,0.13065649452537498,0.22783374781547644,0.18325588153824354,0.070166015625,0.021039067727914702,512,15,8,breast_cancer_z_r2_q4_s2,breast_cancer_z_r2_q4_s2__z_random_s2040.qasm,z,random,random,2,8,z,4,2,vqc-zfm-realamp,13,1,38,1,breast_cancer,0.9122807017543859,0.391812865497076,0.5204678362573099
0.07027994791666667,0.01943822791619717,0.9917509588764571,0.003091180628311666,0.008288114830038157,0.0031191018627267403,0.070166015625,0.021039067727914702,512,15,8,breast_cancer_z_r2_q4_s2,breast_cancer_z_r2_q4_s2__z_idle_s2041.qasm,z,idle,idle,0,9,z,4,2,vqc-zfm-realamp,13,1,38,1,breast_cancer,0.9122807017543859,0.9122807017543859,0.0
0.30517578125,0.18701112380236087,0.8810312314873857,0.09265529021125049,0.13244039177564904,0.10869166068421522,0.070166015625,0.021039067727914702,512,15,8,breast_cancer_z_r2_q4_s2,breast_cancer_z_r2_q4_s2__z_controlled_s2042.qasm,z,controlled,interface,0,4,z,4,2,vqc-zfm-realamp,13,0,38,1,breast_cancer,0.9122807017543859,0.6374269005847953,0.2748538011695906
0.6002766927083333,0.13948045326875938,0.7006790676516078,0.12079238805762521,0.36979210761564757,0.16571969827771682,0.03357747395833333,0.01478300996446082,512,15,8,breast_cancer_z_r3_q2_s0,breast_cancer_z_r3_q2_s0__h_random_s0.qasm,h,random,random,1,8,z,2,3,vqc-zfm-realamp,12,1,21,1,breast_cancer,0.9064327485380117,0.4619883040935672,0.4444444444444445
0.5230794270833333,0.11558638835849275,0.791254522250561,0.06787291051140325,0.23772860451254985,0.08427474512778216,0.03357747395833333,0.01478300996446082,512,15,8,breast_cancer_z_r3_q2_s0,breast_cancer_z_r3_q2_s0__h_idle_s1.qasm,h,idle,idle,1,11,z,2,3,vqc-zfm-realamp,12,1,21,1,breast_cancer,0.9064327485380117,0.3742690058479532,0.5321637426900585
0.39910481770833334,0.13922267551979203,0.8829273663600425,0.06129382138013045,0.1270237962072949,0.07164772569657987,0.03357747395833333,0.01478300996446082,512,15,8,breast_cancer_z_r3_q2_s0,breast_cancer_z_r3_q2_s0__h_controlled_s2.qasm,h,controlled,interface,0,4,z,2,3,vqc-zfm-realamp,12,1,21,1,breast_cancer,0.9064327485380117,0.14035087719298245,0.7660818713450293
0.034651692708333334,0.017198770854215315,0.9985461353540098,0.0011265032449760202,0.0014555595101242416,0.001128972801996433,0.03357747395833333,0.01478300996446082,512,15,8,breast_cancer_z_r3_q2_s0,breast_cancer_z_r3_q2_s0__t_random_s10.qasm,t,random,random,1,12,z,2,3,vqc-zfm-realamp,12,1,21,1,breast_cancer,0.9064327485380117,0.9064327485380117,0.0
0.034651692708333334,0.017198770854215315,0.9985461353540098,0.0011265032449760202,0.0014555595101242416,0.001128972801996433,0.03357747395833333,0.01478300996446082,512,15,8,breast_cancer_z_r3_q2_s0,breast_cancer_z_r3_q2_s0__t_idle_s11.qasm,t,idle,idle,0,11,z,2,3,vqc-zfm-realamp,12,1,21,1,breast_cancer,0.9064327485380117,0.9064327485380117,0.0
0.10382486979166666,0.03934144852861993,0.9864417546960815,0.008411896907811682,0.013687621658062943,0.008574127955119755,0.03357747395833333,0.01478300996446082,512,15,8,breast_cancer_z_r3_q2_s0,breast_cancer_z_r3_q2_s0__t_controlled_s12.qasm,t,controlled,interface,0,4,z,2,3,vqc-zfm-realamp,12,1,21,1,breast_cancer,0.9064327485380117,0.9005847953216374,0.005847953216374324
0.5912272135416666,0.17042687840166998,0.7051418782667568,0.17497496517883662,0.388390957403092,0.29802604829469614,0.03357747395833333,0.01478300996446082,512,15,8,breast_cancer_z_r3_q2_s0,breast_cancer_z_r3_q2_s0__x_random_s20.qasm,x,random,random,1,3,z,2,3,vqc-zfm-realamp,12,1,21,1,breast_cancer,0.9064327485380117,0.3391812865497076,0.5672514619883041
0.5453450520833333,0.15976538291525227,0.7461565381408103,0.12013706740430563,0.30659168817251703,0.16886396952308455,0.03357747395833333,0.01478300996446082,512,15,8,breast_cancer_z_r3_q2_s0,breast_cancer_z_r3_q2_s0__x_idle_s21.qasm,x,idle,idle,1,11,z,2,3,vqc-zfm-realamp,12,1,21,1,breast_cancer,0.9064327485380117,0.0935672514619883,0.8128654970760234
0.266552734375,0.21352176170309825,0.9176513625340007,0.10116816195383185,0.09270405087465568,0.11953174637688602,0.03357747395833333,0.01478300996446082,512,15,8,breast_cancer_z_r3_q2_s0,breast_cancer_z_r3_q2_s0__x_controlled_s22.qasm,x,controlled,interface,0,4,z,2,3,vqc-zfm-realamp,12,1,21,1,breast_cancer,0.9064327485380117,0.36257309941520466,0.543859649122807
0.267138671875,0.22022418513365785,0.905487026778215,0.11861031114198343,0.10902955206726204,0.14414042398868035,0.03357747395833333,0.01478300996446082,512,15,8,breast_cancer_z_r3_q2_s0,breast_cancer_z_r3_q2_s0__y_random_s30.qasm,y,random,random,0,3,z,2,3,vqc-zfm-realamp,12,1,21,1,breast_cancer,0.9064327485380117,0.3567251461988304,0.5497076023391814
0.5085286458333333,0.2243431298666142,0.7497524636148214,0.12509438870779432,0.3011125794046944,0.15952675583366266,0.03357747395833333,0.01478300996446082,512,15,8,breast_cancer_z_r3_q2_s0,breast_cancer_z_r3_q2_s0__y_idle_s31.qasm,y,idle,idle,0,11,z,2,3,vqc-zfm-realamp,12,1,21,1,breast_cancer,0.9064327485380117,0.0935672514619883,0.8128654970760234
0.522412109375,0.13216754266673875,0.7787170800371354,0.10006375005755956,0.25949796060551017,0.14169883483999,0.03357747395833333,0.01478300996446082,512,15,8,breast_cancer_z_r3_q2_s0,breast_cancer_z_r3_q2_s0__y_controlled_s32.qasm,y,controlled,interface,0,4,z,2,3,vqc-zfm-realamp,12,1,21,1,breast_cancer,0.9064327485380117,0.16374269005847952,0.7426900584795322
0.6482747395833334,0.1398105536946741,0.6600578096996578,0.1536582649182071,0.4436046540485255,0.23970547976237014,0.03357747395833333,0.01478300996446082,512,15,8,breast_cancer_z_r3_q2_s0,breast_cancer_z_r3_q2_s0__z_random_s40.qasm,z,random,random,1,9,z,2,3,vqc-zfm-realamp,12,1,21,1,breast_cancer,0.9064327485380117,0.5964912280701754,0.3099415204678363
0.034651692708333334,0.017198770854215315,0.9985461353540098,0.0011265032449760202,0.0014555595101242416,0.001128972801996433,0.03357747395833333,0.01478300996446082,512,15,8,breast_cancer_z_r3_q2_s0,breast_cancer_z_r3_q2_s0__z_idle_s41.qasm,z,idle,idle,0,11,z,2,3,vqc-zfm-realamp,12,1,21,1,breast_cancer,0.9064327485380117,0.9064327485380117,0.0
0.42828776041666666,0.2098087480366324,0.7991164842057134,0.15471944993372405,0.24576370422689026,0.21505893415058686,0.03357747395833333,0.01478300996446082,512,15,8,breast_cancer_z_r3_q2_s0,breast_cancer_z_r3_q2_s0__z_controlled_s42.qasm,z,controlled,interface,0,4,z,2,3,vqc-zfm-realamp,12,1,21,1,breast_cancer,0.9064327485380117,0.6491228070175439,0.2573099415204678
0.3231608072916667,0.20146492987704,0.8977182854516591,0.10348823036853227,0.11556735396525504,0.1284562232978942,0.03037109375,0.016223580818825446,512,15,8,breast_cancer_z_r3_q2_s1,breast_cancer_z_r3_q2_s1__h_random_s1000.qasm,h,random,random,0,6,z,2,3,vqc-zfm-realamp,12,1,21,1,breast_cancer,0.9181286549707602,0.3742690058479532,0.543859649122807
0.31015625,0.15460346649481552,0.9032460566179533,0.06989179564761741,0.10483018490883521,0.07887024359489395,0.03037109375,0.016223580818825446,512,15,8,breast_cancer_z_r3_q2_s1,breast_cancer_z_r3_q2_s1__h_idle_s1001.qasm,h,idle,idle,1,11,z,2,3,vqc-zfm-realamp,12,1,21,1,breast_cancer,0.9181286549707602,0.36257309941520466,0.5555555555555556
0.55654296875,0.24274246128684757,0.7517374156759248,0.17084587006096522,0.31351292556883464,0.24259143804194952,0.03037109375,0.016223580818825446,512,15,8,breast_cancer_z_r3_q2_s1,breast_cancer_z_r3_q2_s1__h_controlled_s1002.qasm,h,controlled,interface,0,4,z,2,3,vqc-zfm-realamp,12,1,21,1,breast_cancer,0.9181286549707602,0.2222222222222222,0.695906432748538
0.2506184895833333,0.07346017185448532,0.9439503761192162,0.019198439715810294,0.057888335084693245,0.020326470709043667,0.03037109375,0.016223580818825446,512,15,8,breast_cancer_z_r3_q2_s1,breast_cancer_z_r3_q2_s1__t_random_s1010.qasm,t,random,random,1,1,z,2,3,vqc-zfm-realamp,12,1,21,1,breast_cancer,0.9181286549707602,0.8947368421052632,0.023391812865497075
0.03128255208333333,0.01779557224976219,0.9984951676887642,0.0012441142464982605,0.0015067426754803196,0.001246858826238663,0.03037109375,0.016223580818825446,512,15,8,breast_cancer_z_r3_q2_s1,breast_cancer_z_r3_q2_s1__t_idle_s1011.qasm,t,idle,idle,1,11,z,2,3,vqc-zfm-realamp,12,1,21,1,breast_cancer,0.9181286549707602,0.9181286549707602,0.0
0.08072916666666667,0.03511131145994217,0.9911716384736307,0.007490888429712732,0.008896332088663072,0.007599499918963222,0.03037109375,0.016223580818825446,512,15,8,breast_cancer_z_r3_q2_s1,breast_cancer_z_r3_q2_s1__t_controlled_s1012.qasm,t,controlled,interface,0,4,z,2,3,vqc-zfm-realamp,12,1,21,1,breast_cancer,0.9181286549707602,0.9239766081871345,-0.005847953216374213
0.3627115885416667,0.08900565699959194,0.8365374437127779,0.07719983248062146,0.1829844528934266,0.0962174627319561,0.03037109375,0.016223580818825446,512,15,8,breast_cancer_z_r3_q2_s1,breast_cancer_z_r3_q2_s1__x_random_s1020.qasm,x,random,random,1,7,z,2,3,vqc-zfm-realamp,12,1,21,1,breast_cancer,0.9181286549707602,0.7134502923976608,0.20467836257309946
0.6472493489583333,0.15990780714102426,0.6804222208349991,0.13039680928728045,0.4052800031491899,0.2064293714814746,0.03037109375,0.016223580818825446,512,15,8,breast_cancer_z_r3_q2_s1,breast_cancer_z_r3_q2_s1__x_idle_s1021.qasm,x,idle,idle,0,11,z,2,3,vqc-zfm-realamp,12,1,21,1,breast_cancer,0.9181286549707602,0.08187134502923976,0.8362573099415205
0.41901041666666666,0.25731435822413107,0.8346479646414733,0.16427133143234088,0.2030943385581778,0.21907065017318877,0.03037109375,0.016223580818825446,512,15,8,breast_cancer_z_r3_q2_s1,breast_cancer_z_r3_q2_s1__x_controlled_s1022.qasm,x,controlled,interface,0,4,z,2,3,vqc-zfm-realamp,12,1,21,1,breast_cancer,0.9181286549707602,0.32748538011695905,0.5906432748538012
0.41437174479166666,0.2581272241323657,0.8422612319589142,0.1594938922766149,0.1922586095997625,0.21004346109620511,0.03037109375,0.016223580818825446,512,15,8,breast_cancer_z_r3_q2_s1,breast_cancer_z_r3_q2_s1__y_random_s1030.qasm,y,random,random,0,3,z,2,3,vqc-zfm-realamp,12,1,21,1,breast_cancer,0.9181286549707602,0.32748538011695905,0.5906432748538012
0.7077799479166667,0.17612726060619668,0.6081281476314917,0.1880331046314683,0.5528924723582443,0.3474065597768069,0.03037109375,0.016223580818825446,512,15,8,breast_cancer_z_r3_q2_s1,breast_cancer_z_r3_q2_s1__y_idle_s1031.qasm,y,idle,idle,1,11,z,2,3,vqc-zfm-realamp,12,1,21,1,breast_cancer,0.9181286549707602,0.08187134502923976,0.8362573099415205
0.547802734375,0.22887730160439115,0.7743512161464448,0.1488089939192714,0.27446330538492314,0.19436849820147864,0.03037109375,0.016223580818825446,512,15,8,breast_cancer_z_r3_q2_s1,breast_cancer_z_r3_q2_s1__y_controlled_s1032.qasm,y,controlled,interface,0,4,z,2,3,vqc-zfm-realamp,12,1,21,1,breast_cancer,0.9181286549707602,0.08187134502923976,0.8362573099415205
0.6598958333333333,0.13991723051065477,0.6718888433923594,0.10026838007270343,0.40883665128966307,0.14971067402664665,0.03037109375,0.016223580818825446,512,15,8,breast_cancer_z_r3_q2_s1,breast_cancer_z_r3_q2_s1__z_random_s1040.qasm,z,random,random,0,10,z,2,3,vqc-zfm-realamp,12,1,21,1,breast_cancer,0.9181286549707602,0.4678362573099415,0.45029239766081874
0.03128255208333333,0.01779557224976219,0.9984951676887642,0.0012441142464982605,0.0015067426754803196,0.001246858826238663,0.03037109375,0.016223580818825446,512,15,8,breast_cancer_z_r3_q2_s1,breast_cancer_z_r3_q2_s1__z_idle_s1041.qasm,z,idle,idle,1,11,z,2,3,vqc-zfm-realamp,12,1,21,1,breast_cancer,0.9181286549707602,0.9181286549707602,0.0
0.33562825520833334,0.16869958116511663,0.9029362284060457,0.0577267391505943,0.10410398973628979,0.06291975761312031,0.03037109375,0.016223580818825446,512,15,8,breast_cancer_z_r3_q2_s1,breast_cancer_z_r3_q2_s1__z_controlled_s1042.qasm,z,controlled,interface,0,4,z,2,3,vqc-zfm-realamp,12,1,21,1,breast_cancer,0.9181286549707602,0.672514619883041,0.24561403508771928
0.44459635416666665,0.18688847034320288,0.8340037368341634,0.10014573981090845,0.1889300520263496,0.12265527012569419,0.038590494791666666,0.019115024322495178,512,15,8,breast_cancer_z_r3_q2_s2,breast_cancer_z_r3_q2_s2__h_random_s2000.qasm,h,random,random,0,7,z,2,3,vqc-zfm-realamp,12,1,21,1,breast_cancer,0.9181286549707602,0.6374269005847953,0.2807017543859649
0.5980143229166667,0.0733480066011379,0.7590935508208886,0.044305833856751194,0.27728469728552696,0.057117079507815804,0.038590494791666666,0.019115024322495178,512,15,8,breast_cancer_z_r3_q2_s2,breast_cancer_z_r3_q2_s2__h_idle_s2001.qasm,h,idle,idle,0,11,z,2,3,vqc-zfm-realamp,12,1,21,1,breast_cancer,0.9181286549707602,0.4152046783625731,0.5029239766081872
0.4110026041666667,0.1850486274480287,0.8646286304206064,0.1006599269853158,0.1525918208916304,0.12108798648099449,0.038590494791666666,0.019115024322495178,512,15,8,breast_cancer_z_r3_q2_s2,breast_cancer_z_r3_q2_s2__h_controlled_s2002.qasm,h,controlled,interface,0,4,z,2,3,vqc-zfm-realamp,12,1,21,1,breast_cancer,0.9181286549707602,0.0935672514619883,0.8245614035087719
0.10221354166666667,0.0465390066891091,0.9882279494624988,0.011004609431577684,0.011904407029791224,0.011205093107194827,0.038590494791666666,0.019115024322495178,512,15,8,breast_cancer_z_r3_q2_s2,breast_cancer_z_r3_q2_s2__t_random_s2010.qasm,t,random,random,1,3,z,2,3,vqc-zfm-realamp,12,1,21,1,breast_cancer,0.9181286549707602,0.8947368421052632,0.023391812865497075
0.03644205729166667,0.017007326517018577,0.9986519270690768,0.000955227076121894,0.0013494400990234213,0.0009568904506296614,0.038590494791666666,0.019115024322495178,512,15,8,breast_cancer_z_r3_q2_s2,breast_cancer_z_r3_q2_s2__t_idle_s2011.qasm,t,idle,idle,0,11,z,2,3,vqc-zfm-realamp,12,1,21,1,breast_cancer,0.9181286549707602,0.9181286549707602,0.0
0.06446940104166667,0.029960470470870616,0.9939056784667092,0.006115952105357174,0.006132030724692592,0.006185269687800482,0.038590494791666666,0.019115024322495178,512,15,8,breast_cancer_z_r3_q2_s2,breast_cancer_z_r3_q2_s2__t_controlled_s2012.qasm,t,controlled,interface,0,4,z,2,3,vqc-zfm-realamp,12,1,21,1,breast_cancer,0.9181286549707602,0.9239766081871345,-0.005847953216374213
0.42413736979166666,0.1818919415064692,0.8508111778664047,0.08512064029403574,0.16668356697402334,0.10180192049850866,0.038590494791666666,0.019115024322495178,512,15,8,breast_cancer_z_r3_q2_s2,breast_cancer_z_r3_q2_s2__x_random_s2020.qasm,x,random,random,0,6,z,2,3,vqc-zfm-realamp,12,1,21,1,breast_cancer,0.9181286549707602,0.6374269005847953,0.2807017543859649
0.37888997395833335,0.17577898867059158,0.878033923176793,0.12432931131891813,0.14223620142315888,0.16390838363988075,0.038590494791666666,0.019115024322495178,512,15,8,breast_cancer_z_r3_q2_s2,breast_cancer_z_r3_q2_s2__x_idle_s2021.qasm,x,idle,idle,1,11,z,2,3,vqc-zfm-realamp,12,1,21,1,breast_cancer,0.9181286549707602,0.08187134502923976,0.8362573099415205
0.3480631510416667,0.2301804141552723,0.8710075836807305,0.13739045494038352,0.15247884679741563,0.1760359769851831,0.038590494791666666,0.019115024322495178,512,15,8,breast_cancer_z_r3_q2_s2,breast_cancer_z_r3_q2_s2__x_controlled_s2022.qasm,x,controlled,interface,0,4,z,2,3,vqc-zfm-realamp,12,1,21,1,breast_cancer,0.9181286549707602,0.3567251461988304,0.5614035087719298
0.41656901041666666,0.17440399828166614,0.8392065561930908,0.1208288658512024,0.1873165022740041,0.16112594224195587,0.038590494791666666,0.019115024322495178,512,15,8,breast_cancer_z_r3_q2_s2,breast_cancer_z_r3_q2_s2__y_random_s2030.qasm,y,random,random,0,5,z,2,3,vqc-zfm-realamp,12,1,21,1,breast_cancer,0.9181286549707602,0.14035087719298245,0.7777777777777778
0.576904296875,0.18014442839577754,0.7580948376967404,0.16482932304537115,0.3053205327282232,0.2500157120973075,0.038590494791666666,0.019115024322495178,512,15,8,breast_cancer_z_r3_q2_s2,breast_cancer_z_r3_q2_s2__y_idle_s2031.qasm,y,idle,idle,0,11,z,2,3,vqc-zfm-realamp,12,1,21,1,breast_cancer,0.9181286549707602,0.08187134502923976,0.8362573099415205
0.41656901041666666,0.17440399828166614,0.8392065561930908,0.1208288658512024,0.1873165022740041,0.16112594224195587,0.038590494791666666,0.019115024322495178,512,15,8,breast_cancer_z_r3_q2_s2,breast_cancer_z_r3_q2_s2__y_controlled_s2032.qasm,y,controlled,interface,0,4,z,2,3,vqc-zfm-realamp,12,1,21,1,breast_cancer,0.9181286549707602,0.14035087719298245,0.7777777777777778
0.074462890625,0.028791830067002994,0.9945936191017428,0.0038686326986099263,0.0054286335527086805,0.0038975911524685805,0.038590494791666666,0.019115024322495178,512,15,8,breast_cancer_z_r3_q2_s2,breast_cancer_z_r3_q2_s2__z_random_s2040.qasm,z,random,random,1,8,z,2,3,vqc-zfm-realamp,12,1,21,1,breast_cancer,0.9181286549707602,0.9239766081871345,-0.005847953216374213
0.03644205729166667,0.017007326517018577,0.9986519270690768,0.000955227076121894,0.0013494400990234213,0.0009568904506296614,0.038590494791666666,0.019115024322495178,512,15,8,breast_cancer_z_r3_q2_s2,breast_cancer_z_r3_q2_s2__z_idle_s2041.qasm,z,idle,idle,0,11,z,2,3,vqc-zfm-realamp,12,1,21,1,breast_cancer,0.9181286549707602,0.9181286549707602,0.0
0.36114908854166666,0.16178038196176517,0.885373750767102,0.06929110266859861,0.12479727787818941,0.07806662345328476,0.038590494791666666,0.019115024322495178,512,15,8,breast_cancer_z_r3_q2_s2,breast_cancer_z_r3_q2_s2__z_controlled_s2042.qasm,z,controlled,interface,0,4,z,2,3,vqc-zfm-realamp,12,1,21,1,breast_cancer,0.9181286549707602,0.6491228070175439,0.26900584795321636
0.174072265625,0.06044996155347672,0.9545895786364035,0.02375569676036852,0.04679002692142777,0.025283183939700637,0.06936848958333333,0.015706135644145167,512,15,8,breast_cancer_z_r3_q4_s0,breast_cancer_z_r3_q4_s0__h_random_s0.qasm,h,random,random,3,8,z,4,3,vqc-zfm-realamp,16,0,45,1,breast_cancer,0.9181286549707602,0.9122807017543859,0.005847953216374324
0.48232421875,0.08499454929602357,0.807734815530703,0.04000546812331778,0.21471317207441415,0.04847771365403407,0.06936848958333333,0.015706135644145167,512,15,8,breast_cancer_z_r3_q4_s0,breast_cancer_z_r3_q4_s0__h_idle_s1.qasm,h,idle,idle,2,14,z,4,3,vqc-zfm-realamp,16,0,45,1,breast_cancer,0.9181286549707602,0.6666666666666666,0.2514619883040936
0.42574869791666664,0.10725542956492291,0.8486273703644931,0.06754358457581913,0.16741181304320493,0.08167273851189032,0.06936848958333333,0.015706135644145167,512,15,8,breast_cancer_z_r3_q4_s0,breast_cancer_z_r3_q4_s0__h_controlled_s2.qasm,h,controlled,interface,0,4,z,4,3,vqc-zfm-realamp,16,0,45,1,breast_cancer,0.9181286549707602,0.16374269005847952,0.7543859649122807
0.069970703125,0.017981593752428065,0.9920383030878753,0.003253655902970925,0.007998948278002597,0.0032840609499116646,0.06936848958333333,0.015706135644145167,512,15,8,breast_cancer_z_r3_q4_s0,breast_cancer_z_r3_q4_s0__t_random_s10.qasm,t,random,random,3,12,z,4,3,vqc-zfm-realamp,16,0,45,1,breast_cancer,0.9181286549707602,0.9181286549707602,0.0
0.09189453125,0.0274908270131131,0.9854432547093424,0.009103835685211165,0.014706862212022161,0.009312207951067802,0.06936848958333333,0.015706135644145167,512,15,8,breast_cancer_z_r3_q4_s0,breast_cancer_z_r3_q4_s0__t_idle_s11.qasm,t,idle,idle,0,5,z,4,3,vqc-zfm-realamp,16,0,45,1,breast_cancer,0.9181286549707602,0.8713450292397661,0.04678362573099415
0.13595377604166667,0.03596641004256935,0.9719008489936488,0.014382705931478184,0.02861144188309447,0.014844966521411495,0.06936848958333333,0.015706135644145167,512,15,8,breast_cancer_z_r3_q4_s0,breast_cancer_z_r3_q4_s0__t_controlled_s12.qasm,t,controlled,interface,0,4,z,4,3,vqc-zfm-realamp,16,0,45,1,breast_cancer,0.9181286549707602,0.9064327485380117,0.011695906432748537
0.618408203125,0.10904201501001835,0.6824281998045822,0.10639941722554278,0.39527379148631947,0.16569335238904204,0.06936848958333333,0.015706135644145167,512,15,8,breast_cancer_z_r3_q4_s0,breast_cancer_z_r3_q4_s0__x_random_s20.qasm,x,random,random,3,3,z,4,3,vqc-zfm-realamp,16,1,45,1,breast_cancer,0.9181286549707602,0.7368421052631579,0.18128654970760238
0.13951822916666667,0.04958766886244811,0.9611337818626777,0.022366928644007692,0.0399137630420782,0.02335633119728004,0.06936848958333333,0.015706135644145167,512,15,8,breast_cancer_z_r3_q4_s0,breast_cancer_z_r3_q4_s0__x_idle_s21.qasm,x,idle,idle,3,9,z,4,3,vqc-zfm-realamp,16,0,45,1,breast_cancer,0.9181286549707602,0.9239766081871345,-0.005847953216374213
0.26080729166666666,0.17461689992796053,0.91430054826119,0.09278076045356207,0.09526126250662044,0.1090390274300898,0.06936848958333333,0.015706135644145167,512,15,8,breast_cancer_z_r3_q4_s0,breast_cancer_z_r3_q4_s0__x_controlled_s22.qasm,x,controlled,interface,0,4,z,4,3,vqc-zfm-realamp,16,0,45,1,breast_cancer,0.9181286549707602,0.36257309941520466,0.5555555555555556
0.25022786458333335,0.17609765781932027,0.924329773084703,0.08596902314230477,0.08341250524864911,0.09939504307125689,0.06936848958333333,0.015706135644145167,512,15,8,breast_cancer_z_r3_q4_s0,breast_cancer_z_r3_q4_s0__y_random_s30.qasm,y,random,random,0,3,z,4,3,vqc-zfm-realamp,16,0,45,1,breast_cancer,0.9181286549707602,0.36257309941520466,0.5555555555555556
0.870263671875,0.029318202415030737,0.3689499426800242,0.0764096343501145,1.0198896466644232,0.2173073229728053,0.06936848958333333,0.015706135644145167,512,15,8,breast_cancer_z_r3_q4_s0,breast_cancer_z_r3_q4_s0__y_idle_s31.qasm,y,idle,idle,3,11,z,4,3,vqc-zfm-realamp,16,0,45,1,breast_cancer,0.9181286549707602,0.08187134502923976,0.8362573099415205
0.5221516927083333,0.0842547639253928,0.778994617789886,0.07667119950493366,0.2549714769370098,0.10418709053472763,0.06936848958333333,0.015706135644145167,512,15,8,breast_cancer_z_r3_q4_s0,breast_cancer_z_r3_q4_s0__y_controlled_s32.qasm,y,controlled,interface,0,4,z,4,3,vqc-zfm-realamp,16,0,45,1,breast_cancer,0.9181286549707602,0.1111111111111111,0.8070175438596492
0.5891927083333334,0.1305666456630087,0.727114951602797,0.10906698949054829,0.33108496143823324,0.16158037451937354,0.06936848958333333,0.015706135644145167,512,15,8,breast_cancer_z_r3_q4_s0,breast_cancer_z_r3_q4_s0__z_random_s40.qasm,z,random,random,2,11,z,4,3,vqc-zfm-realamp,16,1,45,1,breast_cancer,0.9181286549707602,0.3333333333333333,0.5847953216374269
0.069970703125,0.017981593752428065,0.9920383030878753,0.003253655902970925,0.007998948278002597,0.0032840609499116646,0.06936848958333333,0.015706135644145167,512,15,8,breast_cancer_z_r3_q4_s0,breast_cancer_z_r3_q4_s0__z_idle_s41.qasm,z,idle,idle,1,14,z,4,3,vqc-zfm-realamp,16,1,45,1,breast_cancer,0.9181286549707602,0.9181286549707602,0.0
0.48935546875,0.1833783730177393,0.78694644812475,0.10779618037192365,0.2486113980157242,0.13305009697309395,0.06936848958333333,0.015706135644145167,512,15,8,breast_cancer_z_r3_q4_s0,breast_cancer_z_r3_q4_s0__z_controlled_s42.qasm,z,controlled,interface,0,4,z,4,3,vqc-zfm-realamp,16,0,45,1,breast_cancer,0.9181286549707602,0.6374269005847953,0.2807017543859649
0.38068033854166666,0.10568523903815853,0.8558098423651944,0.05732458638939706,0.15791549598260451,0.06620941254615109,0.07171223958333334,0.016465402364650536,512,15,8,breast_cancer_z_r3_q4_s1,breast_cancer_z_r3_q4_s1__h_random_s1000.qasm,h,random,random,0,6,z,4,3,vqc-zfm-realamp,16,0,45,1,breast_cancer,0.9005847953216374,0.7426900584795322,0.1578947368421052
0.4422200520833333,0.09883487428747235,0.8252064855893465,0.05461096487561992,0.19435104660979274,0.06710556791846504,0.07171223958333334,0.016465402364650536,512,15,8,breast_cancer_z_r3_q4_s1,breast_cancer_z_r3_q4_s1__h_idle_s1001.qasm,h,idle,idle,2,14,z,4,3,vqc-zfm-realamp,16,0,45,1,breast_cancer,0.9005847953216374,0.47368421052631576,0.4269005847953216
0.5389485677083333,0.21919355140533872,0.7564446861965936,0.15541124277101634,0.3012488675672824,0.21286860150271872,0.07171223958333334,0.016465402364650536,512,15,8,breast_cancer_z_r3_q4_s1,breast_cancer_z_r3_q4_s1__h_controlled_s1002.qasm,h,controlled,interface,0,4,z,4,3,vqc-zfm-realamp,16,0,45,1,breast_cancer,0.9005847953216374,0.29239766081871343,0.6081871345029239
0.2581705729166667,0.08681378202664265,0.9453682807777068,0.020729245535567587,0.05641874560397142,0.021765501857215007,0.07171223958333334,0.016465402364650536,512,15,8,breast_cancer_z_r3_q4_s1,breast_cancer_z_r3_q4_s1__t_random_s1010.qasm,t,random,random,2,1,z,4,3,vqc-zfm-realamp,16,1,45,1,breast_cancer,0.9005847953216374,0.8596491228070176,0.040935672514619825
0.199658203125,0.051976287191237064,0.9560296690366402,0.013494115324530077,0.04506613929876028,0.01413562419900901,0.07171223958333334,0.016465402364650536,512,15,8,breast_cancer_z_r3_q4_s1,breast_cancer_z_r3_q4_s1__t_idle_s1011.qasm,t,idle,idle,3,9,z,4,3,vqc-zfm-realamp,16,0,45,1,breast_cancer,0.9005847953216374,0.9181286549707602,-0.01754385964912286
0.09461263020833334,0.026440383349082844,0.9881933421474668,0.0050034677310517766,0.011889762461294482,0.005073418771151024,0.07171223958333334,0.016465402364650536,512,15,8,breast_cancer_z_r3_q4_s1,breast_cancer_z_r3_q4_s1__t_controlled_s1012.qasm,t,controlled,interface,0,4,z,4,3,vqc-zfm-realamp,16,0,45,1,breast_cancer,0.9005847953216374,0.8830409356725146,0.01754385964912275
0.5255859375,0.09532984174545525,0.7646817138113227,0.07583254780257112,0.27318858592808276,0.09886069445577868,0.07171223958333334,0.016465402364650536,512,15,8,breast_cancer_z_r3_q4_s1,breast_cancer_z_r3_q4_s1__x_random_s1020.qasm,x,random,random,3,7,z,4,3,vqc-zfm-realamp,16,0,45,1,breast_cancer,0.9005847953216374,0.29239766081871343,0.6081871345029239
0.5255859375,0.09532984174545525,0.7646817138113227,0.07583254780257112,0.27318858592808276,0.09886069445577868,0.07171223958333334,0.016465402364650536,512,15,8,breast_cancer_z_r3_q4_s1,breast_cancer_z_r3_q4_s1__x_idle_s1021.qasm,x,idle,idle,3,7,z,4,3,vqc-zfm-realamp,16,0,45,1,breast_cancer,0.9005847953216374,0.29239766081871343,0.6081871345029239
0.46393229166666666,0.27361159047592004,0.7995517667100704,0.20164393902085012,0.26284587723739666,0.29453192650947396,0.07171223958333334,0.016465402364650536,512,15,8,breast_cancer_z_r3_q4_s1,breast_cancer_z_r3_q4_s1__x_controlled_s1022.qasm,x,controlled,interface,0,4,z,4,3,vqc-zfm-realamp,16,0,45,1,breast_cancer,0.9005847953216374,0.34502923976608185,0.5555555555555556
0.20123697916666666,0.08972865892226323,0.9489699116380178,0.0330493517617061,0.052985549260438435,0.034866503121169755,0.07171223958333334,0.016465402364650536,512,15,8,breast_cancer_z_r3_q4_s1,breast_cancer_z_r3_q4_s1__y_random_s1030.qasm,y,random,random,1,3,z,4,3,vqc-zfm-realamp,16,0,45,1,breast_cancer,0.9005847953216374,0.8011695906432749,0.09941520467836251
0.7200846354166667,0.11371845166514703,0.5936184544118507,0.14503080827560877,0.5530214485689464,0.25527847106004664,0.07171223958333334,0.016465402364650536,512,15,8,breast_cancer_z_r3_q4_s1,breast_cancer_z_r3_q4_s1__y_idle_s1031.qasm,y,idle,idle,2,14,z,4,3,vqc-zfm-realamp,16,0,45,1,breast_cancer,0.9005847953216374,0.09941520467836257,0.8011695906432748
0.532421875,0.25046805753114404,0.7710613217980069,0.16578246382805462,0.28481250492716614,0.22693856056788736,0.07171223958333334,0.016465402364650536,512,15,8,breast_cancer_z_r3_q4_s1,breast_cancer_z_r3_q4_s1__y_controlled_s1032.qasm,y,controlled,interface,0,4,z,4,3,vqc-zfm-realamp,16,0,45,1,breast_cancer,0.9005847953216374,0.19883040935672514,0.7017543859649122
0.6869791666666667,0.090267249903633,0.6375518296657596,0.07781937297982722,0.45782225520920006,0.12521945534388282,0.07171223958333334,0.016465402364650536,512,15,8,breast_cancer_z_r3_q4_s1,breast_cancer_z_r3_q4_s1__z_random_s1040.qasm,z,random,random,1,13,z,4,3,vqc-zfm-realamp,16,1,45,1,breast_cancer,0.9005847953216374,0.10526315789473684,0.7953216374269005
0.07438151041666667,0.01928487729920012,0.9918436783007191,0.0032390703631922104,0.008195107064046204,0.003269463418525843,0.07171223958333334,0.016465402364650536,512,15,8,breast_cancer_z_r3_q4_s1,breast_cancer_z_r3_q4_s1__z_idle_s1041.qasm,z,idle,idle,1,14,z,4,3,vqc-zfm-realamp,16,1,45,1,breast_cancer,0.9005847953216374,0.9005847953216374,0.0
0.26162109375,0.12885984259737546,0.9370207865225576,0.04109848009165605,0.06603792402369288,0.044762924167373486,0.07171223958333334,0.016465402364650536,512,15,8,breast_cancer_z_r3_q4_s1,breast_cancer_z_r3_q4_s1__z_controlled_s1042.qasm,z,controlled,interface,0,4,z,4,3,vqc-zfm-realamp,16,0,45,1,breast_cancer,0.9005847953216374,0.7777777777777778,0.12280701754385959
0.4171549479166667,0.18264896798536004,0.832397560898579,0.10155930466915307,0.19088343540891253,0.12198019916026519,0.07845052083333333,0.018450456510120762,512,15,8,breast_cancer_z_r3_q4_s2,breast_cancer_z_r3_q4_s2__h_random_s2000.qasm,h,random,random,0,7,z,4,3,vqc-zfm-realamp,16,0,45,1,breast_cancer,0.8947368421052632,0.6491228070175439,0.24561403508771928
0.36795247395833336,0.15250335852949604,0.8753985939244963,0.09479930130508037,0.13946911166716142,0.11561583085361544,0.07845052083333333,0.018450456510120762,512,15,8,breast_cancer_z_r3_q4_s2,breast_cancer_z_r3_q4_s2__h_idle_s2001.qasm,h,idle,idle,0,5,z,4,3,vqc-zfm-realamp,16,0,45,1,breast_cancer,0.8947368421052632,0.10526315789473684,0.7894736842105263
0.37713216145833334,0.14710545327596788,0.869418127260818,0.08993103940463364,0.14553045590691002,0.10707096920086369,0.07845052083333333,0.018450456510120762,512,15,8,breast_cancer_z_r3_q4_s2,breast_cancer_z_r3_q4_s2__h_controlled_s2002.qasm,h,controlled,interface,0,4,z,4,3,vqc-zfm-realamp,16,0,45,1,breast_cancer,0.8947368421052632,0.18128654970760233,0.7134502923976609
0.18544921875,0.045592571561424995,0.9597007892106288,0.018811633259253953,0.041326974416984366,0.01968948814025304,0.07845052083333333,0.018450456510120762,512,15,8,breast_cancer_z_r3_q4_s2,breast_cancer_z_r3_q4_s2__t_random_s2010.qasm,t,random,random,3,3,z,4,3,vqc-zfm-realamp,16,1,45,1,breast_cancer,0.8947368421052632,0.8947368421052632,0.0
0.07815755208333333,0.017745483922373444,0.9920037351714586,0.002700487327633039,0.008032114576240701,0.002723816227245615,0.07845052083333333,0.018450456510120762,512,15,8,breast_cancer_z_r3_q4_s2,breast_cancer_z_r3_q4_s2__t_idle_s2011.qasm,t,idle,idle,2,14,z,4,3,vqc-zfm-realamp,16,0,45,1,breast_cancer,0.8947368421052632,0.8947368421052632,0.0
0.1056640625,0.026355610884547076,0.9839113275673262,0.009552368965348577,0.01626694050825527,0.00975678631774472,0.07845052083333333,0.018450456510120762,512,15,8,breast_cancer_z_r3_q4_s2,breast_cancer_z_r3_q4_s2__t_controlled_s2012.qasm,t,controlled,interface,0,4,z,4,3,vqc-zfm-realamp,16,0,45,1,breast_cancer,0.8947368421052632,0.9005847953216374,-0.005847953216374213
0.605126953125,0.1232664476346975,0.6691258091279789,0.09607975896415803,0.41202997011202125,0.14292978883168442,0.07845052083333333,0.018450456510120762,512,15,8,breast_cancer_z_r3_q4_s2,breast_cancer_z_r3_q4_s2__x_random_s2020.qasm,x,random,random,0,6,z,4,3,vqc-zfm-realamp,16,0,45,1,breast_cancer,0.8947368421052632,0.8011695906432749,0.0935672514619883
0.7254720052083333,0.07416124581232114,0.5647028035200594,0.11189757610878948,0.5914968750019739,0.2015920474386236,0.07845052083333333,0.018450456510120762,512,15,8,breast_cancer_z_r3_q4_s2,breast_cancer_z_r3_q4_s2__x_idle_s2021.qasm,x,idle,idle,3,11,z,4,3,vqc-zfm-realamp,16,0,45,1,breast_cancer,0.8947368421052632,0.10526315789473684,0.7894736842105263
0.3306640625,0.19885917176358422,0.8815149997645537,0.11329164998762738,0.13530991323246527,0.139410471606769,0.07845052083333333,0.018450456510120762,512,15,8,breast_cancer_z_r3_q4_s2,breast_cancer_z_r3_q4_s2__x_controlled_s2022.qasm,x,controlled,interface,0,4,z,4,3,vqc-zfm-realamp,16,0,45,1,breast_cancer,0.8947368421052632,0.3508771929824561,0.543859649122807
0.4735026041666667,0.11813843055905474,0.7982112134462763,0.09351976647681777,0.2324443274270254,0.11970795398238115,0.07845052083333333,0.018450456510120762,512,15,8,breast_cancer_z_r3_q4_s2,breast_cancer_z_r3_q4_s2__y_random_s2030.qasm,y,random,random,0,5,z,4,3,vqc-zfm-realamp,16,0,45,1,breast_cancer,0.8947368421052632,0.09941520467836257,0.7953216374269005
0.567919921875,0.09476731515054918,0.6988055338829149,0.10069217338709743,0.3688662274560496,0.14525267870055,0.07845052083333333,0.018450456510120762,512,15,8,breast_cancer_z_r3_q4_s2,breast_cancer_z_r3_q4_s2__y_idle_s2031.qasm,y,idle,idle,0,11,z,4,3,vqc-zfm-realamp,16,1,45,1,breast_cancer,0.8947368421052632,0.10526315789473684,0.7894736842105263
0.4735026041666667,0.11813843055905474,0.7982112134462763,0.09351976647681777,0.2324443274270254,0.11970795398238115,0.07845052083333333,0.018450456510120762,512,15,8,breast_cancer_z_r3_q4_s2,breast_cancer_z_r3_q4_s2__y_controlled_s2032.qasm,y,controlled,interface,0,4,z,4,3,vqc-zfm-realamp,16,0,45,1,breast_cancer,0.8947368421052632,0.09941520467836257,0.7953216374269005
0.5264322916666667,0.10866729904646086,0.7629686907285781,0.07772897684504461,0.2757389096626517,0.10205351626786253,0.07845052083333333,0.018450456510120762,512,15,8,breast_cancer_z_r3_q4_s2,breast_cancer_z_r3_q4_s2__z_random_s2040.qasm,z,random,random,2,11,z,4,3,vqc-zfm-realamp,16,1,45,1,breast_cancer,0.8947368421052632,0.3742690058479532,0.52046783625731
0.07815755208333333,0.017745483922373444,0.9920037351714586,0.002700487327633039,0.008032114576240701,0.002723816227245615,0.07845052083333333,0.018450456510120762,512,15,8,breast_cancer_z_r3_q4_s2,breast_cancer_z_r3_q4_s2__z_idle_s2041.qasm,z,idle,idle,3,11,z,4,3,vqc-zfm-realamp,16,0,45,1,breast_cancer,0.8947368421052632,0.8947368421052632,0.0
0.4097819010416667,0.1765593844488653,0.8328282620132981,0.09774009491411229,0.1897784189508412,0.11692931010724274,0.07845052083333333,0.018450456510120762,512,15,8,breast_cancer_z_r3_q4_s2,breast_cancer_z_r3_q4_s2__z_controlled_s2042.qasm,z,controlled,interface,0,4,z,4,3,vqc-zfm-realamp,16,0,45,1,breast_cancer,0.8947368421052632,0.6491228070175439,0.24561403508771928
0.449072265625,0.21410074565258125,0.8227020229909933,0.10768776747918038,0.20403704017857294,0.13449964397514966,0.03211263020833333,0.016835053497653435,512,15,8,breast_cancer_zz_r1_q2_s0,breast_cancer_zz_r1_q2_s0__h_random_s0.qasm,h,random,random,1,9,zz,2,1,vqc-zzfm-realamp,14,1,21,1,breast_cancer,0.8421052631578947,0.5906432748538012,0.2514619883040935
0.4791341145833333,0.2136045261068621,0.8182923195581957,0.11244709687724981,0.2097992781046238,0.13546177755104458,0.03211263020833333,0.016835053497653435,512,15,8,breast_cancer_zz_r1_q2_s0,breast_cancer_zz_r1_q2_s0__h_idle_s1.qasm,h,idle,idle,0,11,zz,2,1,vqc-zzfm-realamp,14,1,21,1,breast_cancer,0.8421052631578947,0.47953216374269003,0.36257309941520466
0.26534830729166664,0.09132375300065682,0.9295347412552206,0.032833069958172055,0.0737069925841405,0.03583436096830521,0.03211263020833333,0.016835053497653435,512,15,8,breast_cancer_zz_r1_q2_s0,breast_cancer_zz_r1_q2_s0__h_controlled_s2.qasm,h,controlled,interface,0,8,zz,2,1,vqc-zzfm-realamp,14,1,21,1,breast_cancer,0.8421052631578947,0.6198830409356725,0.2222222222222222
0.0330078125,0.016941600345469876,0.9984176303254892,0.0014027476701805011,0.0015846112844772322,0.001406432795017953,0.03211263020833333,0.016835053497653435,512,15,8,breast_cancer_zz_r1_q2_s0,breast_cancer_zz_r1_q2_s0__t_random_s10.qasm,t,random,random,1,14,zz,2,1,vqc-zzfm-realamp,14,1,21,1,breast_cancer,0.8421052631578947,0.8421052631578947,0.0
0.150048828125,0.07451526505083446,0.9677491911557302,0.02479086251062446,0.0331155443755233,0.025916113910951857,0.03211263020833333,0.016835053497653435,512,15,8,breast_cancer_zz_r1_q2_s0,breast_cancer_zz_r1_q2_s0__t_idle_s11.qasm,t,idle,idle,0,3,zz,2,1,vqc-zzfm-realamp,14,0,21,1,breast_cancer,0.8421052631578947,0.7894736842105263,0.05263157894736836
0.15597330729166667,0.07043820858613734,0.9670800007732505,0.021526429003318304,0.03372364822088825,0.022384798088423495,0.03211263020833333,0.016835053497653435,512,15,8,breast_cancer_zz_r1_q2_s0,breast_cancer_zz_r1_q2_s0__t_controlled_s12.qasm,t,controlled,interface,0,8,zz,2,1,vqc-zzfm-realamp,14,1,21,1,breast_cancer,0.8421052631578947,0.7076023391812866,0.13450292397660812
0.17547200520833334,0.09305911191783867,0.9539769262141872,0.04915060683846058,0.04850705767974068,0.05337836580348185,0.03211263020833333,0.016835053497653435,512,15,8,breast_cancer_zz_r1_q2_s0,breast_cancer_zz_r1_q2_s0__x_random_s20.qasm,x,random,random,1,4,zz,2,1,vqc-zzfm-realamp,14,1,21,1,breast_cancer,0.8421052631578947,0.40350877192982454,0.43859649122807015
0.4246744791666667,0.2437363493050385,0.8462023415258493,0.12641121137529995,0.1793110111565578,0.16112591489928346,0.03211263020833333,0.016835053497653435,512,15,8,breast_cancer_zz_r1_q2_s0,breast_cancer_zz_r1_q2_s0__x_idle_s21.qasm,x,idle,idle,0,7,zz,2,1,vqc-zzfm-realamp,14,0,21,1,breast_cancer,0.8421052631578947,0.5789473684210527,0.26315789473684204
0.15128580729166666,0.08076980552383449,0.9682390504852462,0.02108622748923154,0.03251453436809844,0.021856223868479505,0.03211263020833333,0.016835053497653435,512,15,8,breast_cancer_zz_r1_q2_s0,breast_cancer_zz_r1_q2_s0__x_controlled_s22.qasm,x,controlled,interface,0,8,zz,2,1,vqc-zzfm-realamp,14,1,21,1,breast_cancer,0.8421052631578947,0.6432748538011696,0.19883040935672514
0.30081380208333336,0.24659882024802682,0.8822361720365574,0.15446392051370883,0.14531070852385808,0.2141004674160349,0.03211263020833333,0.016835053497653435,512,15,8,breast_cancer_zz_r1_q2_s0,breast_cancer_zz_r1_q2_s0__y_random_s30.qasm,y,random,random,0,3,zz,2,1,vqc-zzfm-realamp,14,0,21,1,breast_cancer,0.8421052631578947,0.4502923976608187,0.391812865497076
0.516650390625,0.23498090118553583,0.7882938258754308,0.13282953152621824,0.2531279654043889,0.17808613126539216,0.03211263020833333,0.016835053497653435,512,15,8,breast_cancer_zz_r1_q2_s0,breast_cancer_zz_r1_q2_s0__y_idle_s31.qasm,y,idle,idle,1,13,zz,2,1,vqc-zzfm-realamp,14,1,21,1,breast_cancer,0.8421052631578947,0.15789473684210525,0.6842105263157894
0.6184733072916667,0.25505916829441305,0.6826552437927695,0.23723640493922288,0.4613304038344191,0.42847814175868054,0.03211263020833333,0.016835053497653435,512,15,8,breast_cancer_zz_r1_q2_s0,breast_cancer_zz_r1_q2_s0__y_controlled_s32.qasm,y,controlled,interface,0,8,zz,2,1,vqc-zzfm-realamp,14,1,21,1,breast_cancer,0.8421052631578947,0.6081871345029239,0.23391812865497075
0.17547200520833334,0.09305911191783867,0.9539769262141872,0.04915060683846058,0.04850705767974068,0.05337836580348185,0.03211263020833333,0.016835053497653435,512,15,8,breast_cancer_zz_r1_q2_s0,breast_cancer_zz_r1_q2_s0__z_random_s40.qasm,z,random,random,1,10,zz,2,1,vqc-zzfm-realamp,14,1,21,1,breast_cancer,0.8421052631578947,0.40350877192982454,0.43859649122807015
0.0330078125,0.016941600345469876,0.9984176303254892,0.0014027476701805011,0.0015846112844772322,0.001406432795017953,0.03211263020833333,0.016835053497653435,512,15,8,breast_cancer_zz_r1_q2_s0,breast_cancer_zz_r1_q2_s0__z_idle_s41.qasm,z,idle,idle,1,13,zz,2,1,vqc-zzfm-realamp,14,1,21,1,breast_cancer,0.8421052631578947,0.8421052631578947,0.0
0.6567220052083333,0.20974113310323517,0.6634624912782104,0.18654694837830507,0.45172739490321445,0.2917933313943809,0.03211263020833333,0.016835053497653435,512,15,8,breast_cancer_zz_r1_q2_s0,breast_cancer_zz_r1_q2_s0__z_controlled_s42.qasm,z,controlled,interface,0,8,zz,2,1,vqc-zzfm-realamp,14,1,21,1,breast_cancer,0.8421052631578947,0.543859649122807,0.29824561403508765
0.46173502604166666,0.13450885483413957,0.8319182376066462,0.07990018859487584,0.1887548631663502,0.09806033868548625,0.034521484375,0.01854811167055492,512,15,8,breast_cancer_zz_r1_q2_s1,breast_cancer_zz_r1_q2_s1__h_random_s1000.qasm,h,random,random,0,6,zz,2,1,vqc-zzfm-realamp,14,1,21,1,breast_cancer,0.8070175438596491,0.3684210526315789,0.43859649122807015
0.5314290364583333,0.1474003470979926,0.7834480495799561,0.09027556176672769,0.2502636037528292,0.1096339380509296,0.034521484375,0.01854811167055492,512,15,8,breast_cancer_zz_r1_q2_s1,breast_cancer_zz_r1_q2_s1__h_idle_s1001.qasm,h,idle,idle,1,13,zz,2,1,vqc-zzfm-realamp,14,1,21,1,breast_cancer,0.8070175438596491,0.5847953216374269,0.2222222222222222
0.48797200520833334,0.1706801052949315,0.8287571209440457,0.09081504702056317,0.19409721262113522,0.11334474249189541,0.034521484375,0.01854811167055492,512,15,8,breast_cancer_zz_r1_q2_s1,breast_cancer_zz_r1_q2_s1__h_controlled_s1002.qasm,h,controlled,interface,0,8,zz,2,1,vqc-zzfm-realamp,14,1,21,1,breast_cancer,0.8070175438596491,0.5146198830409356,0.29239766081871343
0.217919921875,0.06334856009228135,0.9611889133645225,0.02075068986002596,0.039820957188968206,0.02183993994456972,0.034521484375,0.01854811167055492,512,15,8,breast_cancer_zz_r1_q2_s1,breast_cancer_zz_r1_q2_s1__t_random_s1010.qasm,t,random,random,1,1,zz,2,1,vqc-zzfm-realamp,14,1,21,1,breast_cancer,0.8070175438596491,0.5321637426900585,0.2748538011695906
0.121142578125,0.053037002086677214,0.9849847403119569,0.01008139782386105,0.015181859568383789,0.01028658804396926,0.034521484375,0.01854811167055492,512,15,8,breast_cancer_zz_r1_q2_s1,breast_cancer_zz_r1_q2_s1__t_idle_s1011.qasm,t,idle,idle,0,7,zz,2,1,vqc-zzfm-realamp,14,0,21,1,breast_cancer,0.8070175438596491,0.7076023391812866,0.09941520467836251
0.121142578125,0.053037002086677214,0.9849847403119569,0.01008139782386105,0.015181859568383789,0.01028658804396926,0.034521484375,0.01854811167055492,512,15,8,breast_cancer_zz_r1_q2_s1,breast_cancer_zz_r1_q2_s1__t_controlled_s1012.qasm,t,controlled,interface,0,8,zz,2,1,vqc-zzfm-realamp,14,1,21,1,breast_cancer,0.8070175438596491,0.7076023391812866,0.09941520467836251
0.414453125,0.19260337927082946,0.844572627754191,0.11861682878421762,0.1796013981003299,0.1491495006592056,0.034521484375,0.01854811167055492,512,15,8,breast_cancer_zz_r1_q2_s1,breast_cancer_zz_r1_q2_s1__x_random_s1020.qasm,x,random,random,1,8,zz,2,1,vqc-zzfm-realamp,14,1,21,1,breast_cancer,0.8070175438596491,0.3567251461988304,0.4502923976608187
0.20265299479166668,0.1274519436679013,0.9578956739968414,0.043067779192168795,0.04406405645228089,0.04619162269803812,0.034521484375,0.01854811167055492,512,15,8,breast_cancer_zz_r1_q2_s1,breast_cancer_zz_r1_q2_s1__x_idle_s1021.qasm,x,idle,idle,0,7,zz,2,1,vqc-zzfm-realamp,14,0,21,1,breast_cancer,0.8070175438596491,0.5730994152046783,0.23391812865497075
0.2574055989583333,0.20229917384634902,0.9225394738909768,0.09357894234437751,0.08645483756296671,0.11145006598520746,0.034521484375,0.01854811167055492,512,15,8,breast_cancer_zz_r1_q2_s1,breast_cancer_zz_r1_q2_s1__x_controlled_s1022.qasm,x,controlled,interface,0,8,zz,2,1,vqc-zzfm-realamp,14,1,21,1,breast_cancer,0.8070175438596491,0.6140350877192983,0.1929824561403508
0.42819010416666664,0.19979217115543385,0.8365215360067576,0.11385480294161977,0.18795561542885508,0.13818063659623625,0.034521484375,0.01854811167055492,512,15,8,breast_cancer_zz_r1_q2_s1,breast_cancer_zz_r1_q2_s1__y_random_s1030.qasm,y,random,random,0,3,zz,2,1,vqc-zzfm-realamp,14,0,21,1,breast_cancer,0.8070175438596491,0.4152046783625731,0.391812865497076
0.44607747395833336,0.11611359495236978,0.8555002073518717,0.06918273802244698,0.15963560777743507,0.08635233572579491,0.034521484375,0.01854811167055492,512,15,8,breast_cancer_zz_r1_q2_s1,breast_cancer_zz_r1_q2_s1__y_idle_s1031.qasm,y,idle,idle,1,13,zz,2,1,vqc-zzfm-realamp,14,1,21,1,breast_cancer,0.8070175438596491,0.19298245614035087,0.6140350877192982
0.5701497395833334,0.2169151128829779,0.7457523230498954,0.15216943391193485,0.3149319365835108,0.21030677204100015,0.034521484375,0.01854811167055492,512,15,8,breast_cancer_zz_r1_q2_s1,breast_cancer_zz_r1_q2_s1__y_controlled_s1032.qasm,y,controlled,interface,0,8,zz,2,1,vqc-zzfm-realamp,14,1,21,1,breast_cancer,0.8070175438596491,0.6023391812865497,0.20467836257309935
0.4705078125,0.07715560686624426,0.8550964448442614,0.03948971939684789,0.15759142010927701,0.04566526150533093,0.034521484375,0.01854811167055492,512,15,8,breast_cancer_zz_r1_q2_s1,breast_cancer_zz_r1_q2_s1__z_random_s1040.qasm,z,random,random,0,10,zz,2,1,vqc-zzfm-realamp,14,1,21,1,breast_cancer,0.8070175438596491,0.543859649122807,0.26315789473684204
0.038004557291666664,0.01968025168279486,0.9983872437127072,0.0012818489908105162,0.0016148831252548693,0.0012847629364276995,0.034521484375,0.01854811167055492,512,15,8,breast_cancer_zz_r1_q2_s1,breast_cancer_zz_r1_q2_s1__z_idle_s1041.qasm,z,idle,idle,1,13,zz,2,1,vqc-zzfm-realamp,14,1,21,1,breast_cancer,0.8070175438596491,0.8070175438596491,0.0
0.6370768229166667,0.1841889356725411,0.7032419661142125,0.13285908769697305,0.3690357446591956,0.1819585278748153,0.034521484375,0.01854811167055492,512,15,8,breast_cancer_zz_r1_q2_s1,breast_cancer_zz_r1_q2_s1__z_controlled_s1042.qasm,z,controlled,interface,0,8,zz,2,1,vqc-zzfm-realamp,14,1,21,1,breast_cancer,0.8070175438596491,0.5789473684210527,0.22807017543859642
0.49051106770833336,0.1197798913890305,0.8005558642108591,0.09303095206875632,0.22955805289761327,0.1209611568361911,0.035872395833333334,0.01751277880873657,512,15,8,breast_cancer_zz_r1_q2_s2,breast_cancer_zz_r1_q2_s2__h_random_s2000.qasm,h,random,random,0,7,zz,2,1,vqc-zzfm-realamp,14,0,21,1,breast_cancer,0.847953216374269,0.5497076023391813,0.29824561403508776
0.441259765625,0.11791256878385543,0.8541862043718701,0.059180485418200784,0.15995105662577397,0.0680975427117702,0.035872395833333334,0.01751277880873657,512,15,8,breast_cancer_zz_r1_q2_s2,breast_cancer_zz_r1_q2_s2__h_idle_s2001.qasm,h,idle,idle,0,3,zz,2,1,vqc-zzfm-realamp,14,0,21,1,breast_cancer,0.847953216374269,0.4152046783625731,0.43274853801169594
0.41570638020833334,0.09673786780326367,0.8342911907031485,0.06491550603845204,0.18416624615894991,0.07718340443216005,0.035872395833333334,0.01751277880873657,512,15,8,breast_cancer_zz_r1_q2_s2,breast_cancer_zz_r1_q2_s2__h_controlled_s2002.qasm,h,controlled,interface,0,8,zz,2,1,vqc-zzfm-realamp,14,1,21,1,breast_cancer,0.847953216374269,0.5847953216374269,0.26315789473684215
0.19270833333333334,0.08601674751229156,0.970446561654942,0.02189213935538874,0.030255652815734346,0.022709543750348147,0.035872395833333334,0.01751277880873657,512,15,8,breast_cancer_zz_r1_q2_s2,breast_cancer_zz_r1_q2_s2__t_random_s2010.qasm,t,random,random,1,3,zz,2,1,vqc-zzfm-realamp,14,1,21,1,breast_cancer,0.847953216374269,0.8070175438596491,0.040935672514619936
0.03606770833333333,0.01714589642018315,0.9987064874921235,0.001041435603037518,0.0012948938944587144,0.0010433274036142463,0.035872395833333334,0.01751277880873657,512,15,8,breast_cancer_zz_r1_q2_s2,breast_cancer_zz_r1_q2_s2__t_idle_s2011.qasm,t,idle,idle,0,11,zz,2,1,vqc-zzfm-realamp,14,1,21,1,breast_cancer,0.847953216374269,0.847953216374269,0.0
0.09212239583333333,0.053663173206426204,0.9863887916212171,0.014602499426468877,0.013815711793048215,0.014949995601496244,0.035872395833333334,0.01751277880873657,512,15,8,breast_cancer_zz_r1_q2_s2,breast_cancer_zz_r1_q2_s2__t_controlled_s2012.qasm,t,controlled,interface,0,8,zz,2,1,vqc-zzfm-realamp,14,1,21,1,breast_cancer,0.847953216374269,0.6198830409356725,0.22807017543859653
0.33388671875,0.15957199587609108,0.8994944118215195,0.10625176363806504,0.11420427040217838,0.13437952194139097,0.035872395833333334,0.01751277880873657,512,15,8,breast_cancer_zz_r1_q2_s2,breast_cancer_zz_r1_q2_s2__x_random_s2020.qasm,x,random,random,0,6,zz,2,1,vqc-zzfm-realamp,14,1,21,1,breast_cancer,0.847953216374269,0.42105263157894735,0.42690058479532167
0.5262858072916666,0.11008763141312614,0.7988519809419663,0.07045798080347329,0.2285831248075924,0.09017649354211678,0.035872395833333334,0.01751277880873657,512,15,8,breast_cancer_zz_r1_q2_s2,breast_cancer_zz_r1_q2_s2__x_idle_s2021.qasm,x,idle,idle,0,11,zz,2,1,vqc-zzfm-realamp,14,1,21,1,breast_cancer,0.847953216374269,0.15204678362573099,0.695906432748538
0.25654296875,0.2297998616292574,0.9091375511241715,0.12237688378046081,0.10560508227982245,0.14867771550006245,0.035872395833333334,0.01751277880873657,512,15,8,breast_cancer_zz_r1_q2_s2,breast_cancer_zz_r1_q2_s2__x_controlled_s2022.qasm,x,controlled,interface,0,8,zz,2,1,vqc-zzfm-realamp,14,1,21,1,breast_cancer,0.847953216374269,0.4619883040935672,0.3859649122807018
0.352099609375,0.2277507568888365,0.861865704674773,0.15630163148146958,0.16805685339504298,0.20513998753181983,0.035872395833333334,0.01751277880873657,512,15,8,breast_cancer_zz_r1_q2_s2,breast_cancer_zz_r1_q2_s2__y_random_s2030.qasm,y,random,random,0,5,zz,2,1,vqc-zzfm-realamp,14,1,21,1,breast_cancer,0.847953216374269,0.6666666666666666,0.18128654970760238
0.3884765625,0.182309755426933,0.8752512037820573,0.10521857073490098,0.14121172859963765,0.12937054514555474,0.035872395833333334,0.01751277880873657,512,15,8,breast_cancer_zz_r1_q2_s2,breast_cancer_zz_r1_q2_s2__y_idle_s2031.qasm,y,idle,idle,1,13,zz,2,1,vqc-zzfm-realamp,14,1,21,1,breast_cancer,0.847953216374269,0.15204678362573099,0.695906432748538
0.6621907552083334,0.05778653819150423,0.6271019463546217,0.0827007381773371,0.47621013653317934,0.14187270540846372,0.035872395833333334,0.01751277880873657,512,15,8,breast_cancer_zz_r1_q2_s2,breast_cancer_zz_r1_q2_s2__y_controlled_s2032.qasm,y,controlled,interface,0,8,zz,2,1,vqc-zzfm-realamp,14,1,21,1,breast_cancer,0.847953216374269,0.5497076023391813,0.29824561403508776
0.31124674479166664,0.07307959201853605,0.8902025334060374,0.04339810521661754,0.11751962105148438,0.049519672161472,0.035872395833333334,0.01751277880873657,512,15,8,breast_cancer_zz_r1_q2_s2,breast_cancer_zz_r1_q2_s2__z_random_s2040.qasm,z,random,random,1,10,zz,2,1,vqc-zzfm-realamp,14,1,21,1,breast_cancer,0.847953216374269,0.5087719298245614,0.3391812865497076
0.03606770833333333,0.01714589642018315,0.9987064874921235,0.001041435603037518,0.0012948938944587144,0.0010433274036142463,0.035872395833333334,0.01751277880873657,512,15,8,breast_cancer_zz_r1_q2_s2,breast_cancer_zz_r1_q2_s2__z_idle_s2041.qasm,z,idle,idle,1,13,zz,2,1,vqc-zzfm-realamp,14,1,21,1,breast_cancer,0.847953216374269,0.847953216374269,0.0
0.54482421875,0.2253971480158956,0.7199824275441323,0.15890845266138465,0.3524214936682617,0.217584436256344,0.035872395833333334,0.01751277880873657,512,15,8,breast_cancer_zz_r1_q2_s2,breast_cancer_zz_r1_q2_s2__z_controlled_s2042.qasm,z,controlled,interface,0,8,zz,2,1,vqc-zzfm-realamp,14,1,21,1,breast_cancer,0.847953216374269,0.5672514619883041,0.2807017543859649
0.4644856770833333,0.07610590063793575,0.8019803221681845,0.054920163930135386,0.22307763438067116,0.06987057043886472,0.075341796875,0.020595457709538304,512,15,8,breast_cancer_zz_r1_q4_s0,breast_cancer_zz_r1_q4_s0__h_random_s0.qasm,h,random,random,3,9,zz,4,1,vqc-zzfm-realamp,25,1,49,1,breast_cancer,0.631578947368421,0.6549707602339181,-0.023391812865497075
0.29471028645833336,0.11359589357961124,0.8935085332140852,0.0972685845898974,0.11960894821251719,0.12351010399541738,0.075341796875,0.020595457709538304,512,15,8,breast_cancer_zz_r1_q4_s0,breast_cancer_zz_r1_q4_s0__h_idle_s1.qasm,h,idle,idle,0,9,zz,4,1,vqc-zzfm-realamp,25,0,49,1,breast_cancer,0.631578947368421,0.52046783625731,0.11111111111111105
0.26531575520833334,0.05356098613184777,0.9085138367202245,0.02770977230512183,0.09641341335695139,0.030654841598484337,0.075341796875,0.020595457709538304,512,15,8,breast_cancer_zz_r1_q4_s0,breast_cancer_zz_r1_q4_s0__h_controlled_s2.qasm,h,controlled,interface,0,8,zz,4,1,vqc-zzfm-realamp,25,0,49,1,breast_cancer,0.631578947368421,0.6198830409356725,0.011695906432748537
0.07342122395833334,0.01943088770374895,0.9918686577818607,0.0032047272627931927,0.008169807143056425,0.0032335886586222595,0.075341796875,0.020595457709538304,512,15,8,breast_cancer_zz_r1_q4_s0,breast_cancer_zz_r1_q4_s0__t_random_s10.qasm,t,random,random,3,14,zz,4,1,vqc-zzfm-realamp,25,0,49,1,breast_cancer,0.631578947368421,0.631578947368421,0.0
0.17325846354166666,0.039079908094806735,0.9611888130409728,0.015228245685588178,0.039710633241113215,0.01591128234403225,0.075341796875,0.020595457709538304,512,15,8,breast_cancer_zz_r1_q4_s0,breast_cancer_zz_r1_q4_s0__t_idle_s11.qasm,t,idle,idle,2,2,zz,4,1,vqc-zzfm-realamp,25,0,49,1,breast_cancer,0.631578947368421,0.6608187134502924,-0.0292397660818714
0.177783203125,0.05867424077573676,0.9626040401925664,0.01566770535735925,0.03824621670345551,0.016334809855885084,0.075341796875,0.020595457709538304,512,15,8,breast_cancer_zz_r1_q4_s0,breast_cancer_zz_r1_q4_s0__t_controlled_s12.qasm,t,controlled,interface,0,8,zz,4,1,vqc-zzfm-realamp,25,0,49,1,breast_cancer,0.631578947368421,0.5847953216374269,0.04678362573099415
0.6871907552083333,0.2151040084136307,0.5915653955837068,0.24704170756613889,0.6595118412197467,0.5880129870511047,0.075341796875,0.020595457709538304,512,15,8,breast_cancer_zz_r1_q4_s0,breast_cancer_zz_r1_q4_s0__x_random_s20.qasm,x,random,random,3,4,zz,4,1,vqc-zzfm-realamp,25,1,49,1,breast_cancer,0.631578947368421,0.3333333333333333,0.2982456140350877
0.40667317708333334,0.18087758063498216,0.8232375692840084,0.11017725022718038,0.20444212863061337,0.1448155891975344,0.075341796875,0.020595457709538304,512,15,8,breast_cancer_zz_r1_q4_s0,breast_cancer_zz_r1_q4_s0__x_idle_s21.qasm,x,idle,idle,0,6,zz,4,1,vqc-zzfm-realamp,25,0,49,1,breast_cancer,0.631578947368421,0.672514619883041,-0.040935672514619936
0.23587239583333333,0.13934939694322207,0.9261303349882579,0.07518291973633359,0.08042934572010228,0.08836987394788517,0.075341796875,0.020595457709538304,512,15,8,breast_cancer_zz_r1_q4_s0,breast_cancer_zz_r1_q4_s0__x_controlled_s22.qasm,x,controlled,interface,0,8,zz,4,1,vqc-zzfm-realamp,25,0,49,1,breast_cancer,0.631578947368421,0.6198830409356725,0.011695906432748537
0.37674153645833336,0.1614526489241605,0.8526765699307698,0.09343452450047673,0.1655136127015967,0.11146256124074215,0.075341796875,0.020595457709538304,512,15,8,breast_cancer_zz_r1_q4_s0,breast_cancer_zz_r1_q4_s0__y_random_s30.qasm,y,random,random,0,3,zz,4,1,vqc-zzfm-realamp,25,0,49,1,breast_cancer,0.631578947368421,0.5964912280701754,0.03508771929824561
0.42019856770833336,0.10345550774761283,0.8388916674345147,0.053941834093456424,0.17777029638666916,0.06499363483031674,0.075341796875,0.020595457709538304,512,15,8,breast_cancer_zz_r1_q4_s0,breast_cancer_zz_r1_q4_s0__y_idle_s31.qasm,y,idle,idle,1,15,zz,4,1,vqc-zzfm-realamp,25,0,49,1,breast_cancer,0.631578947368421,0.6257309941520468,0.005847953216374213
0.5055013020833333,0.1702207514552982,0.7636245460307706,0.15982018797057865,0.29877824526790514,0.25998835956220234,0.075341796875,0.020595457709538304,512,15,8,breast_cancer_zz_r1_q4_s0,breast_cancer_zz_r1_q4_s0__y_controlled_s32.qasm,y,controlled,interface,0,8,zz,4,1,vqc-zzfm-realamp,25,0,49,1,breast_cancer,0.631578947368421,0.5906432748538012,0.040935672514619825
0.4073079427083333,0.09213903701423262,0.8434279547784054,0.08317568256273976,0.17573545683247235,0.10756441276952883,0.075341796875,0.020595457709538304,512,15,8,breast_cancer_zz_r1_q4_s0,breast_cancer_zz_r1_q4_s0__z_random_s40.qasm,z,random,random,2,14,zz,4,1,vqc-zzfm-realamp,25,1,49,1,breast_cancer,0.631578947368421,0.4327485380116959,0.19883040935672514
0.3672688802083333,0.0652742224823084,0.8732273003230927,0.03886801948584857,0.1365764292983597,0.045407429287083856,0.075341796875,0.020595457709538304,512,15,8,breast_cancer_zz_r1_q4_s0,breast_cancer_zz_r1_q4_s0__z_idle_s41.qasm,z,idle,idle,1,15,zz,4,1,vqc-zzfm-realamp,25,0,49,1,breast_cancer,0.631578947368421,0.6023391812865497,0.029239766081871288
0.486181640625,0.18012944591434948,0.7844743246571463,0.1457854028747768,0.26256349927152145,0.20651145234448473,0.075341796875,0.020595457709538304,512,15,8,breast_cancer_zz_r1_q4_s0,breast_cancer_zz_r1_q4_s0__z_controlled_s42.qasm,z,controlled,interface,0,8,zz,4,1,vqc-zzfm-realamp,25,0,49,1,breast_cancer,0.631578947368421,0.6257309941520468,0.005847953216374213
0.364306640625,0.06751193588596552,0.8512864424502735,0.04258815024423023,0.1622858175127626,0.05086642294305794,0.08396809895833333,0.017016669671098553,512,15,8,breast_cancer_zz_r1_q4_s1,breast_cancer_zz_r1_q4_s1__h_random_s1000.qasm,h,random,random,0,6,zz,4,1,vqc-zzfm-realamp,25,0,49,1,breast_cancer,0.6374269005847953,0.45614035087719296,0.18128654970760238
0.3284993489583333,0.09155771977167045,0.8942073369612508,0.043652446468747046,0.11300326819179896,0.04864307324047799,0.08396809895833333,0.017016669671098553,512,15,8,breast_cancer_zz_r1_q4_s1,breast_cancer_zz_r1_q4_s1__h_idle_s1001.qasm,h,idle,idle,3,13,zz,4,1,vqc-zzfm-realamp,25,0,49,1,breast_cancer,0.6374269005847953,0.4678362573099415,0.16959064327485385
0.3525390625,0.06445559101974341,0.8706221407196713,0.033647421101229015,0.13930370596931912,0.03902511738736535,0.08396809895833333,0.017016669671098553,512,15,8,breast_cancer_zz_r1_q4_s1,breast_cancer_zz_r1_q4_s1__h_controlled_s1002.qasm,h,controlled,interface,0,8,zz,4,1,vqc-zzfm-realamp,25,0,49,1,breast_cancer,0.6374269005847953,0.4619883040935672,0.17543859649122812
0.20792643229166666,0.03320589739625475,0.9591645423552886,0.009882841241834658,0.04174593125306046,0.010333999680635848,0.08396809895833333,0.017016669671098553,512,15,8,breast_cancer_zz_r1_q4_s1,breast_cancer_zz_r1_q4_s1__t_random_s1010.qasm,t,random,random,2,1,zz,4,1,vqc-zzfm-realamp,25,0,49,1,breast_cancer,0.6374269005847953,0.6608187134502924,-0.023391812865497075
0.148583984375,0.03206355009286555,0.9720091779636924,0.008916973932875098,0.028432290972617052,0.009203213530427223,0.08396809895833333,0.017016669671098553,512,15,8,breast_cancer_zz_r1_q4_s1,breast_cancer_zz_r1_q4_s1__t_idle_s1011.qasm,t,idle,idle,0,6,zz,4,1,vqc-zzfm-realamp,25,0,49,1,breast_cancer,0.6374269005847953,0.5730994152046783,0.06432748538011701
0.148583984375,0.03206355009286555,0.9720091779636924,0.008916973932875098,0.028432290972617052,0.009203213530427223,0.08396809895833333,0.017016669671098553,512,15,8,breast_cancer_zz_r1_q4_s1,breast_cancer_zz_r1_q4_s1__t_controlled_s1012.qasm,t,controlled,interface,0,8,zz,4,1,vqc-zzfm-realamp,25,0,49,1,breast_cancer,0.6374269005847953,0.5730994152046783,0.06432748538011701
0.38909505208333334,0.1447183437075827,0.8451397873988424,0.10713892119739445,0.17698526949414398,0.13493593637286147,0.08396809895833333,0.017016669671098553,512,15,8,breast_cancer_zz_r1_q4_s1,breast_cancer_zz_r1_q4_s1__x_random_s1020.qasm,x,random,random,3,8,zz,4,1,vqc-zzfm-realamp,25,1,49,1,breast_cancer,0.6374269005847953,0.391812865497076,0.24561403508771934
0.45148111979166666,0.1365146811822343,0.7997936979307049,0.0813827482922407,0.22837400054209941,0.09886882412617184,0.08396809895833333,0.017016669671098553,512,15,8,breast_cancer_zz_r1_q4_s1,breast_cancer_zz_r1_q4_s1__x_idle_s1021.qasm,x,idle,idle,3,2,zz,4,1,vqc-zzfm-realamp,25,0,49,1,breast_cancer,0.6374269005847953,0.3684210526315789,0.2690058479532164
0.31072591145833334,0.11501899778853042,0.8762722305678382,0.07322990473431656,0.13563234458237763,0.08469582355157612,0.08396809895833333,0.017016669671098553,512,15,8,breast_cancer_zz_r1_q4_s1,breast_cancer_zz_r1_q4_s1__x_controlled_s1022.qasm,x,controlled,interface,0,8,zz,4,1,vqc-zzfm-realamp,25,0,49,1,breast_cancer,0.6374269005847953,0.4502923976608187,0.18713450292397665
0.44806315104166666,0.09650805993864485,0.7999798775190246,0.0957337860560959,0.23130829228228353,0.131916100131303,0.08396809895833333,0.017016669671098553,512,15,8,breast_cancer_zz_r1_q4_s1,breast_cancer_zz_r1_q4_s1__y_random_s1030.qasm,y,random,random,1,4,zz,4,1,vqc-zzfm-realamp,25,1,49,1,breast_cancer,0.6374269005847953,0.5555555555555556,0.08187134502923976
0.5135904947916666,0.10490402553355069,0.7539201306902777,0.09982271517946707,0.2914634408758446,0.1350310702628023,0.08396809895833333,0.017016669671098553,512,15,8,breast_cancer_zz_r1_q4_s1,breast_cancer_zz_r1_q4_s1__y_idle_s1031.qasm,y,idle,idle,3,13,zz,4,1,vqc-zzfm-realamp,25,0,49,1,breast_cancer,0.6374269005847953,0.36257309941520466,0.2748538011695907
0.51298828125,0.10343717853538448,0.7440928647041183,0.10835679069916554,0.30700735176623634,0.15444352697620278,0.08396809895833333,0.017016669671098553,512,15,8,breast_cancer_zz_r1_q4_s1,breast_cancer_zz_r1_q4_s1__y_controlled_s1032.qasm,y,controlled,interface,0,8,zz,4,1,vqc-zzfm-realamp,25,0,49,1,breast_cancer,0.6374269005847953,0.38596491228070173,0.2514619883040936
0.44939778645833334,0.14132223613375808,0.8089860703051809,0.1005973191775611,0.2202153104860454,0.13062603341379947,0.08396809895833333,0.017016669671098553,512,15,8,breast_cancer_zz_r1_q4_s1,breast_cancer_zz_r1_q4_s1__z_random_s1040.qasm,z,random,random,1,16,zz,4,1,vqc-zzfm-realamp,25,1,49,1,breast_cancer,0.6374269005847953,0.5847953216374269,0.052631578947368474
0.0849609375,0.021213371273049203,0.9918197016609243,0.0032904735158614277,0.008219451730632465,0.0033211785413199196,0.08396809895833333,0.017016669671098553,512,15,8,breast_cancer_zz_r1_q4_s1,breast_cancer_zz_r1_q4_s1__z_idle_s1041.qasm,z,idle,idle,2,18,zz,4,1,vqc-zzfm-realamp,25,0,49,1,breast_cancer,0.6374269005847953,0.6374269005847953,0.0
0.36993815104166666,0.10155357778108703,0.8315330635394628,0.10515546255862948,0.19398715213428142,0.14406605630733588,0.08396809895833333,0.017016669671098553,512,15,8,breast_cancer_zz_r1_q4_s1,breast_cancer_zz_r1_q4_s1__z_controlled_s1042.qasm,z,controlled,interface,0,8,zz,4,1,vqc-zzfm-realamp,25,0,49,1,breast_cancer,0.6374269005847953,0.5847953216374269,0.052631578947368474
0.3873046875,0.14028904096417666,0.8502379667707626,0.0889550181764541,0.1679898174318763,0.10861322601582162,0.07288411458333334,0.020073816981017623,512,15,8,breast_cancer_zz_r1_q4_s2,breast_cancer_zz_r1_q4_s2__h_random_s2000.qasm,h,random,random,0,7,zz,4,1,vqc-zzfm-realamp,25,0,49,1,breast_cancer,0.7894736842105263,0.6491228070175439,0.14035087719298245
0.5392415364583333,0.1800325032016408,0.7524491620300986,0.14011345152490678,0.3030882357014281,0.19693248397850135,0.07288411458333334,0.020073816981017623,512,15,8,breast_cancer_zz_r1_q4_s2,breast_cancer_zz_r1_q4_s2__h_idle_s2001.qasm,h,idle,idle,2,2,zz,4,1,vqc-zzfm-realamp,25,0,49,1,breast_cancer,0.7894736842105263,0.47953216374269003,0.3099415204678363
0.258984375,0.04707828100773465,0.9200312597155971,0.04197298593173761,0.08445665403050841,0.047854152172742,0.07288411458333334,0.020073816981017623,512,15,8,breast_cancer_zz_r1_q4_s2,breast_cancer_zz_r1_q4_s2__h_controlled_s2002.qasm,h,controlled,interface,0,8,zz,4,1,vqc-zzfm-realamp,25,0,49,1,breast_cancer,0.7894736842105263,0.6140350877192983,0.17543859649122806
0.203662109375,0.03305435661114839,0.9544779834567675,0.01174716576170462,0.046666317361706,0.012292810924782672,0.07288411458333334,0.020073816981017623,512,15,8,breast_cancer_zz_r1_q4_s2,breast_cancer_zz_r1_q4_s2__t_random_s2010.qasm,t,random,random,3,3,zz,4,1,vqc-zzfm-realamp,25,1,49,1,breast_cancer,0.7894736842105263,0.7251461988304093,0.06432748538011701
0.14847005208333333,0.06380971434753861,0.9703231188587337,0.016031457171044622,0.030263374483235825,0.016588888741414103,0.07288411458333334,0.020073816981017623,512,15,8,breast_cancer_zz_r1_q4_s2,breast_cancer_zz_r1_q4_s2__t_idle_s2011.qasm,t,idle,idle,1,15,zz,4,1,vqc-zzfm-realamp,25,0,49,1,breast_cancer,0.7894736842105263,0.7368421052631579,0.052631578947368474
0.12083333333333333,0.04748941760945256,0.98241721976952,0.008393783348656871,0.017775859572333814,0.008573208629691485,0.07288411458333334,0.020073816981017623,512,15,8,breast_cancer_zz_r1_q4_s2,breast_cancer_zz_r1_q4_s2__t_controlled_s2012.qasm,t,controlled,interface,0,8,zz,4,1,vqc-zzfm-realamp,25,0,49,1,breast_cancer,0.7894736842105263,0.7017543859649122,0.08771929824561409
0.44451497395833334,0.1688592055061338,0.8211075550699523,0.14017198392643987,0.21556165884264228,0.20415667580227392,0.07288411458333334,0.020073816981017623,512,15,8,breast_cancer_zz_r1_q4_s2,breast_cancer_zz_r1_q4_s2__x_random_s2020.qasm,x,random,random,0,6,zz,4,1,vqc-zzfm-realamp,25,0,49,1,breast_cancer,0.7894736842105263,0.3567251461988304,0.43274853801169594
0.6980143229166667,0.19900564060704853,0.5718941646171305,0.2058206906476562,0.6295582589426478,0.3858854893495304,0.07288411458333334,0.020073816981017623,512,15,8,breast_cancer_zz_r1_q4_s2,breast_cancer_zz_r1_q4_s2__x_idle_s2021.qasm,x,idle,idle,3,13,zz,4,1,vqc-zzfm-realamp,25,0,49,1,breast_cancer,0.7894736842105263,0.21052631578947367,0.5789473684210527
0.38738606770833334,0.21121393559262305,0.8457130756758999,0.15045668440946997,0.18767478707094773,0.21321784658311868,0.07288411458333334,0.020073816981017623,512,15,8,breast_cancer_zz_r1_q4_s2,breast_cancer_zz_r1_q4_s2__x_controlled_s2022.qasm,x,controlled,interface,0,8,zz,4,1,vqc-zzfm-realamp,25,0,49,1,breast_cancer,0.7894736842105263,0.40350877192982454,0.3859649122807018
0.4488606770833333,0.17564465600941367,0.817400744065857,0.15192917818705656,0.22397776801511007,0.22587611580912303,0.07288411458333334,0.020073816981017623,512,15,8,breast_cancer_zz_r1_q4_s2,breast_cancer_zz_r1_q4_s2__y_random_s2030.qasm,y,random,random,0,5,zz,4,1,vqc-zzfm-realamp,25,0,49,1,breast_cancer,0.7894736842105263,0.5380116959064327,0.2514619883040936
0.5238606770833333,0.12612111763785852,0.759096968063659,0.12200484218760291,0.2922256080214307,0.19417245618316625,0.07288411458333334,0.020073816981017623,512,15,8,breast_cancer_zz_r1_q4_s2,breast_cancer_zz_r1_q4_s2__y_idle_s2031.qasm,y,idle,idle,0,9,zz,4,1,vqc-zzfm-realamp,25,0,49,1,breast_cancer,0.7894736842105263,0.5146198830409356,0.2748538011695907
0.5238606770833333,0.12612111763785852,0.759096968063659,0.12200484218760291,0.2922256080214307,0.19417245618316625,0.07288411458333334,0.020073816981017623,512,15,8,breast_cancer_zz_r1_q4_s2,breast_cancer_zz_r1_q4_s2__y_controlled_s2032.qasm,y,controlled,interface,0,8,zz,4,1,vqc-zzfm-realamp,25,0,49,1,breast_cancer,0.7894736842105263,0.5146198830409356,0.2748538011695907
0.6437662760416667,0.14666271605372813,0.64636111052829,0.15007498989840304,0.4646523382255604,0.24085195790494174,0.07288411458333334,0.020073816981017623,512,15,8,breast_cancer_zz_r1_q4_s2,breast_cancer_zz_r1_q4_s2__z_random_s2040.qasm,z,random,random,2,13,zz,4,1,vqc-zzfm-realamp,25,0,49,1,breast_cancer,0.7894736842105263,0.6900584795321637,0.09941520467836262
0.30685221354166664,0.0919445550757207,0.9088826375401482,0.03331198974381743,0.09620470751616592,0.0363996661473895,0.07288411458333334,0.020073816981017623,512,15,8,breast_cancer_zz_r1_q4_s2,breast_cancer_zz_r1_q4_s2__z_idle_s2041.qasm,z,idle,idle,0,9,zz,4,1,vqc-zzfm-realamp,25,0,49,1,breast_cancer,0.7894736842105263,0.6491228070175439,0.14035087719298245
0.32737630208333335,0.12034012998792884,0.889251628977603,0.05104505675526078,0.11899270058261473,0.0566298748911993,0.07288411458333334,0.020073816981017623,512,15,8,breast_cancer_zz_r1_q4_s2,breast_cancer_zz_r1_q4_s2__z_controlled_s2042.qasm,z,controlled,interface,0,8,zz,4,1,vqc-zzfm-realamp,25,0,49,1,breast_cancer,0.7894736842105263,0.6432748538011696,0.14619883040935677
0.417041015625,0.20154539720785236,0.8284230910740606,0.12529237421911374,0.19974760889875634,0.15195354771487832,0.035970052083333336,0.01506690328631648,512,15,8,breast_cancer_zz_r2_q2_s0,breast_cancer_zz_r2_q2_s0__h_random_s0.qasm,h,random,random,1,10,zz,2,2,vqc-zzfm-realamp,16,1,24,1,breast_cancer,0.8245614035087719,0.391812865497076,0.43274853801169594
0.3443359375,0.12339299039299194,0.8849396347449979,0.06870865145231723,0.12551846041672324,0.0827961386030541,0.035970052083333336,0.01506690328631648,512,15,8,breast_cancer_zz_r2_q2_s0,breast_cancer_zz_r2_q2_s0__h_idle_s1.qasm,h,idle,idle,0,13,zz,2,2,vqc-zzfm-realamp,16,1,24,1,breast_cancer,0.8245614035087719,0.5146198830409356,0.3099415204678363
0.29910481770833336,0.14584000980897974,0.8940826565402514,0.10944979553672275,0.1212171965894424,0.14350328692649297,0.035970052083333336,0.01506690328631648,512,15,8,breast_cancer_zz_r2_q2_s0,breast_cancer_zz_r2_q2_s0__h_controlled_s2.qasm,h,controlled,interface,0,8,zz,2,2,vqc-zzfm-realamp,16,1,24,1,breast_cancer,0.8245614035087719,0.5087719298245614,0.3157894736842105
0.03634440104166667,0.016329915720663817,0.9984008762099976,0.0013606330971737337,0.001601334380968801,0.001365013268568057,0.035970052083333336,0.01506690328631648,512,15,8,breast_cancer_zz_r2_q2_s0,breast_cancer_zz_r2_q2_s0__t_random_s10.qasm,t,random,random,1,16,zz,2,2,vqc-zzfm-realamp,16,1,24,1,breast_cancer,0.8245614035087719,0.8245614035087719,0.0
0.18966471354166667,0.07561679925232216,0.9636230164690137,0.022395314090161326,0.03732612615928561,0.02330197160993108,0.035970052083333336,0.01506690328631648,512,15,8,breast_cancer_zz_r2_q2_s0,breast_cancer_zz_r2_q2_s0__t_idle_s11.qasm,t,idle,idle,0,3,zz,2,2,vqc-zzfm-realamp,16,0,24,1,breast_cancer,0.8245614035087719,0.8304093567251462,-0.005847953216374213
0.14811197916666666,0.05489597848949026,0.9752465492865124,0.014345677127864935,0.025174127611342058,0.014809025602649165,0.035970052083333336,0.01506690328631648,512,15,8,breast_cancer_zz_r2_q2_s0,breast_cancer_zz_r2_q2_s0__t_controlled_s12.qasm,t,controlled,interface,0,8,zz,2,2,vqc-zzfm-realamp,16,1,24,1,breast_cancer,0.8245614035087719,0.6900584795321637,0.13450292397660824
0.316357421875,0.13679928396773752,0.8941397919688773,0.0677163513590405,0.11497744516910376,0.08003749693642176,0.035970052083333336,0.01506690328631648,512,15,8,breast_cancer_zz_r2_q2_s0,breast_cancer_zz_r2_q2_s0__x_random_s20.qasm,x,random,random,1,4,zz,2,2,vqc-zzfm-realamp,16,1,24,1,breast_cancer,0.8245614035087719,0.49122807017543857,0.33333333333333337
0.4185709635416667,0.23598780429079425,0.8440114223108612,0.12116910699397387,0.18037848948436697,0.1486971723012032,0.035970052083333336,0.01506690328631648,512,15,8,breast_cancer_zz_r2_q2_s0,breast_cancer_zz_r2_q2_s0__x_idle_s21.qasm,x,idle,idle,0,7,zz,2,2,vqc-zzfm-realamp,16,0,24,1,breast_cancer,0.8245614035087719,0.6140350877192983,0.21052631578947367
0.27203776041666666,0.17380712641874785,0.9098687368422712,0.09289330291279906,0.10024590367293032,0.11057387402152832,0.035970052083333336,0.01506690328631648,512,15,8,breast_cancer_zz_r2_q2_s0,breast_cancer_zz_r2_q2_s0__x_controlled_s22.qasm,x,controlled,interface,0,8,zz,2,2,vqc-zzfm-realamp,16,1,24,1,breast_cancer,0.8245614035087719,0.6023391812865497,0.2222222222222222
0.318359375,0.22068742454294885,0.8684620737505333,0.09928453113604481,0.14794591266859308,0.11930591219222397,0.035970052083333336,0.01506690328631648,512,15,8,breast_cancer_zz_r2_q2_s0,breast_cancer_zz_r2_q2_s0__y_random_s30.qasm,y,random,random,0,3,zz,2,2,vqc-zzfm-realamp,16,0,24,1,breast_cancer,0.8245614035087719,0.42105263157894735,0.4035087719298246
0.592236328125,0.11769947367496185,0.7104437325190622,0.13342101648365365,0.36350778463343947,0.2196121692853396,0.035970052083333336,0.01506690328631648,512,15,8,breast_cancer_zz_r2_q2_s0,breast_cancer_zz_r2_q2_s0__y_idle_s31.qasm,y,idle,idle,1,15,zz,2,2,vqc-zzfm-realamp,16,1,24,1,breast_cancer,0.8245614035087719,0.17543859649122806,0.6491228070175439
0.5013020833333334,0.15345550645538933,0.798993532759757,0.1264483464422183,0.23812174476638387,0.16960609134745552,0.035970052083333336,0.01506690328631648,512,15,8,breast_cancer_zz_r2_q2_s0,breast_cancer_zz_r2_q2_s0__y_controlled_s32.qasm,y,controlled,interface,0,8,zz,2,2,vqc-zzfm-realamp,16,1,24,1,breast_cancer,0.8245614035087719,0.6023391812865497,0.2222222222222222
0.498681640625,0.18388098142063672,0.7496860773073897,0.1467143081375897,0.3075976968737228,0.19849239189049556,0.035970052083333336,0.01506690328631648,512,15,8,breast_cancer_zz_r2_q2_s0,breast_cancer_zz_r2_q2_s0__z_random_s40.qasm,z,random,random,1,12,zz,2,2,vqc-zzfm-realamp,16,1,24,1,breast_cancer,0.8245614035087719,0.4152046783625731,0.40935672514619886
0.03634440104166667,0.016329915720663817,0.9984008762099976,0.0013606330971737337,0.001601334380968801,0.001365013268568057,0.035970052083333336,0.01506690328631648,512,15,8,breast_cancer_zz_r2_q2_s0,breast_cancer_zz_r2_q2_s0__z_idle_s41.qasm,z,idle,idle,1,15,zz,2,2,vqc-zzfm-realamp,16,1,24,1,breast_cancer,0.8245614035087719,0.8245614035087719,0.0
0.563232421875,0.1572617517112146,0.7197754991505918,0.10406827151580281,0.33853130208413523,0.13713702447870235,0.035970052083333336,0.01506690328631648,512,15,8,breast_cancer_zz_r2_q2_s0,breast_cancer_zz_r2_q2_s0__z_controlled_s42.qasm,z,controlled,interface,0,8,zz,2,2,vqc-zzfm-realamp,16,1,24,1,breast_cancer,0.8245614035087719,0.52046783625731,0.30409356725146197
0.26669921875,0.1462380415763188,0.9390078901179505,0.05259426447577868,0.0645669197644841,0.05780447676072802,0.03460286458333333,0.015714634124944844,512,15,8,breast_cancer_zz_r2_q2_s1,breast_cancer_zz_r2_q2_s1__h_random_s1000.qasm,h,random,random,0,7,zz,2,2,vqc-zzfm-realamp,16,0,24,1,breast_cancer,0.7894736842105263,0.5380116959064327,0.2514619883040936
0.6099609375,0.053402642673056416,0.7414650549946998,0.03722688971976723,0.3003929956877005,0.05037616841168572,0.03460286458333333,0.015714634124944844,512,15,8,breast_cancer_zz_r2_q2_s1,breast_cancer_zz_r2_q2_s1__h_idle_s1001.qasm,h,idle,idle,1,15,zz,2,2,vqc-zzfm-realamp,16,1,24,1,breast_cancer,0.7894736842105263,0.5672514619883041,0.2222222222222222
0.2581868489583333,0.12183370189376169,0.9363601807207262,0.056187143547327005,0.06766563983660719,0.0627560741849167,0.03460286458333333,0.015714634124944844,512,15,8,breast_cancer_zz_r2_q2_s1,breast_cancer_zz_r2_q2_s1__h_controlled_s1002.qasm,h,controlled,interface,0,8,zz,2,2,vqc-zzfm-realamp,16,1,24,1,breast_cancer,0.7894736842105263,0.49707602339181284,0.2923976608187135
0.252587890625,0.06233099020499596,0.9499796118773634,0.022240406100614226,0.05159040705195193,0.023514768453196475,0.03460286458333333,0.015714634124944844,512,15,8,breast_cancer_zz_r2_q2_s1,breast_cancer_zz_r2_q2_s1__t_random_s1010.qasm,t,random,random,1,1,zz,2,2,vqc-zzfm-realamp,16,1,24,1,breast_cancer,0.7894736842105263,0.6140350877192983,0.17543859649122806
0.13118489583333334,0.051210334955985724,0.9783120221337404,0.013574670821420184,0.022023439825702536,0.013935587778935919,0.03460286458333333,0.015714634124944844,512,15,8,breast_cancer_zz_r2_q2_s1,breast_cancer_zz_r2_q2_s1__t_idle_s1011.qasm,t,idle,idle,0,7,zz,2,2,vqc-zzfm-realamp,16,0,24,1,breast_cancer,0.7894736842105263,0.6666666666666666,0.1228070175438597
0.13118489583333334,0.051210334955985724,0.9783120221337404,0.013574670821420184,0.022023439825702536,0.013935587778935919,0.03460286458333333,0.015714634124944844,512,15,8,breast_cancer_zz_r2_q2_s1,breast_cancer_zz_r2_q2_s1__t_controlled_s1012.qasm,t,controlled,interface,0,8,zz,2,2,vqc-zzfm-realamp,16,1,24,1,breast_cancer,0.7894736842105263,0.6666666666666666,0.1228070175438597
0.2613118489583333,0.13472006698842068,0.9379783176261844,0.05488633462988512,0.06581566148217202,0.06044458890804766,0.03460286458333333,0.015714634124944844,512,15,8,breast_cancer_zz_r2_q2_s1,breast_cancer_zz_r2_q2_s1__x_random_s1020.qasm,x,random,random,1,9,zz,2,2,vqc-zzfm-realamp,16,1,24,1,breast_cancer,0.7894736842105263,0.4093567251461988,0.3801169590643275
0.220751953125,0.13079096434081475,0.9508890453959642,0.044730013723527064,0.05148072499544587,0.04756469309805435,0.03460286458333333,0.015714634124944844,512,15,8,breast_cancer_zz_r2_q2_s1,breast_cancer_zz_r2_q2_s1__x_idle_s1021.qasm,x,idle,idle,0,7,zz,2,2,vqc-zzfm-realamp,16,0,24,1,breast_cancer,0.7894736842105263,0.6023391812865497,0.1871345029239766
0.22384440104166667,0.14449589935638266,0.9397329368480776,0.060817334987507694,0.06436447532704245,0.06728021899707398,0.03460286458333333,0.015714634124944844,512,15,8,breast_cancer_zz_r2_q2_s1,breast_cancer_zz_r2_q2_s1__x_controlled_s1022.qasm,x,controlled,interface,0,8,zz,2,2,vqc-zzfm-realamp,16,1,24,1,breast_cancer,0.7894736842105263,0.5847953216374269,0.20467836257309946
0.51767578125,0.13448293919471063,0.7793419525029408,0.1034096141737291,0.25798081542819734,0.13125172916225722,0.03460286458333333,0.015714634124944844,512,15,8,breast_cancer_zz_r2_q2_s1,breast_cancer_zz_r2_q2_s1__y_random_s1030.qasm,y,random,random,0,3,zz,2,2,vqc-zzfm-realamp,16,0,24,1,breast_cancer,0.7894736842105263,0.38596491228070173,0.4035087719298246
0.5551106770833333,0.1541266415163029,0.7611311710589871,0.12538154258222978,0.28706055413335757,0.16964814341216206,0.03460286458333333,0.015714634124944844,512,15,8,breast_cancer_zz_r2_q2_s1,breast_cancer_zz_r2_q2_s1__y_idle_s1031.qasm,y,idle,idle,1,15,zz,2,2,vqc-zzfm-realamp,16,1,24,1,breast_cancer,0.7894736842105263,0.21052631578947367,0.5789473684210527
0.7038248697916667,0.1836885760198171,0.6030832448975392,0.16063439623279271,0.537498710786371,0.24616183824290097,0.03460286458333333,0.015714634124944844,512,15,8,breast_cancer_zz_r2_q2_s1,breast_cancer_zz_r2_q2_s1__y_controlled_s1032.qasm,y,controlled,interface,0,8,zz,2,2,vqc-zzfm-realamp,16,1,24,1,breast_cancer,0.7894736842105263,0.5730994152046783,0.216374269005848
0.30418294270833335,0.10619819599917477,0.9179049817759404,0.035733497909974425,0.08640242424820596,0.03828894687197281,0.03460286458333333,0.015714634124944844,512,15,8,breast_cancer_zz_r2_q2_s1,breast_cancer_zz_r2_q2_s1__z_random_s1040.qasm,z,random,random,0,12,zz,2,2,vqc-zzfm-realamp,16,1,24,1,breast_cancer,0.7894736842105263,0.6023391812865497,0.1871345029239766
0.03759765625,0.019282679310584843,0.998624564844418,0.001176007319196938,0.001377076024688086,0.0011785023710296008,0.03460286458333333,0.015714634124944844,512,15,8,breast_cancer_zz_r2_q2_s1,breast_cancer_zz_r2_q2_s1__z_idle_s1041.qasm,z,idle,idle,1,15,zz,2,2,vqc-zzfm-realamp,16,1,24,1,breast_cancer,0.7894736842105263,0.7894736842105263,0.0
0.6586263020833333,0.12314453985483272,0.6320519934920987,0.1283547159728515,0.47786730639143715,0.19170393774360975,0.03460286458333333,0.015714634124944844,512,15,8,breast_cancer_zz_r2_q2_s1,breast_cancer_zz_r2_q2_s1__z_controlled_s1042.qasm,z,controlled,interface,0,8,zz,2,2,vqc-zzfm-realamp,16,1,24,1,breast_cancer,0.7894736842105263,0.5847953216374269,0.20467836257309946
0.19016927083333332,0.04676700160041882,0.9626484148153883,0.013562664629765513,0.03816674715928583,0.01413945624567212,0.032763671875,0.018334879665474004,512,15,8,breast_cancer_zz_r2_q2_s2,breast_cancer_zz_r2_q2_s2__h_random_s2000.qasm,h,random,random,0,8,zz,2,2,vqc-zzfm-realamp,16,1,24,1,breast_cancer,0.8713450292397661,0.6432748538011696,0.22807017543859653
0.6227376302083333,0.2273899440727954,0.645526443571048,0.23766361947657555,0.5172555720989559,0.41440911453052814,0.032763671875,0.018334879665474004,512,15,8,breast_cancer_zz_r2_q2_s2,breast_cancer_zz_r2_q2_s2__h_idle_s2001.qasm,h,idle,idle,0,3,zz,2,2,vqc-zzfm-realamp,16,0,24,1,breast_cancer,0.8713450292397661,0.47953216374269003,0.39181286549707606
0.19016927083333332,0.04676700160041882,0.9626484148153883,0.013562664629765513,0.03816674715928583,0.01413945624567212,0.032763671875,0.018334879665474004,512,15,8,breast_cancer_zz_r2_q2_s2,breast_cancer_zz_r2_q2_s2__h_controlled_s2002.qasm,h,controlled,interface,0,8,zz,2,2,vqc-zzfm-realamp,16,1,24,1,breast_cancer,0.8713450292397661,0.6432748538011696,0.22807017543859653
0.17548828125,0.04873014257572869,0.9592458688078921,0.018745163704441126,0.04179988751864077,0.0196257454712326,0.032763671875,0.018334879665474004,512,15,8,breast_cancer_zz_r2_q2_s2,breast_cancer_zz_r2_q2_s2__t_random_s2010.qasm,t,random,random,1,4,zz,2,2,vqc-zzfm-realamp,16,1,24,1,breast_cancer,0.8713450292397661,0.8713450292397661,0.0
0.033219401041666666,0.016009859530819983,0.9983885260214481,0.0013057654006646555,0.001613630209443642,0.0013091853786341388,0.032763671875,0.018334879665474004,512,15,8,breast_cancer_zz_r2_q2_s2,breast_cancer_zz_r2_q2_s2__t_idle_s2011.qasm,t,idle,idle,0,13,zz,2,2,vqc-zzfm-realamp,16,1,24,1,breast_cancer,0.8713450292397661,0.8713450292397661,0.0
0.09464518229166667,0.0637703018440498,0.9864323835662859,0.01496675188281755,0.013777005466892771,0.015311265110164502,0.032763671875,0.018334879665474004,512,15,8,breast_cancer_zz_r2_q2_s2,breast_cancer_zz_r2_q2_s2__t_controlled_s2012.qasm,t,controlled,interface,0,8,zz,2,2,vqc-zzfm-realamp,16,1,24,1,breast_cancer,0.8713450292397661,0.7192982456140351,0.15204678362573099
0.24534505208333332,0.16957283193704595,0.9317584481408976,0.06272406621952825,0.07298329211548922,0.06811000140207835,0.032763671875,0.018334879665474004,512,15,8,breast_cancer_zz_r2_q2_s2,breast_cancer_zz_r2_q2_s2__x_random_s2020.qasm,x,random,random,0,7,zz,2,2,vqc-zzfm-realamp,16,0,24,1,breast_cancer,0.8713450292397661,0.5497076023391813,0.32163742690058483
0.7839192708333333,0.1319024555699145,0.5529368694603028,0.13245161319430535,0.6212680768880785,0.24056096191195767,0.032763671875,0.018334879665474004,512,15,8,breast_cancer_zz_r2_q2_s2,breast_cancer_zz_r2_q2_s2__x_idle_s2021.qasm,x,idle,idle,0,13,zz,2,2,vqc-zzfm-realamp,16,1,24,1,breast_cancer,0.8713450292397661,0.1286549707602339,0.7426900584795322
0.18115234375,0.1416263111454471,0.9574607688824325,0.042454353299834095,0.04447853535959453,0.045182176617782545,0.032763671875,0.018334879665474004,512,15,8,breast_cancer_zz_r2_q2_s2,breast_cancer_zz_r2_q2_s2__x_controlled_s2022.qasm,x,controlled,interface,0,8,zz,2,2,vqc-zzfm-realamp,16,1,24,1,breast_cancer,0.8713450292397661,0.5497076023391813,0.32163742690058483
0.44267578125,0.17251166594490056,0.8049200586804347,0.13289290913489457,0.23250690436259835,0.1820025480894684,0.032763671875,0.018334879665474004,512,15,8,breast_cancer_zz_r2_q2_s2,breast_cancer_zz_r2_q2_s2__y_random_s2030.qasm,y,random,random,0,5,zz,2,2,vqc-zzfm-realamp,16,1,24,1,breast_cancer,0.8713450292397661,0.7660818713450293,0.10526315789473684
0.45869140625,0.15134527101079953,0.8125757862356636,0.16252230612135957,0.23422802989051472,0.24880061920170496,0.032763671875,0.018334879665474004,512,15,8,breast_cancer_zz_r2_q2_s2,breast_cancer_zz_r2_q2_s2__y_idle_s2031.qasm,y,idle,idle,1,15,zz,2,2,vqc-zzfm-realamp,16,1,24,1,breast_cancer,0.8713450292397661,0.1286549707602339,0.7426900584795322
0.7003092447916667,0.2567339036859414,0.5920308735643568,0.20794562246072468,0.5785303764817116,0.31910143281885295,0.032763671875,0.018334879665474004,512,15,8,breast_cancer_zz_r2_q2_s2,breast_cancer_zz_r2_q2_s2__y_controlled_s2032.qasm,y,controlled,interface,0,8,zz,2,2,vqc-zzfm-realamp,16,1,24,1,breast_cancer,0.8713450292397661,0.5906432748538012,0.2807017543859649
0.3094889322916667,0.14976022329302704,0.8760992079431025,0.07300485787202574,0.13609211568545349,0.08950067691294632,0.032763671875,0.018334879665474004,512,15,8,breast_cancer_zz_r2_q2_s2,breast_cancer_zz_r2_q2_s2__z_random_s2040.qasm,z,random,random,1,11,zz,2,2,vqc-zzfm-realamp,16,1,24,1,breast_cancer,0.8713450292397661,0.5087719298245614,0.36257309941520466
0.033219401041666666,0.016009859530819983,0.9983885260214481,0.0013057654006646555,0.001613630209443642,0.0013091853786341388,0.032763671875,0.018334879665474004,512,15,8,breast_cancer_zz_r2_q2_s2,breast_cancer_zz_r2_q2_s2__z_idle_s2041.qasm,z,idle,idle,1,15,zz,2,2,vqc-zzfm-realamp,16,1,24,1,breast_cancer,0.8713450292397661,0.8713450292397661,0.0
0.6509114583333333,0.26558331729732065,0.6532865631942545,0.17092171566859898,0.4562482119482697,0.2401484686797807,0.032763671875,0.018334879665474004,512,15,8,breast_cancer_zz_r2_q2_s2,breast_cancer_zz_r2_q2_s2__z_controlled_s2042.qasm,z,controlled,interface,0,8,zz,2,2,vqc-zzfm-realamp,16,1,24,1,breast_cancer,0.8713450292397661,0.5730994152046783,0.29824561403508776
0.47921549479166664,0.14650820028321684,0.8102836303556611,0.10032106829525546,0.2183438323045123,0.1276235254356609,0.0732421875,0.021484375,512,15,8,breast_cancer_zz_r2_q4_s0,breast_cancer_zz_r2_q4_s0__h_random_s0.qasm,h,random,random,3,10,zz,4,2,vqc-zzfm-realamp,28,1,56,1,breast_cancer,0.6374269005847953,0.4269005847953216,0.21052631578947373
0.509765625,0.18048942854789468,0.7696207787891173,0.1457219409047284,0.28214083053335093,0.2080765205960369,0.0732421875,0.021484375,512,15,8,breast_cancer_zz_r2_q4_s0,breast_cancer_zz_r2_q4_s0__h_idle_s1.qasm,h,idle,idle,3,7,zz,4,2,vqc-zzfm-realamp,28,0,56,1,breast_cancer,0.6374269005847953,0.5146198830409356,0.1228070175438597
0.4485677083333333,0.08469799369308391,0.8179481405176854,0.060995913614863416,0.203907847417498,0.0780431433884537,0.0732421875,0.021484375,512,15,8,breast_cancer_zz_r2_q4_s0,breast_cancer_zz_r2_q4_s0__h_controlled_s2.qasm,h,controlled,interface,0,8,zz,4,2,vqc-zzfm-realamp,28,0,56,1,breast_cancer,0.6374269005847953,0.5087719298245614,0.1286549707602339
0.07472330729166667,0.020805588367245578,0.9923860120345361,0.003179072380387953,0.007648263699504604,0.003208270009390835,0.0732421875,0.021484375,512,15,8,breast_cancer_zz_r2_q4_s0,breast_cancer_zz_r2_q4_s0__t_random_s10.qasm,t,random,random,3,16,zz,4,2,vqc-zzfm-realamp,28,0,56,1,breast_cancer,0.6374269005847953,0.6374269005847953,0.0
0.17322591145833333,0.03880022287708953,0.959841444965269,0.0109987562055778,0.04105312791132522,0.0114989755043876,0.0732421875,0.021484375,512,15,8,breast_cancer_zz_r2_q4_s0,breast_cancer_zz_r2_q4_s0__t_idle_s11.qasm,t,idle,idle,3,2,zz,4,2,vqc-zzfm-realamp,28,0,56,1,breast_cancer,0.6374269005847953,0.5672514619883041,0.07017543859649122
0.14178059895833334,0.0496413374068461,0.9731097443240563,0.012392827749114712,0.027340204973660638,0.012817695308819314,0.0732421875,0.021484375,512,15,8,breast_cancer_zz_r2_q4_s0,breast_cancer_zz_r2_q4_s0__t_controlled_s12.qasm,t,controlled,interface,0,8,zz,4,2,vqc-zzfm-realamp,28,0,56,1,breast_cancer,0.6374269005847953,0.6140350877192983,0.023391812865497075
0.5865885416666666,0.16819992519905685,0.7048515880225614,0.14615776493091506,0.3720831221388705,0.21351328942171904,0.0732421875,0.021484375,512,15,8,breast_cancer_zz_r2_q4_s0,breast_cancer_zz_r2_q4_s0__x_random_s20.qasm,x,random,random,3,4,zz,4,2,vqc-zzfm-realamp,28,1,56,1,breast_cancer,0.6374269005847953,0.4269005847953216,0.21052631578947373
0.443505859375,0.18069259390769965,0.8135849359571173,0.13896643029436614,0.2230897616782163,0.18982825304340203,0.0732421875,0.021484375,512,15,8,breast_cancer_zz_r2_q4_s0,breast_cancer_zz_r2_q4_s0__x_idle_s21.qasm,x,idle,idle,0,6,zz,4,2,vqc-zzfm-realamp,28,0,56,1,breast_cancer,0.6374269005847953,0.5497076023391813,0.08771929824561409
0.3826171875,0.15472900655784488,0.8507267220405459,0.10313773036362195,0.16982643384375057,0.13138349686482723,0.0732421875,0.021484375,512,15,8,breast_cancer_zz_r2_q4_s0,breast_cancer_zz_r2_q4_s0__x_controlled_s22.qasm,x,controlled,interface,0,8,zz,4,2,vqc-zzfm-realamp,28,0,56,1,breast_cancer,0.6374269005847953,0.4444444444444444,0.19298245614035092
0.41061197916666664,0.1636791259001139,0.8413395280615246,0.10407398557161539,0.1809381018164285,0.13021107079562239,0.0732421875,0.021484375,512,15,8,breast_cancer_zz_r2_q4_s0,breast_cancer_zz_r2_q4_s0__y_random_s30.qasm,y,random,random,0,3,zz,4,2,vqc-zzfm-realamp,28,0,56,1,breast_cancer,0.6374269005847953,0.5847953216374269,0.052631578947368474
0.6107747395833333,0.13554325935654635,0.7002836846112727,0.13487669738093563,0.3767855947888839,0.20776929752516335,0.0732421875,0.021484375,512,15,8,breast_cancer_zz_r2_q4_s0,breast_cancer_zz_r2_q4_s0__y_idle_s31.qasm,y,idle,idle,2,13,zz,4,2,vqc-zzfm-realamp,28,0,56,1,breast_cancer,0.6374269005847953,0.5263157894736842,0.11111111111111116
0.50986328125,0.0803649628078742,0.7870697671387386,0.05627884193967421,0.242023639377003,0.07212623102694261,0.0732421875,0.021484375,512,15,8,breast_cancer_zz_r2_q4_s0,breast_cancer_zz_r2_q4_s0__y_controlled_s32.qasm,y,controlled,interface,0,8,zz,4,2,vqc-zzfm-realamp,28,0,56,1,breast_cancer,0.6374269005847953,0.4619883040935672,0.17543859649122812
0.4796061197916667,0.0916904288617743,0.81581596105227,0.062239416247816856,0.20666722773922383,0.08004313425665643,0.0732421875,0.021484375,512,15,8,breast_cancer_zz_r2_q4_s0,breast_cancer_zz_r2_q4_s0__z_random_s40.qasm,z,random,random,2,16,zz,4,2,vqc-zzfm-realamp,28,1,56,1,breast_cancer,0.6374269005847953,0.5087719298245614,0.1286549707602339
0.38263346354166666,0.15444411236950664,0.8513478635135782,0.10241518949956384,0.16894670362516268,0.1300617036968725,0.0732421875,0.021484375,512,15,8,breast_cancer_zz_r2_q4_s0,breast_cancer_zz_r2_q4_s0__z_idle_s41.qasm,z,idle,idle,0,9,zz,4,2,vqc-zzfm-realamp,28,0,56,1,breast_cancer,0.6374269005847953,0.4327485380116959,0.20467836257309946
0.44456380208333335,0.10748405614306121,0.8140713300910117,0.06795771869048255,0.20911556298529885,0.08213025771041574,0.0732421875,0.021484375,512,15,8,breast_cancer_zz_r2_q4_s0,breast_cancer_zz_r2_q4_s0__z_controlled_s42.qasm,z,controlled,interface,0,8,zz,4,2,vqc-zzfm-realamp,28,0,56,1,breast_cancer,0.6374269005847953,0.543859649122807,0.0935672514619883
0.460498046875,0.1400969502269796,0.7743538226187596,0.1317223314460694,0.2727676689123006,0.19262897123493725,0.08212890625,0.01640479671762743,512,15,8,breast_cancer_zz_r2_q4_s1,breast_cancer_zz_r2_q4_s1__h_random_s1000.qasm,h,random,random,0,7,zz,4,2,vqc-zzfm-realamp,28,0,56,1,breast_cancer,0.5847953216374269,0.5497076023391813,0.03508771929824561
0.368359375,0.12225023199162122,0.8771642250415835,0.0597503431293122,0.13347875187589558,0.07028363989997821,0.08212890625,0.01640479671762743,512,15,8,breast_cancer_zz_r2_q4_s1,breast_cancer_zz_r2_q4_s1__h_idle_s1001.qasm,h,idle,idle,3,15,zz,4,2,vqc-zzfm-realamp,28,0,56,1,breast_cancer,0.5847953216374269,0.5087719298245614,0.07602339181286544
0.3895345052083333,0.08588303043897633,0.8624846734215595,0.04657007933285907,0.14937727502279258,0.05349794337451989,0.08212890625,0.01640479671762743,512,15,8,breast_cancer_zz_r2_q4_s1,breast_cancer_zz_r2_q4_s1__h_controlled_s1002.qasm,h,controlled,interface,0,8,zz,4,2,vqc-zzfm-realamp,28,0,56,1,breast_cancer,0.5847953216374269,0.52046783625731,0.0643274853801169
0.180615234375,0.05094934275124912,0.9613700363393443,0.015720054676421583,0.039531232915232556,0.01650442123817849,0.08212890625,0.01640479671762743,512,15,8,breast_cancer_zz_r2_q4_s1,breast_cancer_zz_r2_q4_s1__t_random_s1010.qasm,t,random,random,2,2,zz,4,2,vqc-zzfm-realamp,28,0,56,1,breast_cancer,0.5847953216374269,0.6140350877192983,-0.0292397660818714
0.20636393229166666,0.06050984662076895,0.9515522842407059,0.02105780358198595,0.04990674217399859,0.022214102093197553,0.08212890625,0.01640479671762743,512,15,8,breast_cancer_zz_r2_q4_s1,breast_cancer_zz_r2_q4_s1__t_idle_s1011.qasm,t,idle,idle,0,6,zz,4,2,vqc-zzfm-realamp,28,0,56,1,breast_cancer,0.5847953216374269,0.5964912280701754,-0.011695906432748537
0.20636393229166666,0.06050984662076895,0.9515522842407059,0.02105780358198595,0.04990674217399859,0.022214102093197553,0.08212890625,0.01640479671762743,512,15,8,breast_cancer_zz_r2_q4_s1,breast_cancer_zz_r2_q4_s1__t_controlled_s1012.qasm,t,controlled,interface,0,8,zz,4,2,vqc-zzfm-realamp,28,0,56,1,breast_cancer,0.5847953216374269,0.5964912280701754,-0.011695906432748537
0.39915364583333335,0.10279974716953666,0.834562524076866,0.07598184194901692,0.1852058975517907,0.09461639445470539,0.08212890625,0.01640479671762743,512,15,8,breast_cancer_zz_r2_q4_s1,breast_cancer_zz_r2_q4_s1__x_random_s1020.qasm,x,random,random,3,9,zz,4,2,vqc-zzfm-realamp,28,1,56,1,breast_cancer,0.5847953216374269,0.49707602339181284,0.08771929824561403
0.48636067708333336,0.1547878740341491,0.7831077580862138,0.09951149382244649,0.2525689902579934,0.1273971867572596,0.08212890625,0.01640479671762743,512,15,8,breast_cancer_zz_r2_q4_s1,breast_cancer_zz_r2_q4_s1__x_idle_s1021.qasm,x,idle,idle,3,2,zz,4,2,vqc-zzfm-realamp,28,0,56,1,breast_cancer,0.5847953216374269,0.5087719298245614,0.07602339181286544
0.268408203125,0.10824544104416643,0.9291002430293003,0.045525590550854214,0.07478768417701227,0.05048552500911107,0.08212890625,0.01640479671762743,512,15,8,breast_cancer_zz_r2_q4_s1,breast_cancer_zz_r2_q4_s1__x_controlled_s1022.qasm,x,controlled,interface,0,8,zz,4,2,vqc-zzfm-realamp,28,0,56,1,breast_cancer,0.5847953216374269,0.543859649122807,0.040935672514619825
0.35784505208333334,0.14422369782591424,0.8564199375220942,0.09531999922310673,0.16134911873514407,0.11344058597234512,0.08212890625,0.01640479671762743,512,15,8,breast_cancer_zz_r2_q4_s1,breast_cancer_zz_r2_q4_s1__y_random_s1030.qasm,y,random,random,1,5,zz,4,2,vqc-zzfm-realamp,28,1,56,1,breast_cancer,0.5847953216374269,0.5087719298245614,0.07602339181286544
0.554052734375,0.1357817974891643,0.7573704158415733,0.12289325326073532,0.293105315785872,0.1811541645325357,0.08212890625,0.01640479671762743,512,15,8,breast_cancer_zz_r2_q4_s1,breast_cancer_zz_r2_q4_s1__y_idle_s1031.qasm,y,idle,idle,3,15,zz,4,2,vqc-zzfm-realamp,28,0,56,1,breast_cancer,0.5847953216374269,0.4152046783625731,0.1695906432748538
0.4958984375,0.1437473020438621,0.7680614218212447,0.12601281596924213,0.27885308743198844,0.17797989666862343,0.08212890625,0.01640479671762743,512,15,8,breast_cancer_zz_r2_q4_s1,breast_cancer_zz_r2_q4_s1__y_controlled_s1032.qasm,y,controlled,interface,0,8,zz,4,2,vqc-zzfm-realamp,28,0,56,1,breast_cancer,0.5847953216374269,0.5321637426900585,0.05263157894736836
0.365966796875,0.06246543564304404,0.8785623130431258,0.031457633443347545,0.13012113198168138,0.03629718806991548,0.08212890625,0.01640479671762743,512,15,8,breast_cancer_zz_r2_q4_s1,breast_cancer_zz_r2_q4_s1__z_random_s1040.qasm,z,random,random,1,19,zz,4,2,vqc-zzfm-realamp,28,1,56,1,breast_cancer,0.5847953216374269,0.5497076023391813,0.03508771929824561
0.084375,0.021209774465505385,0.9918336234349888,0.002965867693068478,0.00820437932303187,0.002992466724074409,0.08212890625,0.01640479671762743,512,15,8,breast_cancer_zz_r2_q4_s1,breast_cancer_zz_r2_q4_s1__z_idle_s1041.qasm,z,idle,idle,2,21,zz,4,2,vqc-zzfm-realamp,28,0,56,1,breast_cancer,0.5847953216374269,0.5847953216374269,0.0
0.5314290364583333,0.1539280591423814,0.7244279254969901,0.1595525592043449,0.34973066910637396,0.24198395113889826,0.08212890625,0.01640479671762743,512,15,8,breast_cancer_zz_r2_q4_s1,breast_cancer_zz_r2_q4_s1__z_controlled_s1042.qasm,z,controlled,interface,0,8,zz,4,2,vqc-zzfm-realamp,28,0,56,1,breast_cancer,0.5847953216374269,0.52046783625731,0.0643274853801169
0.48971354166666664,0.09272090526590535,0.8133788085155548,0.0557851444994763,0.20892831247376892,0.0689794882249538,0.085400390625,0.018740439626720357,512,15,8,breast_cancer_zz_r2_q4_s2,breast_cancer_zz_r2_q4_s2__h_random_s2000.qasm,h,random,random,0,8,zz,4,2,vqc-zzfm-realamp,28,0,56,1,breast_cancer,0.8011695906432749,0.631578947368421,0.16959064327485385
0.438232421875,0.09464600798579352,0.8384916090319389,0.061201333607030256,0.1789239230362617,0.07525321652969831,0.085400390625,0.018740439626720357,512,15,8,breast_cancer_zz_r2_q4_s2,breast_cancer_zz_r2_q4_s2__h_idle_s2001.qasm,h,idle,idle,2,2,zz,4,2,vqc-zzfm-realamp,28,0,56,1,breast_cancer,0.8011695906432749,0.5029239766081871,0.29824561403508776
0.48971354166666664,0.09272090526590535,0.8133788085155548,0.0557851444994763,0.20892831247376892,0.0689794882249538,0.085400390625,0.018740439626720357,512,15,8,breast_cancer_zz_r2_q4_s2,breast_cancer_zz_r2_q4_s2__h_controlled_s2002.qasm,h,controlled,interface,0,8,zz,4,2,vqc-zzfm-realamp,28,0,56,1,breast_cancer,0.8011695906432749,0.631578947368421,0.16959064327485385
0.22374674479166667,0.04364538552138725,0.9502605328294387,0.015786704503952875,0.05115742761445817,0.01664443883305058,0.085400390625,0.018740439626720357,512,15,8,breast_cancer_zz_r2_q4_s2,breast_cancer_zz_r2_q4_s2__t_random_s2010.qasm,t,random,random,3,4,zz,4,2,vqc-zzfm-realamp,28,1,56,1,breast_cancer,0.8011695906432749,0.7953216374269005,0.005847953216374324
0.15895182291666668,0.041564702204313034,0.9744982101289409,0.010596140786029279,0.025892002994288215,0.010913591328976005,0.085400390625,0.018740439626720357,512,15,8,breast_cancer_zz_r2_q4_s2,breast_cancer_zz_r2_q4_s2__t_idle_s2011.qasm,t,idle,idle,0,9,zz,4,2,vqc-zzfm-realamp,28,0,56,1,breast_cancer,0.8011695906432749,0.8304093567251462,-0.029239766081871288
0.15330403645833332,0.044443784483672095,0.9752574622697986,0.010068902162890284,0.025107061029649012,0.010322388445555442,0.085400390625,0.018740439626720357,512,15,8,breast_cancer_zz_r2_q4_s2,breast_cancer_zz_r2_q4_s2__t_controlled_s2012.qasm,t,controlled,interface,0,8,zz,4,2,vqc-zzfm-realamp,28,0,56,1,breast_cancer,0.8011695906432749,0.7192982456140351,0.08187134502923976
0.40577799479166665,0.1440121228080797,0.8571028667314324,0.08118249898842085,0.1589127810840457,0.09843305043981655,0.085400390625,0.018740439626720357,512,15,8,breast_cancer_zz_r2_q4_s2,breast_cancer_zz_r2_q4_s2__x_random_s2020.qasm,x,random,random,0,7,zz,4,2,vqc-zzfm-realamp,28,0,56,1,breast_cancer,0.8011695906432749,0.4619883040935672,0.33918128654970764
0.3506998697916667,0.04974963501030109,0.8937022537114416,0.030508499257948306,0.11296796256327271,0.03425778988993966,0.085400390625,0.018740439626720357,512,15,8,breast_cancer_zz_r2_q4_s2,breast_cancer_zz_r2_q4_s2__x_idle_s2021.qasm,x,idle,idle,0,11,zz,4,2,vqc-zzfm-realamp,28,0,56,1,breast_cancer,0.8011695906432749,0.7309941520467836,0.07017543859649122
0.4073567708333333,0.13964655568856416,0.8503279468115684,0.0872976872025514,0.16752891713750467,0.10453177625249056,0.085400390625,0.018740439626720357,512,15,8,breast_cancer_zz_r2_q4_s2,breast_cancer_zz_r2_q4_s2__x_controlled_s2022.qasm,x,controlled,interface,0,8,zz,4,2,vqc-zzfm-realamp,28,0,56,1,breast_cancer,0.8011695906432749,0.4444444444444444,0.35672514619883045
0.430126953125,0.1047047653005238,0.843752652815112,0.06686981593799765,0.17333438352605685,0.08485014360848536,0.085400390625,0.018740439626720357,512,15,8,breast_cancer_zz_r2_q4_s2,breast_cancer_zz_r2_q4_s2__y_random_s2030.qasm,y,random,random,0,5,zz,4,2,vqc-zzfm-realamp,28,0,56,1,breast_cancer,0.8011695906432749,0.5380116959064327,0.26315789473684215
0.427490234375,0.10790420907089422,0.843235999058966,0.06460462350131524,0.1735487270212618,0.07870417528750216,0.085400390625,0.018740439626720357,512,15,8,breast_cancer_zz_r2_q4_s2,breast_cancer_zz_r2_q4_s2__y_idle_s2031.qasm,y,idle,idle,1,15,zz,4,2,vqc-zzfm-realamp,28,0,56,1,breast_cancer,0.8011695906432749,0.6257309941520468,0.17543859649122806
0.5168131510416667,0.12196513589616191,0.7660038448475335,0.07889589499125477,0.27163489723220563,0.09954788549180424,0.085400390625,0.018740439626720357,512,15,8,breast_cancer_zz_r2_q4_s2,breast_cancer_zz_r2_q4_s2__y_controlled_s2032.qasm,y,controlled,interface,0,8,zz,4,2,vqc-zzfm-realamp,28,0,56,1,breast_cancer,0.8011695906432749,0.52046783625731,0.2807017543859649
0.4373697916666667,0.0794066956415957,0.8327837028432725,0.06285235829380052,0.18589353916253934,0.07675425193051921,0.085400390625,0.018740439626720357,512,15,8,breast_cancer_zz_r2_q4_s2,breast_cancer_zz_r2_q4_s2__z_random_s2040.qasm,z,random,random,2,15,zz,4,2,vqc-zzfm-realamp,28,1,56,1,breast_cancer,0.8011695906432749,0.631578947368421,0.16959064327485385
0.377294921875,0.08477614845781155,0.8643429708160748,0.05292106647170233,0.14772854648566705,0.0629289270415741,0.085400390625,0.018740439626720357,512,15,8,breast_cancer_zz_r2_q4_s2,breast_cancer_zz_r2_q4_s2__z_idle_s2041.qasm,z,idle,idle,0,9,zz,4,2,vqc-zzfm-realamp,28,0,56,1,breast_cancer,0.8011695906432749,0.43859649122807015,0.3625730994152047
0.427001953125,0.15267268477298557,0.8309189170281129,0.0828341054839229,0.19004506672238347,0.0974955569670056,0.085400390625,0.018740439626720357,512,15,8,breast_cancer_zz_r2_q4_s2,breast_cancer_zz_r2_q4_s2__z_controlled_s2042.qasm,z,controlled,interface,0,8,zz,4,2,vqc-zzfm-realamp,28,0,56,1,breast_cancer,0.8011695906432749,0.5730994152046783,0.22807017543859653
0.5681477864583333,0.19696110788371868,0.7498190807685753,0.12369680873682626,0.30179938846946297,0.16752452154157493,0.030745442708333334,0.014658190835733985,512,15,8,breast_cancer_zz_r3_q2_s0,breast_cancer_zz_r3_q2_s0__h_random_s0.qasm,h,random,random,1,12,zz,2,3,vqc-zzfm-realamp,18,1,27,1,breast_cancer,0.8245614035087719,0.3508771929824561,0.4736842105263158
0.31585286458333334,0.12000311723828193,0.887050743509041,0.07765970356433059,0.12388408478328086,0.0909440894428535,0.030745442708333334,0.014658190835733985,512,15,8,breast_cancer_zz_r3_q2_s0,breast_cancer_zz_r3_q2_s0__h_idle_s1.qasm,h,idle,idle,0,15,zz,2,3,vqc-zzfm-realamp,18,1,27,1,breast_cancer,0.8245614035087719,0.45614035087719296,0.368421052631579
0.507861328125,0.1111622320565079,0.7781559561177095,0.06771262238939796,0.25477405904543055,0.0898162736867738,0.030745442708333334,0.014658190835733985,512,15,8,breast_cancer_zz_r3_q2_s0,breast_cancer_zz_r3_q2_s0__h_controlled_s2.qasm,h,controlled,interface,0,8,zz,2,3,vqc-zzfm-realamp,18,1,27,1,breast_cancer,0.8245614035087719,0.45614035087719296,0.368421052631579
0.033610026041666664,0.017119850578705777,0.9983432684811127,0.001415627802084469,0.001659112240891683,0.001419558870110004,0.030745442708333334,0.014658190835733985,512,15,8,breast_cancer_zz_r3_q2_s0,breast_cancer_zz_r3_q2_s0__t_random_s10.qasm,t,random,random,1,18,zz,2,3,vqc-zzfm-realamp,18,1,27,1,breast_cancer,0.8245614035087719,0.8245614035087719,0.0
0.170947265625,0.058919969979593846,0.9667737923091145,0.016815073117307115,0.033943597647262666,0.017531426745564085,0.030745442708333334,0.014658190835733985,512,15,8,breast_cancer_zz_r3_q2_s0,breast_cancer_zz_r3_q2_s0__t_idle_s11.qasm,t,idle,idle,0,3,zz,2,3,vqc-zzfm-realamp,18,0,27,1,breast_cancer,0.8245614035087719,0.783625730994152,0.040935672514619936
0.16507161458333333,0.06194054177406115,0.9586989223283798,0.020806004788713972,0.04241357872837006,0.021694525701545092,0.030745442708333334,0.014658190835733985,512,15,8,breast_cancer_zz_r3_q2_s0,breast_cancer_zz_r3_q2_s0__t_controlled_s12.qasm,t,controlled,interface,0,8,zz,2,3,vqc-zzfm-realamp,18,1,27,1,breast_cancer,0.8245614035087719,0.5964912280701754,0.22807017543859653
0.472900390625,0.16966342490621059,0.7955404160544146,0.10469249936720722,0.23739538861309467,0.13162726051970858,0.030745442708333334,0.014658190835733985,512,15,8,breast_cancer_zz_r3_q2_s0,breast_cancer_zz_r3_q2_s0__x_random_s20.qasm,x,random,random,1,5,zz,2,3,vqc-zzfm-realamp,18,1,27,1,breast_cancer,0.8245614035087719,0.4678362573099415,0.35672514619883045
0.2791341145833333,0.1605150292774967,0.9275986486207606,0.06073246911068186,0.07736846388206736,0.06705517743735934,0.030745442708333334,0.014658190835733985,512,15,8,breast_cancer_zz_r3_q2_s0,breast_cancer_zz_r3_q2_s0__x_idle_s21.qasm,x,idle,idle,0,7,zz,2,3,vqc-zzfm-realamp,18,0,27,1,breast_cancer,0.8245614035087719,0.6900584795321637,0.13450292397660824
0.2888997395833333,0.2288202962697108,0.9033452543554508,0.09617475168155336,0.10786743965062935,0.11419589077964881,0.030745442708333334,0.014658190835733985,512,15,8,breast_cancer_zz_r3_q2_s0,breast_cancer_zz_r3_q2_s0__x_controlled_s22.qasm,x,controlled,interface,0,8,zz,2,3,vqc-zzfm-realamp,18,1,27,1,breast_cancer,0.8245614035087719,0.5555555555555556,0.26900584795321636
0.33193359375,0.185372528080269,0.8842444320295816,0.08716166066708267,0.12837276897192704,0.1060508515873133,0.030745442708333334,0.014658190835733985,512,15,8,breast_cancer_zz_r3_q2_s0,breast_cancer_zz_r3_q2_s0__y_random_s30.qasm,y,random,random,0,4,zz,2,3,vqc-zzfm-realamp,18,1,27,1,breast_cancer,0.8245614035087719,0.8654970760233918,-0.040935672514619825
0.5390787760416667,0.162829704490216,0.8024781639900991,0.11005923228782286,0.23021118355763612,0.14542824569377663,0.030745442708333334,0.014658190835733985,512,15,8,breast_cancer_zz_r3_q2_s0,breast_cancer_zz_r3_q2_s0__y_idle_s31.qasm,y,idle,idle,1,17,zz,2,3,vqc-zzfm-realamp,18,1,27,1,breast_cancer,0.8245614035087719,0.17543859649122806,0.6491228070175439
0.6893717447916666,0.2306512171389414,0.5846801482741599,0.2631834308790923,0.6566090859758044,0.5111807827125558,0.030745442708333334,0.014658190835733985,512,15,8,breast_cancer_zz_r3_q2_s0,breast_cancer_zz_r3_q2_s0__y_controlled_s32.qasm,y,controlled,interface,0,8,zz,2,3,vqc-zzfm-realamp,18,1,27,1,breast_cancer,0.8245614035087719,0.6023391812865497,0.2222222222222222
0.05968424479166667,0.03094413694696543,0.9935384030777032,0.005025770180346492,0.006495393989038239,0.0050693118000302816,0.030745442708333334,0.014658190835733985,512,15,8,breast_cancer_zz_r3_q2_s0,breast_cancer_zz_r3_q2_s0__z_random_s40.qasm,z,random,random,1,13,zz,2,3,vqc-zzfm-realamp,18,1,27,1,breast_cancer,0.8245614035087719,0.7953216374269005,0.0292397660818714
0.033610026041666664,0.017119850578705777,0.9983432684811127,0.001415627802084469,0.001659112240891683,0.001419558870110004,0.030745442708333334,0.014658190835733985,512,15,8,breast_cancer_zz_r3_q2_s0,breast_cancer_zz_r3_q2_s0__z_idle_s41.qasm,z,idle,idle,1,17,zz,2,3,vqc-zzfm-realamp,18,1,27,1,breast_cancer,0.8245614035087719,0.8245614035087719,0.0
0.6498860677083333,0.2512391844783888,0.6069564720944991,0.27154641147564035,0.6264611256375971,0.5347386110754682,0.030745442708333334,0.014658190835733985,512,15,8,breast_cancer_zz_r3_q2_s0,breast_cancer_zz_r3_q2_s0__z_controlled_s42.qasm,z,controlled,interface,0,8,zz,2,3,vqc-zzfm-realamp,18,1,27,1,breast_cancer,0.8245614035087719,0.4269005847953216,0.3976608187134503
0.4600911458333333,0.15653695438492357,0.8139733660780049,0.09516922632702186,0.21284740223368454,0.11946387041019019,0.038525390625,0.018006856566106535,512,15,8,breast_cancer_zz_r3_q2_s1,breast_cancer_zz_r3_q2_s1__h_random_s1000.qasm,h,random,random,0,8,zz,2,3,vqc-zzfm-realamp,18,1,27,1,breast_cancer,0.8187134502923976,0.5263157894736842,0.29239766081871343
0.5014811197916667,0.07042904649065367,0.7848117308049127,0.06050290263587251,0.24524679877005473,0.0764091397551766,0.038525390625,0.018006856566106535,512,15,8,breast_cancer_zz_r3_q2_s1,breast_cancer_zz_r3_q2_s1__h_idle_s1001.qasm,h,idle,idle,1,17,zz,2,3,vqc-zzfm-realamp,18,1,27,1,breast_cancer,0.8187134502923976,0.5321637426900585,0.2865497076023391
0.4600911458333333,0.15653695438492357,0.8139733660780049,0.09516922632702186,0.21284740223368454,0.11946387041019019,0.038525390625,0.018006856566106535,512,15,8,breast_cancer_zz_r3_q2_s1,breast_cancer_zz_r3_q2_s1__h_controlled_s1002.qasm,h,controlled,interface,0,8,zz,2,3,vqc-zzfm-realamp,18,1,27,1,breast_cancer,0.8187134502923976,0.5263157894736842,0.29239766081871343
0.2505859375,0.057735467400580914,0.9519420913199956,0.02156800061505354,0.04950857266131726,0.022712837028431167,0.038525390625,0.018006856566106535,512,15,8,breast_cancer_zz_r3_q2_s1,breast_cancer_zz_r3_q2_s1__t_random_s1010.qasm,t,random,random,1,1,zz,2,3,vqc-zzfm-realamp,18,1,27,1,breast_cancer,0.8187134502923976,0.6491228070175439,0.16959064327485374
0.12353515625,0.04287413381400383,0.9807059654821811,0.012059611208711145,0.019559106072897934,0.012407558422813365,0.038525390625,0.018006856566106535,512,15,8,breast_cancer_zz_r3_q2_s1,breast_cancer_zz_r3_q2_s1__t_idle_s1011.qasm,t,idle,idle,0,7,zz,2,3,vqc-zzfm-realamp,18,0,27,1,breast_cancer,0.8187134502923976,0.672514619883041,0.14619883040935666
0.12353515625,0.04287413381400383,0.9807059654821811,0.012059611208711145,0.019559106072897934,0.012407558422813365,0.038525390625,0.018006856566106535,512,15,8,breast_cancer_zz_r3_q2_s1,breast_cancer_zz_r3_q2_s1__t_controlled_s1012.qasm,t,controlled,interface,0,8,zz,2,3,vqc-zzfm-realamp,18,1,27,1,breast_cancer,0.8187134502923976,0.672514619883041,0.14619883040935666
0.2867838541666667,0.17062484300270048,0.9118484727872432,0.09096501842864538,0.09765447054064383,0.10570320417418144,0.038525390625,0.018006856566106535,512,15,8,breast_cancer_zz_r3_q2_s1,breast_cancer_zz_r3_q2_s1__x_random_s1020.qasm,x,random,random,1,10,zz,2,3,vqc-zzfm-realamp,18,1,27,1,breast_cancer,0.8187134502923976,0.3157894736842105,0.5029239766081871
0.23680013020833332,0.16948128865982107,0.9375090360134387,0.05827852455464641,0.06649094908964462,0.0628831551806751,0.038525390625,0.018006856566106535,512,15,8,breast_cancer_zz_r3_q2_s1,breast_cancer_zz_r3_q2_s1__x_idle_s1021.qasm,x,idle,idle,0,7,zz,2,3,vqc-zzfm-realamp,18,0,27,1,breast_cancer,0.8187134502923976,0.5614035087719298,0.2573099415204678
0.28421223958333336,0.2197443545072838,0.9013371973551918,0.13039209735615345,0.11631663425744605,0.16482872820373537,0.038525390625,0.018006856566106535,512,15,8,breast_cancer_zz_r3_q2_s1,breast_cancer_zz_r3_q2_s1__x_controlled_s1022.qasm,x,controlled,interface,0,8,zz,2,3,vqc-zzfm-realamp,18,1,27,1,breast_cancer,0.8187134502923976,0.6374269005847953,0.18128654970760227
0.24778645833333332,0.21798848648076058,0.9131024127841604,0.14480265222328106,0.1078536250468466,0.19825809156792631,0.038525390625,0.018006856566106535,512,15,8,breast_cancer_zz_r3_q2_s1,breast_cancer_zz_r3_q2_s1__y_random_s1030.qasm,y,random,random,0,4,zz,2,3,vqc-zzfm-realamp,18,1,27,1,breast_cancer,0.8187134502923976,0.7953216374269005,0.023391812865497075
0.3253092447916667,0.18594355141474306,0.8831941436668682,0.09580157198653756,0.1302913034134809,0.11121201173473318,0.038525390625,0.018006856566106535,512,15,8,breast_cancer_zz_r3_q2_s1,breast_cancer_zz_r3_q2_s1__y_idle_s1031.qasm,y,idle,idle,1,17,zz,2,3,vqc-zzfm-realamp,18,1,27,1,breast_cancer,0.8187134502923976,0.18128654970760233,0.6374269005847952
0.5047526041666667,0.17169730200134167,0.7868222278305737,0.10232554750853412,0.24783795705207845,0.12582364484128178,0.038525390625,0.018006856566106535,512,15,8,breast_cancer_zz_r3_q2_s1,breast_cancer_zz_r3_q2_s1__y_controlled_s1032.qasm,y,controlled,interface,0,8,zz,2,3,vqc-zzfm-realamp,18,1,27,1,breast_cancer,0.8187134502923976,0.5964912280701754,0.2222222222222222
0.053629557291666664,0.02163167989727932,0.9975521899473638,0.0016177484810563278,0.0024521270226773853,0.0016228286232434737,0.038525390625,0.018006856566106535,512,15,8,breast_cancer_zz_r3_q2_s1,breast_cancer_zz_r3_q2_s1__z_random_s1040.qasm,z,random,random,0,14,zz,2,3,vqc-zzfm-realamp,18,1,27,1,breast_cancer,0.8187134502923976,0.8128654970760234,0.005847953216374213
0.0408203125,0.018968789148264106,0.9984617465169422,0.0013196081227191763,0.0015403122871544086,0.0013229008718375205,0.038525390625,0.018006856566106535,512,15,8,breast_cancer_zz_r3_q2_s1,breast_cancer_zz_r3_q2_s1__z_idle_s1041.qasm,z,idle,idle,1,17,zz,2,3,vqc-zzfm-realamp,18,1,27,1,breast_cancer,0.8187134502923976,0.8187134502923976,0.0
0.5486653645833334,0.1642703883734115,0.7701604070036459,0.10887367507356105,0.27095367181241686,0.13931505816110668,0.038525390625,0.018006856566106535,512,15,8,breast_cancer_zz_r3_q2_s1,breast_cancer_zz_r3_q2_s1__z_controlled_s1042.qasm,z,controlled,interface,0,8,zz,2,3,vqc-zzfm-realamp,18,1,27,1,breast_cancer,0.8187134502923976,0.5906432748538012,0.22807017543859642
0.27838541666666666,0.23594107495337033,0.9065181065704704,0.1294497806570664,0.1100681848390645,0.16062451561955424,0.037923177083333336,0.01857109905598015,512,15,8,breast_cancer_zz_r3_q2_s2,breast_cancer_zz_r3_q2_s2__h_random_s2000.qasm,h,random,random,0,9,zz,2,3,vqc-zzfm-realamp,18,1,27,1,breast_cancer,0.847953216374269,0.5029239766081871,0.3450292397660819
0.4095377604166667,0.0968025784526524,0.8802621827544966,0.04984281163288993,0.1291370942158293,0.05659519168192244,0.037923177083333336,0.01857109905598015,512,15,8,breast_cancer_zz_r3_q2_s2,breast_cancer_zz_r3_q2_s2__h_idle_s2001.qasm,h,idle,idle,0,3,zz,2,3,vqc-zzfm-realamp,18,0,27,1,breast_cancer,0.847953216374269,0.5847953216374269,0.26315789473684215
0.2732421875,0.09044339630161127,0.9320602516482928,0.0340462304646605,0.07102716992223312,0.036620163319205215,0.037923177083333336,0.01857109905598015,512,15,8,breast_cancer_zz_r3_q2_s2,breast_cancer_zz_r3_q2_s2__h_controlled_s2002.qasm,h,controlled,interface,0,8,zz,2,3,vqc-zzfm-realamp,18,1,27,1,breast_cancer,0.847953216374269,0.7017543859649122,0.14619883040935677
0.12058919270833333,0.060251345203062634,0.9807045407204614,0.01781892573075373,0.019651517892360606,0.018368273938923537,0.037923177083333336,0.01857109905598015,512,15,8,breast_cancer_zz_r3_q2_s2,breast_cancer_zz_r3_q2_s2__t_random_s2010.qasm,t,random,random,1,4,zz,2,3,vqc-zzfm-realamp,18,1,27,1,breast_cancer,0.847953216374269,0.847953216374269,0.0
0.035660807291666666,0.019766641154280822,0.9985315829424903,0.0014552359054513793,0.0014705601838281921,0.0014594068016395708,0.037923177083333336,0.01857109905598015,512,15,8,breast_cancer_zz_r3_q2_s2,breast_cancer_zz_r3_q2_s2__t_idle_s2011.qasm,t,idle,idle,0,15,zz,2,3,vqc-zzfm-realamp,18,1,27,1,breast_cancer,0.847953216374269,0.847953216374269,0.0
0.08409830729166666,0.049434577526503966,0.9928870043638376,0.007486426382494199,0.007167112189891896,0.007594203696436017,0.037923177083333336,0.01857109905598015,512,15,8,breast_cancer_zz_r3_q2_s2,breast_cancer_zz_r3_q2_s2__t_controlled_s2012.qasm,t,controlled,interface,0,8,zz,2,3,vqc-zzfm-realamp,18,1,27,1,breast_cancer,0.847953216374269,0.6783625730994152,0.16959064327485385
0.3135904947916667,0.25193026127604023,0.8614759930368056,0.17439335332528522,0.17538857313037554,0.24446527325026282,0.037923177083333336,0.01857109905598015,512,15,8,breast_cancer_zz_r3_q2_s2,breast_cancer_zz_r3_q2_s2__x_random_s2020.qasm,x,random,random,0,7,zz,2,3,vqc-zzfm-realamp,18,0,27,1,breast_cancer,0.847953216374269,0.6023391812865497,0.24561403508771928
0.5090983072916667,0.23965945983205997,0.7698875453090362,0.22985285445518366,0.3421318632845464,0.46854036392523535,0.037923177083333336,0.01857109905598015,512,15,8,breast_cancer_zz_r3_q2_s2,breast_cancer_zz_r3_q2_s2__x_idle_s2021.qasm,x,idle,idle,0,15,zz,2,3,vqc-zzfm-realamp,18,1,27,1,breast_cancer,0.847953216374269,0.15204678362573099,0.695906432748538
0.3042805989583333,0.24540711810151697,0.8874656933812789,0.15012352799060963,0.13707287810006108,0.19849689068179724,0.037923177083333336,0.01857109905598015,512,15,8,breast_cancer_zz_r3_q2_s2,breast_cancer_zz_r3_q2_s2__x_controlled_s2022.qasm,x,controlled,interface,0,8,zz,2,3,vqc-zzfm-realamp,18,1,27,1,breast_cancer,0.847953216374269,0.49707602339181284,0.3508771929824562
0.5472005208333334,0.10499639030589478,0.7571040102160062,0.08937050666788544,0.2858595582913613,0.12615202002144957,0.037923177083333336,0.01857109905598015,512,15,8,breast_cancer_zz_r3_q2_s2,breast_cancer_zz_r3_q2_s2__y_random_s2030.qasm,y,random,random,0,6,zz,2,3,vqc-zzfm-realamp,18,1,27,1,breast_cancer,0.847953216374269,0.6081871345029239,0.23976608187134507
0.4287109375,0.16204366922681948,0.8740237105853595,0.07304864907988957,0.13825920000789324,0.08577593315584892,0.037923177083333336,0.01857109905598015,512,15,8,breast_cancer_zz_r3_q2_s2,breast_cancer_zz_r3_q2_s2__y_idle_s2031.qasm,y,idle,idle,1,17,zz,2,3,vqc-zzfm-realamp,18,1,27,1,breast_cancer,0.847953216374269,0.15204678362573099,0.695906432748538
0.6044759114583333,0.08700727819397225,0.7348203138499181,0.07538220884763028,0.3138410565734022,0.10924962474802397,0.037923177083333336,0.01857109905598015,512,15,8,breast_cancer_zz_r3_q2_s2,breast_cancer_zz_r3_q2_s2__y_controlled_s2032.qasm,y,controlled,interface,0,8,zz,2,3,vqc-zzfm-realamp,18,1,27,1,breast_cancer,0.847953216374269,0.5614035087719298,0.2865497076023392
0.34033203125,0.12216825497901455,0.9014650157354567,0.046780653862885546,0.10507735003651171,0.05180799509879263,0.037923177083333336,0.01857109905598015,512,15,8,breast_cancer_zz_r3_q2_s2,breast_cancer_zz_r3_q2_s2__z_random_s2040.qasm,z,random,random,1,13,zz,2,3,vqc-zzfm-realamp,18,1,27,1,breast_cancer,0.847953216374269,0.45614035087719296,0.39181286549707606
0.035660807291666666,0.019766641154280822,0.9985315829424903,0.0014552359054513793,0.0014705601838281921,0.0014594068016395708,0.037923177083333336,0.01857109905598015,512,15,8,breast_cancer_zz_r3_q2_s2,breast_cancer_zz_r3_q2_s2__z_idle_s2041.qasm,z,idle,idle,1,17,zz,2,3,vqc-zzfm-realamp,18,1,27,1,breast_cancer,0.847953216374269,0.847953216374269,0.0
0.42205403645833334,0.20183525392294244,0.8208766598038745,0.12240561266010841,0.20865035360490966,0.15063990187051657,0.037923177083333336,0.01857109905598015,512,15,8,breast_cancer_zz_r3_q2_s2,breast_cancer_zz_r3_q2_s2__z_controlled_s2042.qasm,z,controlled,interface,0,8,zz,2,3,vqc-zzfm-realamp,18,1,27,1,breast_cancer,0.847953216374269,0.5672514619883041,0.2807017543859649
0.4486490885416667,0.07659778257756619,0.8124674259748214,0.0592830411400688,0.210365279270071,0.07348015718204227,0.077783203125,0.01575197128796225,512,15,8,breast_cancer_zz_r3_q4_s0,breast_cancer_zz_r3_q4_s0__h_random_s0.qasm,h,random,random,3,12,zz,4,3,vqc-zzfm-realamp,31,0,63,1,breast_cancer,0.6783625730994152,0.6374269005847953,0.040935672514619825
0.3754069010416667,0.15243280313042168,0.854729523599013,0.10033144036025807,0.164686394312143,0.12799689347953472,0.077783203125,0.01575197128796225,512,15,8,breast_cancer_zz_r3_q4_s0,breast_cancer_zz_r3_q4_s0__h_idle_s1.qasm,h,idle,idle,0,9,zz,4,3,vqc-zzfm-realamp,31,0,63,1,breast_cancer,0.6783625730994152,0.49122807017543857,0.1871345029239766
0.40652669270833336,0.11465672656711384,0.8242500041949575,0.08128491328395133,0.1983648601820286,0.10200738265450499,0.077783203125,0.01575197128796225,512,15,8,breast_cancer_zz_r3_q4_s0,breast_cancer_zz_r3_q4_s0__h_controlled_s2.qasm,h,controlled,interface,0,8,zz,4,3,vqc-zzfm-realamp,31,0,63,1,breast_cancer,0.6783625730994152,0.47368421052631576,0.2046783625730994
0.07815755208333333,0.018833539438385852,0.9923393673214134,0.002888914109238889,0.007694366989662011,0.0029129452066356436,0.077783203125,0.01575197128796225,512,15,8,breast_cancer_zz_r3_q4_s0,breast_cancer_zz_r3_q4_s0__t_random_s10.qasm,t,random,random,3,18,zz,4,3,vqc-zzfm-realamp,31,0,63,1,breast_cancer,0.6783625730994152,0.6783625730994152,0.0
0.223779296875,0.048584458749777897,0.9521047785353512,0.013922247900983231,0.049187734449069515,0.014688020853149693,0.077783203125,0.01575197128796225,512,15,8,breast_cancer_zz_r3_q4_s0,breast_cancer_zz_r3_q4_s0__t_idle_s11.qasm,t,idle,idle,3,2,zz,4,3,vqc-zzfm-realamp,31,0,63,1,breast_cancer,0.6783625730994152,0.7076023391812866,-0.0292397660818714
0.15738932291666666,0.040330638763962895,0.9701996169981586,0.008905271932781957,0.030295718018722727,0.009204241489496024,0.077783203125,0.01575197128796225,512,15,8,breast_cancer_zz_r3_q4_s0,breast_cancer_zz_r3_q4_s0__t_controlled_s12.qasm,t,controlled,interface,0,8,zz,4,3,vqc-zzfm-realamp,31,0,63,1,breast_cancer,0.6783625730994152,0.6491228070175439,0.029239766081871288
0.548388671875,0.10727631665887671,0.7300783119371703,0.10129624516311787,0.3248809980316839,0.14582426072030275,0.077783203125,0.01575197128796225,512,15,8,breast_cancer_zz_r3_q4_s0,breast_cancer_zz_r3_q4_s0__x_random_s20.qasm,x,random,random,3,5,zz,4,3,vqc-zzfm-realamp,31,0,63,1,breast_cancer,0.6783625730994152,0.5087719298245614,0.16959064327485374
0.5279622395833333,0.09732038053784593,0.7541124651956342,0.08707504241570692,0.28898559059675427,0.11690820131068065,0.077783203125,0.01575197128796225,512,15,8,breast_cancer_zz_r3_q4_s0,breast_cancer_zz_r3_q4_s0__x_idle_s21.qasm,x,idle,idle,2,6,zz,4,3,vqc-zzfm-realamp,31,0,63,1,breast_cancer,0.6783625730994152,0.631578947368421,0.04678362573099415
0.3767903645833333,0.14641916589661091,0.8542096199807762,0.09643772764905441,0.16466667814948438,0.12244664737150882,0.077783203125,0.01575197128796225,512,15,8,breast_cancer_zz_r3_q4_s0,breast_cancer_zz_r3_q4_s0__x_controlled_s22.qasm,x,controlled,interface,0,8,zz,4,3,vqc-zzfm-realamp,31,0,63,1,breast_cancer,0.6783625730994152,0.4853801169590643,0.19298245614035087
0.39739583333333334,0.12676090549534927,0.8425506648382703,0.09779048768692657,0.17889922034634462,0.12696365438844304,0.077783203125,0.01575197128796225,512,15,8,breast_cancer_zz_r3_q4_s0,breast_cancer_zz_r3_q4_s0__y_random_s30.qasm,y,random,random,0,4,zz,4,3,vqc-zzfm-realamp,31,0,63,1,breast_cancer,0.6783625730994152,0.6081871345029239,0.07017543859649122
0.5027669270833334,0.12929544489678854,0.7669863906846549,0.10073262827038967,0.27445916531331443,0.1376599852181876,0.077783203125,0.01575197128796225,512,15,8,breast_cancer_zz_r3_q4_s0,breast_cancer_zz_r3_q4_s0__y_idle_s31.qasm,y,idle,idle,0,9,zz,4,3,vqc-zzfm-realamp,31,0,63,1,breast_cancer,0.6783625730994152,0.543859649122807,0.13450292397660812
0.5027669270833334,0.12929544489678854,0.7669863906846549,0.10073262827038967,0.27445916531331443,0.1376599852181876,0.077783203125,0.01575197128796225,512,15,8,breast_cancer_zz_r3_q4_s0,breast_cancer_zz_r3_q4_s0__y_controlled_s32.qasm,y,controlled,interface,0,8,zz,4,3,vqc-zzfm-realamp,31,0,63,1,breast_cancer,0.6783625730994152,0.543859649122807,0.13450292397660812
0.56572265625,0.10667193538846034,0.7227779692539416,0.0926357227247736,0.3332289040014865,0.1325673631872509,0.077783203125,0.01575197128796225,512,15,8,breast_cancer_zz_r3_q4_s0,breast_cancer_zz_r3_q4_s0__z_random_s40.qasm,z,random,random,2,18,zz,4,3,vqc-zzfm-realamp,31,1,63,1,breast_cancer,0.6783625730994152,0.4444444444444444,0.23391812865497075
0.38868815104166665,0.10541282269853801,0.8450901378496591,0.056839672122593735,0.1705840836093022,0.06751023339154438,0.077783203125,0.01575197128796225,512,15,8,breast_cancer_zz_r3_q4_s0,breast_cancer_zz_r3_q4_s0__z_idle_s41.qasm,z,idle,idle,1,15,zz,4,3,vqc-zzfm-realamp,31,0,63,1,breast_cancer,0.6783625730994152,0.4269005847953216,0.25146198830409355
0.40213216145833336,0.11843675378873589,0.8384486549107846,0.07299157821763123,0.18006688881481706,0.08836640695227076,0.077783203125,0.01575197128796225,512,15,8,breast_cancer_zz_r3_q4_s0,breast_cancer_zz_r3_q4_s0__z_controlled_s42.qasm,z,controlled,interface,0,8,zz,4,3,vqc-zzfm-realamp,31,0,63,1,breast_cancer,0.6783625730994152,0.6140350877192983,0.0643274853801169
0.44583333333333336,0.08713897825487887,0.825577889666714,0.08124439890875161,0.19715974619041216,0.10817044619203603,0.07906901041666667,0.01879298616162384,512,15,8,breast_cancer_zz_r3_q4_s1,breast_cancer_zz_r3_q4_s1__h_random_s1000.qasm,h,random,random,0,8,zz,4,3,vqc-zzfm-realamp,31,0,63,1,breast_cancer,0.6374269005847953,0.6023391812865497,0.03508771929824561
0.33152669270833335,0.1251465245941107,0.8796586276451233,0.06519203035580555,0.13098475197417023,0.07446302915362477,0.07906901041666667,0.01879298616162384,512,15,8,breast_cancer_zz_r3_q4_s1,breast_cancer_zz_r3_q4_s1__h_idle_s1001.qasm,h,idle,idle,3,17,zz,4,3,vqc-zzfm-realamp,31,0,63,1,breast_cancer,0.6374269005847953,0.47953216374269003,0.1578947368421053
0.44583333333333336,0.08713897825487887,0.825577889666714,0.08124439890875161,0.19715974619041216,0.10817044619203603,0.07906901041666667,0.01879298616162384,512,15,8,breast_cancer_zz_r3_q4_s1,breast_cancer_zz_r3_q4_s1__h_controlled_s1002.qasm,h,controlled,interface,0,8,zz,4,3,vqc-zzfm-realamp,31,0,63,1,breast_cancer,0.6374269005847953,0.6023391812865497,0.03508771929824561
0.23084309895833333,0.03643184244398373,0.9428482927159091,0.013038121092543079,0.05894573022550251,0.013853817091292431,0.07906901041666667,0.01879298616162384,512,15,8,breast_cancer_zz_r3_q4_s1,breast_cancer_zz_r3_q4_s1__t_random_s1010.qasm,t,random,random,2,2,zz,4,3,vqc-zzfm-realamp,31,0,63,1,breast_cancer,0.6374269005847953,0.5730994152046783,0.06432748538011701
0.18972981770833333,0.03723875458335367,0.9604514219391401,0.011549224785006503,0.04042465941012332,0.0120857812809161,0.07906901041666667,0.01879298616162384,512,15,8,breast_cancer_zz_r3_q4_s1,breast_cancer_zz_r3_q4_s1__t_idle_s1011.qasm,t,idle,idle,0,6,zz,4,3,vqc-zzfm-realamp,31,0,63,1,breast_cancer,0.6374269005847953,0.631578947368421,0.005847953216374324
0.18972981770833333,0.03723875458335367,0.9604514219391401,0.011549224785006503,0.04042465941012332,0.0120857812809161,0.07906901041666667,0.01879298616162384,512,15,8,breast_cancer_zz_r3_q4_s1,breast_cancer_zz_r3_q4_s1__t_controlled_s1012.qasm,t,controlled,interface,0,8,zz,4,3,vqc-zzfm-realamp,31,0,63,1,breast_cancer,0.6374269005847953,0.631578947368421,0.005847953216374324
0.353857421875,0.08123398158310849,0.8782040162326337,0.043670199554901326,0.13113280724472468,0.05033438223755661,0.07906901041666667,0.01879298616162384,512,15,8,breast_cancer_zz_r3_q4_s1,breast_cancer_zz_r3_q4_s1__x_random_s1020.qasm,x,random,random,3,10,zz,4,3,vqc-zzfm-realamp,31,1,63,1,breast_cancer,0.6374269005847953,0.4619883040935672,0.17543859649122812
0.4459635416666667,0.0784872515154205,0.8113549373803616,0.06562203881594604,0.21234264390043264,0.08136158883128217,0.07906901041666667,0.01879298616162384,512,15,8,breast_cancer_zz_r3_q4_s1,breast_cancer_zz_r3_q4_s1__x_idle_s1021.qasm,x,idle,idle,1,6,zz,4,3,vqc-zzfm-realamp,31,0,63,1,breast_cancer,0.6374269005847953,0.4619883040935672,0.17543859649122812
0.42776692708333336,0.17839153195779386,0.8085990271853309,0.12796797770211538,0.22627819255374976,0.17078840530873596,0.07906901041666667,0.01879298616162384,512,15,8,breast_cancer_zz_r3_q4_s1,breast_cancer_zz_r3_q4_s1__x_controlled_s1022.qasm,x,controlled,interface,0,8,zz,4,3,vqc-zzfm-realamp,31,0,63,1,breast_cancer,0.6374269005847953,0.36257309941520466,0.2748538011695907
0.529248046875,0.12680065526241424,0.7364351830523358,0.12020050104268783,0.3214891226771273,0.183481703575642,0.07906901041666667,0.01879298616162384,512,15,8,breast_cancer_zz_r3_q4_s1,breast_cancer_zz_r3_q4_s1__y_random_s1030.qasm,y,random,random,1,6,zz,4,3,vqc-zzfm-realamp,31,0,63,1,breast_cancer,0.6374269005847953,0.49707602339181284,0.1403508771929825
0.4632161458333333,0.08570203794541273,0.7903051425440359,0.051607259170083845,0.23752176606593178,0.06655405212830723,0.07906901041666667,0.01879298616162384,512,15,8,breast_cancer_zz_r3_q4_s1,breast_cancer_zz_r3_q4_s1__y_idle_s1031.qasm,y,idle,idle,3,17,zz,4,3,vqc-zzfm-realamp,31,0,63,1,breast_cancer,0.6374269005847953,0.36257309941520466,0.2748538011695907
0.5386393229166667,0.14623637499110012,0.7359272828094868,0.11557239941574375,0.31985229776588375,0.1657644333871355,0.07906901041666667,0.01879298616162384,512,15,8,breast_cancer_zz_r3_q4_s1,breast_cancer_zz_r3_q4_s1__y_controlled_s1032.qasm,y,controlled,interface,0,8,zz,4,3,vqc-zzfm-realamp,31,0,63,1,breast_cancer,0.6374269005847953,0.4093567251461988,0.22807017543859653
0.5833658854166667,0.14808500140640085,0.7030831242822889,0.13672643418272057,0.3732850921110329,0.2110735091036744,0.07906901041666667,0.01879298616162384,512,15,8,breast_cancer_zz_r3_q4_s1,breast_cancer_zz_r3_q4_s1__z_random_s1040.qasm,z,random,random,1,21,zz,4,3,vqc-zzfm-realamp,31,1,63,1,breast_cancer,0.6374269005847953,0.38011695906432746,0.2573099415204679
0.08357747395833333,0.01999275049640322,0.9917343914939839,0.003069929291390437,0.00830475611674261,0.0030988846419951308,0.07906901041666667,0.01879298616162384,512,15,8,breast_cancer_zz_r3_q4_s1,breast_cancer_zz_r3_q4_s1__z_idle_s1041.qasm,z,idle,idle,2,24,zz,4,3,vqc-zzfm-realamp,31,0,63,1,breast_cancer,0.6374269005847953,0.6374269005847953,0.0
0.526611328125,0.09831324005656782,0.7647676722008573,0.08522768057256223,0.2749955494145805,0.11962721414404669,0.07906901041666667,0.01879298616162384,512,15,8,breast_cancer_zz_r3_q4_s1,breast_cancer_zz_r3_q4_s1__z_controlled_s1042.qasm,z,controlled,interface,0,8,zz,4,3,vqc-zzfm-realamp,31,0,63,1,breast_cancer,0.6374269005847953,0.631578947368421,0.005847953216374324
0.3819986979166667,0.12963380327519647,0.8481393151053658,0.07003903537761245,0.16810973789200773,0.08240128693890997,0.07893880208333333,0.017649564274304568,512,15,8,breast_cancer_zz_r3_q4_s2,breast_cancer_zz_r3_q4_s2__h_random_s2000.qasm,h,random,random,0,9,zz,4,3,vqc-zzfm-realamp,31,0,63,1,breast_cancer,0.7777777777777778,0.4327485380116959,0.3450292397660819
0.50556640625,0.0820586240598316,0.790792713271718,0.06419923151770833,0.2381937073191517,0.08450820723501686,0.07893880208333333,0.017649564274304568,512,15,8,breast_cancer_zz_r3_q4_s2,breast_cancer_zz_r3_q4_s2__h_idle_s2001.qasm,h,idle,idle,2,2,zz,4,3,vqc-zzfm-realamp,31,0,63,1,breast_cancer,0.7777777777777778,0.47953216374269003,0.29824561403508776
0.4892578125,0.09312604319011625,0.7883979597988116,0.08165686245154231,0.24353483722056163,0.10963879643884016,0.07893880208333333,0.017649564274304568,512,15,8,breast_cancer_zz_r3_q4_s2,breast_cancer_zz_r3_q4_s2__h_controlled_s2002.qasm,h,controlled,interface,0,8,zz,4,3,vqc-zzfm-realamp,31,0,63,1,breast_cancer,0.7777777777777778,0.6666666666666666,0.11111111111111116
0.21204427083333333,0.05224851735357379,0.9576670682681213,0.012955583466262834,0.043346822110734144,0.013553533091748643,0.07893880208333333,0.017649564274304568,512,15,8,breast_cancer_zz_r3_q4_s2,breast_cancer_zz_r3_q4_s2__t_random_s2010.qasm,t,random,random,3,4,zz,4,3,vqc-zzfm-realamp,31,1,63,1,breast_cancer,0.7777777777777778,0.7543859649122807,0.023391812865497075
0.14358723958333333,0.0383421398495961,0.9762002613515695,0.00925241952815495,0.024132568658315045,0.009497782172769757,0.07893880208333333,0.017649564274304568,512,15,8,breast_cancer_zz_r3_q4_s2,breast_cancer_zz_r3_q4_s2__t_idle_s2011.qasm,t,idle,idle,3,13,zz,4,3,vqc-zzfm-realamp,31,0,63,1,breast_cancer,0.7777777777777778,0.8011695906432749,-0.023391812865497075
0.16136067708333332,0.05767188398099944,0.9656851679989747,0.02039008118032496,0.035142898049122316,0.021298109467419547,0.07893880208333333,0.017649564274304568,512,15,8,breast_cancer_zz_r3_q4_s2,breast_cancer_zz_r3_q4_s2__t_controlled_s2012.qasm,t,controlled,interface,0,8,zz,4,3,vqc-zzfm-realamp,31,0,63,1,breast_cancer,0.7777777777777778,0.7017543859649122,0.07602339181286555
0.402587890625,0.1838903857929248,0.8224656642915662,0.12217098504922562,0.2070772028445812,0.15461682529825863,0.07893880208333333,0.017649564274304568,512,15,8,breast_cancer_zz_r3_q4_s2,breast_cancer_zz_r3_q4_s2__x_random_s2020.qasm,x,random,random,0,7,zz,4,3,vqc-zzfm-realamp,31,0,63,1,breast_cancer,0.7777777777777778,0.52046783625731,0.2573099415204678
0.583349609375,0.12284963795297155,0.7091393096988713,0.10877379631634797,0.3559971332905719,0.15897758174161633,0.07893880208333333,0.017649564274304568,512,15,8,breast_cancer_zz_r3_q4_s2,breast_cancer_zz_r3_q4_s2__x_idle_s2021.qasm,x,idle,idle,0,13,zz,4,3,vqc-zzfm-realamp,31,0,63,1,breast_cancer,0.7777777777777778,0.6023391812865497,0.17543859649122806
0.3873372395833333,0.15755880546416365,0.842309577542652,0.08593905567916044,0.17681462364434572,0.10206707225859815,0.07893880208333333,0.017649564274304568,512,15,8,breast_cancer_zz_r3_q4_s2,breast_cancer_zz_r3_q4_s2__x_controlled_s2022.qasm,x,controlled,interface,0,8,zz,4,3,vqc-zzfm-realamp,31,0,63,1,breast_cancer,0.7777777777777778,0.49122807017543857,0.2865497076023392
0.5772786458333333,0.1416419063696483,0.7150221026753856,0.12361437723703562,0.35158671658714863,0.18348077415863567,0.07893880208333333,0.017649564274304568,512,15,8,breast_cancer_zz_r3_q4_s2,breast_cancer_zz_r3_q4_s2__y_random_s2030.qasm,y,random,random,0,6,zz,4,3,vqc-zzfm-realamp,31,0,63,1,breast_cancer,0.7777777777777778,0.5789473684210527,0.19883040935672514
0.6400390625,0.10875463483148995,0.6823902882848257,0.10334584828069097,0.39407122299201974,0.1560132929696723,0.07893880208333333,0.017649564274304568,512,15,8,breast_cancer_zz_r3_q4_s2,breast_cancer_zz_r3_q4_s2__y_idle_s2031.qasm,y,idle,idle,0,9,zz,4,3,vqc-zzfm-realamp,31,0,63,1,breast_cancer,0.7777777777777778,0.5029239766081871,0.2748538011695907
0.6400390625,0.10875463483148995,0.6823902882848257,0.10334584828069097,0.39407122299201974,0.1560132929696723,0.07893880208333333,0.017649564274304568,512,15,8,breast_cancer_zz_r3_q4_s2,breast_cancer_zz_r3_q4_s2__y_controlled_s2032.qasm,y,controlled,interface,0,8,zz,4,3,vqc-zzfm-realamp,31,0,63,1,breast_cancer,0.7777777777777778,0.5029239766081871,0.2748538011695907
0.4959635416666667,0.10852702505163477,0.7640815425117513,0.08119494681215739,0.27461903774470703,0.10479743016901072,0.07893880208333333,0.017649564274304568,512,15,8,breast_cancer_zz_r3_q4_s2,breast_cancer_zz_r3_q4_s2__z_random_s2040.qasm,z,random,random,2,17,zz,4,3,vqc-zzfm-realamp,31,1,63,1,breast_cancer,0.7777777777777778,0.6432748538011696,0.13450292397660824
0.473583984375,0.10553291911848965,0.7883665718236048,0.09784225079730784,0.2460452559064688,0.13078687818487486,0.07893880208333333,0.017649564274304568,512,15,8,breast_cancer_zz_r3_q4_s2,breast_cancer_zz_r3_q4_s2__z_idle_s2041.qasm,z,idle,idle,1,15,zz,4,3,vqc-zzfm-realamp,31,0,63,1,breast_cancer,0.7777777777777778,0.7251461988304093,0.052631578947368474
0.49025065104166665,0.20205492626191598,0.7641453965429447,0.14499654349947252,0.28752912489014776,0.19418640546562113,0.07893880208333333,0.017649564274304568,512,15,8,breast_cancer_zz_r3_q4_s2,breast_cancer_zz_r3_q4_s2__z_controlled_s2042.qasm,z,controlled,interface,0,8,zz,4,3,vqc-zzfm-realamp,31,0,63,1,breast_cancer,0.7777777777777778,0.6608187134502924,0.11695906432748537
